Latitude,Longitude,Sample Date,aet,def,q
-28.760833,17.730278,02-01-2011,31.1,143.1,1.6
-26.861111,28.884722,03-01-2011,53.8,70.3,2.6
-26.45,28.085833,03-01-2011,60.8,66.700005,3.1
-27.671111,27.236944,03-01-2011,83.200005,46.5,4.2
-27.356667,27.286389,03-01-2011,77.3,51.9,3.9000000000000004
-27.01011111,26.69808333,04-01-2011,98.6,0.0,5.300000000000001
-25.127778,27.628889,04-01-2011,105.5,0.0,6.800000000000001
-25.20639,27.558,04-01-2011,103.700005,0.0,7.2
-24.69514,27.40906,04-01-2011,111.8,0.0,7.1000000000000005
-26.98472222,26.63227778,04-01-2011,98.200005,0.0,5.5
-28.141944,26.417778,04-01-2011,87.700005,6.1,4.5
-27.398611,26.614722,04-01-2011,92.700005,8.2,4.9
-33.501667,21.624167,04-01-2011,15.5,84.700005,0.8
-32.502778,19.535833,04-01-2011,15.400001,104.5,0.8
-25.45963889,28.26430556,04-01-2011,103.6,0.0,7.1000000000000005
-27.495556,26.074722,04-01-2011,94.5,5.2000003,5.0
-26.648056,27.089444,05-01-2011,70.5,13.0,3.2
-26.970278,27.211111,05-01-2011,72.5,9.6,3.3000000000000003
-27.38972222,26.46388889,05-01-2011,83.200005,0.0,4.9
-27.044444,27.005,05-01-2011,75.6,6.8,3.7
-30.830556,26.921389,06-01-2011,53.100002,3.9,2.7
-27.00222,28.76528,06-01-2011,37.100002,32.9,1.3
-27.02314,28.59389,06-01-2011,32.600002,39.8,1.3
-30.679722,26.7125,06-01-2011,44.4,15.400001,2.2
-30.160091,27.40124,06-01-2011,54.0,3.4,2.7
-32.595833,19.009444,06-01-2011,52.7,0.0,3.7
-25.99136,27.84208,10-01-2011,46.7,126.5,2.4000000000000004
-26.73806,27.59194,10-01-2011,38.5,140.90001,2.0
-26.45,28.085833,10-01-2011,43.9,129.0,2.3000000000000003
-30.86013889,29.07125,10-01-2011,30.1,107.9,1.4000000000000001
-27.356667,27.286389,10-01-2011,30.5,155.3,1.6
-27.01011111,26.69808333,11-01-2011,42.3,149.40001,2.2
-25.73411,27.21422,11-01-2011,54.2,128.3,2.8000000000000003
-26.98472222,26.63227778,11-01-2011,42.4,149.6,2.2
-27.398611,26.614722,11-01-2011,43.2,154.2,2.3000000000000003
-27.671111,27.236944,11-01-2011,40.5,151.6,2.1
-29.160278,26.573333,11-01-2011,28.4,170.7,1.5
-34.250556,20.9925,11-01-2011,52.8,87.4,2.6
-25.45963889,28.26430556,11-01-2011,52.2,130.6,2.7
-25.81048333,27.90955222,12-01-2011,96.1,68.0,5.0
-27.273889,28.49,12-01-2011,100.1,64.200005,5.2
-27.4275,28.525833,12-01-2011,102.8,60.8,5.4
-28.883333,27.89,12-01-2011,101.0,63.2,5.300000000000001
-27.00222,28.76528,13-01-2011,91.200005,70.4,4.800000000000001
-27.02314,28.59389,13-01-2011,93.3,69.8,4.9
-30.534167,24.961944,13-01-2011,42.600002,162.40001,2.2
-28.460833,21.248889,13-01-2011,49.600002,195.1,2.6
-29.658056,25.973333,14-01-2011,67.700005,119.200005,3.6
-28.760833,17.730278,16-01-2011,1.2,256.30002,0.1
-25.513889,31.224444,17-01-2011,102.200005,47.2,5.300000000000001
-26.861111,28.884722,17-01-2011,85.200005,75.8,4.5
-31.554722,29.245556,17-01-2011,115.3,8.400001,5.300000000000001
-28.058889,30.373611,17-01-2011,95.0,63.0,5.0
-25.127778,27.628889,18-01-2011,107.1,62.2,5.6000000000000005
-25.20639,27.558,18-01-2011,108.0,62.0,5.6000000000000005
-24.69514,27.40906,18-01-2011,115.6,57.3,6.0
-25.681111,31.783333,18-01-2011,63.100002,86.1,3.3000000000000003
-27.802778,28.768333,18-01-2011,102.8,56.3,5.4
-27.398611,26.614722,18-01-2011,80.9,111.0,4.2
-31.104278,29.399722,18-01-2011,115.700005,18.4,5.1000000000000005
-31.396,29.2651,18-01-2011,119.5,15.0,4.9
-33.38056,19.30167,18-01-2011,14.400001,179.90001,0.7000000000000001
-33.31388889,19.07472222,18-01-2011,15.1,190.8,0.7000000000000001
-27.495556,26.074722,18-01-2011,76.3,117.9,4.0
-24.39619444,27.08983333,19-01-2011,92.6,76.6,4.800000000000001
-26.970278,27.211111,19-01-2011,91.8,82.1,4.800000000000001
-26.880278,26.965,19-01-2011,89.6,85.9,4.7
-27.273889,28.49,19-01-2011,100.1,64.200005,5.2
-27.3,28.586944,19-01-2011,99.1,64.3,5.2
-27.044444,27.005,19-01-2011,89.200005,89.5,4.7
-30.568333,29.422778,19-01-2011,101.5,36.2,5.300000000000001
-30.570833,29.150556,19-01-2011,104.1,34.8,5.4
-34.031944,22.053333,19-01-2011,20.6,136.90001,1.0
-33.13083,18.86278,19-01-2011,12.7,194.40001,0.6000000000000001
-33.7075,18.97444444,19-01-2011,21.2,179.1,1.0
-25.57877778,29.12747222,19-01-2011,97.8,63.8,5.1000000000000005
-26.006389,29.253889,20-01-2011,92.3,59.7,4.800000000000001
-27.02314,28.59389,20-01-2011,93.3,69.8,4.9
-30.679722,26.7125,20-01-2011,64.9,116.0,3.4000000000000004
-28.460833,21.248889,20-01-2011,49.600002,195.1,2.6
-30.77586667,29.03221667,20-01-2011,100.200005,41.3,5.2
-24.925278,29.324444,21-01-2011,104.5,57.9,5.5
-28.460833,21.248889,21-01-2011,49.600002,195.1,2.6
-24.679167,30.8025,24-01-2011,141.7,1.6,7.4
-25.99136,27.84208,24-01-2011,94.200005,66.9,4.9
-25.49037,30.6986,24-01-2011,118.4,26.300001,6.1000000000000005
-26.970278,27.211111,24-01-2011,91.8,82.1,4.800000000000001
-27.671111,27.236944,24-01-2011,89.8,93.1,4.7
-27.356667,27.286389,24-01-2011,90.4,92.0,4.7
-27.01011111,26.69808333,25-01-2011,86.6,96.9,4.5
-26.98472222,26.63227778,25-01-2011,87.4,94.0,4.6000000000000005
-27.398611,26.614722,25-01-2011,80.9,111.0,4.2
-33.818056,19.694722,25-01-2011,12.900001,188.90001,0.6000000000000001
-25.45963889,28.26430556,25-01-2011,100.0,64.5,5.2
-33.897778,20.012778,25-01-2011,11.3,184.8,0.5
-25.81048333,27.90955222,26-01-2011,96.1,68.0,5.0
-34.065833,20.404167,26-01-2011,13.2,166.1,0.6000000000000001
-24.058889,31.237222,26-01-2011,60.100002,94.5,3.2
-26.648056,27.089444,26-01-2011,89.6,81.3,4.7
-26.880278,26.965,26-01-2011,89.6,85.9,4.7
-27.273889,28.49,26-01-2011,100.1,64.200005,5.2
-27.044444,27.005,26-01-2011,89.200005,89.5,4.7
-34.092222,21.295278,26-01-2011,16.9,156.2,0.8
-27.02314,28.59389,27-01-2011,93.3,69.8,4.9
-26.73806,27.59194,27-01-2011,92.0,76.1,4.800000000000001
-28.760833,17.730278,30-01-2011,1.2,256.30002,0.1
-26.861111,28.884722,31-01-2011,85.200005,75.8,4.5
-26.73806,27.59194,31-01-2011,92.0,76.1,4.800000000000001
-25.127778,27.628889,01-02-2011,107.1,62.2,5.6000000000000005
-24.69514,27.40906,01-02-2011,115.6,57.3,6.0
-27.363611,31.783333,01-02-2011,72.3,82.1,3.8000000000000003
-27.802778,28.768333,01-02-2011,102.8,56.3,5.4
-29.160278,26.573333,01-02-2011,80.4,109.700005,4.2
-34.329722,18.990278,01-02-2011,27.2,131.0,1.2000000000000002
-25.20639,27.558,02-02-2011,108.0,62.0,5.6000000000000005
-23.281,30.54305556,03-02-2011,95.0,59.4,5.0
-28.801278,31.955389,03-02-2011,87.6,62.600002,4.5
-27.00222,28.76528,03-02-2011,91.200005,70.4,4.800000000000001
-27.02314,28.59389,03-02-2011,93.3,69.8,4.9
-27.3,28.586944,03-02-2011,99.1,64.3,5.2
-30.679722,26.7125,03-02-2011,64.9,116.0,3.4000000000000004
-28.460833,21.248889,03-02-2011,49.600002,195.1,2.6
-28.460833,21.248889,04-02-2011,49.600002,195.1,2.6
-29.140556,31.391944,07-02-2011,103.6,39.9,5.4
-25.99136,27.84208,07-02-2011,94.200005,66.9,4.9
-24.058889,31.237222,07-02-2011,60.100002,94.5,3.2
-26.73806,27.59194,07-02-2011,92.0,76.1,4.800000000000001
-30.86013889,29.07125,07-02-2011,97.700005,42.9,5.1000000000000005
-27.356667,27.286389,07-02-2011,90.4,92.0,4.7
-28.058889,30.373611,07-02-2011,95.0,63.0,5.0
-27.01011111,26.69808333,08-02-2011,86.6,96.9,4.5
-27.169444,29.233889,08-02-2011,86.0,71.3,4.5
-26.98472222,26.63227778,08-02-2011,87.4,94.0,4.6000000000000005
-27.398611,26.614722,08-02-2011,80.9,111.0,4.2
-27.573056,24.746389,08-02-2011,71.5,136.90001,3.8000000000000003
-33.501667,21.624167,08-02-2011,12.400001,176.7,0.7000000000000001
-32.502778,19.535833,08-02-2011,4.7000003,228.7,0.2
-25.45963889,28.26430556,08-02-2011,100.0,64.5,5.2
-26.970278,27.211111,09-02-2011,91.8,82.1,4.800000000000001
-27.273889,28.49,09-02-2011,100.1,64.200005,5.2
-28.69485,28.23487,09-02-2011,98.6,62.100002,5.2
-28.883333,27.89,09-02-2011,101.0,63.2,5.300000000000001
-27.02314,28.59389,10-02-2011,93.3,69.8,4.9
-30.679722,26.7125,10-02-2011,64.9,116.0,3.4000000000000004
-30.534167,24.961944,10-02-2011,42.600002,162.40001,2.2
-34.031944,22.053333,10-02-2011,20.6,136.90001,1.0
-34.039722,22.133333,10-02-2011,21.6,134.40001,1.1
-32.595833,19.009444,10-02-2011,7.6,210.90001,0.4
-28.801278,31.955389,11-02-2011,87.6,62.600002,4.5
-29.658056,25.973333,11-02-2011,67.700005,119.200005,3.6
-28.068333,31.55,11-02-2011,73.5,85.6,3.9000000000000004
-28.760833,17.730278,13-02-2011,1.2,256.30002,0.1
-29.7775,29.470833,14-02-2011,138.3,0.0,7.4
-29.987778,29.851667,14-02-2011,122.4,13.6,6.4
-29.744167,29.905833,14-02-2011,121.1,20.5,6.300000000000001
-26.861111,28.884722,14-02-2011,85.200005,75.8,4.5
-26.45,28.085833,14-02-2011,86.0,76.5,4.5
-31.396,29.2651,14-02-2011,119.5,15.0,4.9
-25.20639,27.558,15-02-2011,108.0,62.0,5.6000000000000005
-24.69514,27.40906,15-02-2011,115.6,57.3,6.0
-26.006389,29.253889,15-02-2011,92.3,59.7,4.800000000000001
-27.802778,28.768333,15-02-2011,102.8,56.3,5.4
-27.398611,26.614722,15-02-2011,80.9,111.0,4.2
-27.671111,27.236944,15-02-2011,89.8,93.1,4.7
-29.160278,26.573333,15-02-2011,80.4,109.700005,4.2
-30.568333,29.422778,15-02-2011,101.5,36.2,5.300000000000001
-30.570833,29.150556,15-02-2011,104.1,34.8,5.4
-33.38056,19.30167,15-02-2011,14.400001,179.90001,0.7000000000000001
-33.31388889,19.07472222,15-02-2011,15.1,190.8,0.7000000000000001
-27.495556,26.074722,15-02-2011,76.3,117.9,4.0
-25.436111,31.982222,16-02-2011,60.0,88.9,3.1
-24.39619444,27.08983333,16-02-2011,92.6,76.6,4.800000000000001
-25.67386,31.57527,16-02-2011,78.1,76.700005,4.1000000000000005
-30.733889,29.828333,16-02-2011,120.0,12.400001,5.7
-30.398056,30.601944,16-02-2011,127.0,7.7000003,6.300000000000001
-27.273889,28.49,16-02-2011,100.1,64.200005,5.2
-27.3,28.586944,16-02-2011,99.1,64.3,5.2
-27.044444,27.005,16-02-2011,89.200005,89.5,4.7
-30.86013889,29.07125,16-02-2011,97.700005,42.9,5.1000000000000005
-30.77586667,29.03221667,16-02-2011,100.200005,41.3,5.2
-33.13083,18.86278,16-02-2011,12.7,194.40001,0.6000000000000001
-24.925278,29.324444,17-02-2011,104.5,57.9,5.5
-27.00222,28.76528,17-02-2011,91.200005,70.4,4.800000000000001
-27.02314,28.59389,17-02-2011,93.3,69.8,4.9
-22.43772222,31.07805556,18-02-2011,106.700005,65.3,5.6000000000000005
-29.803611,30.516111,18-02-2011,116.5,17.7,6.0
-25.99136,27.84208,21-02-2011,94.200005,66.9,4.9
-26.861111,28.884722,21-02-2011,85.200005,75.8,4.5
-26.73806,27.59194,21-02-2011,92.0,76.1,4.800000000000001
-26.45,28.085833,21-02-2011,86.0,76.5,4.5
-27.01011111,26.69808333,22-02-2011,86.6,96.9,4.5
-27.169444,29.233889,22-02-2011,86.0,71.3,4.5
-26.98472222,26.63227778,22-02-2011,87.4,94.0,4.6000000000000005
-27.398611,26.614722,22-02-2011,80.9,111.0,4.2
-29.160278,26.573333,22-02-2011,80.4,109.700005,4.2
-33.818056,19.694722,22-02-2011,12.900001,188.90001,0.6000000000000001
-25.81048333,27.90955222,23-02-2011,96.1,68.0,5.0
-29.641944,30.6875,23-02-2011,107.1,32.600002,5.6000000000000005
-34.065833,20.404167,23-02-2011,13.2,166.1,0.6000000000000001
-33.980556,21.653333,23-02-2011,15.8,148.7,0.8
-22.769722,30.886944,23-02-2011,114.9,44.9,6.0
-27.00222,28.76528,23-02-2011,91.200005,70.4,4.800000000000001
-27.02314,28.59389,23-02-2011,93.3,69.8,4.9
-27.38972222,26.46388889,23-02-2011,79.8,113.5,4.2
-27.398611,26.614722,23-02-2011,80.9,111.0,4.2
-27.671111,27.236944,23-02-2011,89.8,93.1,4.7
-27.356667,27.286389,23-02-2011,90.4,92.0,4.7
-33.897778,20.012778,23-02-2011,11.3,184.8,0.5
-23.763056,27.908611,24-02-2011,104.1,52.2,5.5
-23.23572222,27.717,24-02-2011,77.9,84.1,4.1000000000000005
-28.44555556,32.325,24-02-2011,87.5,57.3,4.3
-30.679722,26.7125,24-02-2011,64.9,116.0,3.4000000000000004
-30.160091,27.40124,24-02-2011,80.700005,90.6,4.2
-30.336111,27.359444,24-02-2011,79.3,92.6,4.1000000000000005
-28.460833,21.248889,24-02-2011,49.600002,195.1,2.6
-22.91028,29.61111,25-02-2011,107.0,44.9,5.6000000000000005
-28.760833,17.730278,27-02-2011,1.2,256.30002,0.1
-24.183889,30.823889,01-03-2011,90.0,62.3,4.7
-27.398611,26.614722,01-03-2011,80.9,111.0,4.2
-27.671111,27.236944,01-03-2011,89.8,93.1,4.7
-29.160278,26.573333,01-03-2011,80.4,109.700005,4.2
-27.495556,26.074722,01-03-2011,76.3,117.9,4.0
-23.658056,31.05,02-03-2011,62.2,94.200005,3.3000000000000003
-26.648056,27.089444,02-03-2011,89.6,81.3,4.7
-27.802778,28.768333,02-03-2011,102.8,56.3,5.4
-24.679167,30.8025,03-03-2011,141.7,1.6,7.4
-27.273889,28.49,03-03-2011,100.1,64.200005,5.2
-27.3,28.586944,03-03-2011,99.1,64.3,5.2
-30.679722,26.7125,03-03-2011,64.9,116.0,3.4000000000000004
-27.02314,28.59389,04-03-2011,93.3,69.8,4.9
-25.99136,27.84208,07-03-2011,94.200005,66.9,4.9
-31.554722,29.245556,07-03-2011,115.3,8.400001,5.300000000000001
-27.01011111,26.69808333,08-03-2011,86.6,96.9,4.5
-27.802778,28.768333,08-03-2011,102.8,56.3,5.4
-26.98472222,26.63227778,08-03-2011,87.4,94.0,4.6000000000000005
-27.398611,26.614722,08-03-2011,80.9,111.0,4.2
-27.671111,27.236944,08-03-2011,89.8,93.1,4.7
-29.160278,26.573333,08-03-2011,80.4,109.700005,4.2
-31.396,29.2651,08-03-2011,119.5,15.0,4.9
-25.45963889,28.26430556,08-03-2011,100.0,64.5,5.2
-25.81048333,27.90955222,09-03-2011,96.1,68.0,5.0
-22.225556,29.990556,09-03-2011,74.8,89.3,3.9000000000000004
-26.03611,30.99778,09-03-2011,137.7,17.9,7.1000000000000005
-28.404444,30.013056,09-03-2011,95.0,65.6,5.0
-29.380556,30.2775,09-03-2011,112.8,22.1,5.9
-26.648056,27.089444,09-03-2011,89.6,81.3,4.7
-26.970278,27.211111,09-03-2011,91.8,82.1,4.800000000000001
-27.273889,28.49,09-03-2011,100.1,64.200005,5.2
-27.3,28.586944,09-03-2011,99.1,64.3,5.2
-27.044444,27.005,09-03-2011,89.200005,89.5,4.7
-28.69485,28.23487,09-03-2011,98.6,62.100002,5.2
-28.883333,27.89,09-03-2011,101.0,63.2,5.300000000000001
-30.568333,29.422778,09-03-2011,101.5,36.2,5.300000000000001
-30.570833,29.150556,09-03-2011,104.1,34.8,5.4
-34.329722,18.990278,09-03-2011,27.2,131.0,1.2000000000000002
-30.830556,26.921389,10-03-2011,65.8,110.1,3.4000000000000004
-25.49037,30.6986,10-03-2011,118.4,26.300001,6.1000000000000005
-29.380556,30.2775,10-03-2011,112.8,22.1,5.9
-30.86013889,29.07125,10-03-2011,97.700005,42.9,5.1000000000000005
-30.77586667,29.03221667,10-03-2011,100.200005,41.3,5.2
-29.658056,25.973333,11-03-2011,67.700005,119.200005,3.6
-30.534167,24.961944,11-03-2011,42.600002,162.40001,2.2
-31.031389,28.883333,11-03-2011,98.0,40.9,5.1000000000000005
-34.039722,22.133333,11-03-2011,21.6,134.40001,1.1
-28.760833,17.730278,13-03-2011,1.2,256.30002,0.1
-29.7775,29.470833,14-03-2011,138.3,0.0,7.4
-29.987778,29.851667,14-03-2011,122.4,13.6,6.4
-29.744167,29.905833,14-03-2011,121.1,20.5,6.300000000000001
-26.861111,28.884722,14-03-2011,85.200005,75.8,4.5
-26.73806,27.59194,14-03-2011,92.0,76.1,4.800000000000001
-26.45,28.085833,14-03-2011,86.0,76.5,4.5
-25.127778,27.628889,15-03-2011,107.1,62.2,5.6000000000000005
-25.20639,27.558,15-03-2011,108.0,62.0,5.6000000000000005
-24.69514,27.40906,15-03-2011,115.6,57.3,6.0
-25.73411,27.21422,15-03-2011,108.9,55.100002,5.7
-26.006389,29.253889,15-03-2011,92.3,59.7,4.800000000000001
-28.747778,31.745833,15-03-2011,93.6,59.3,4.9
-30.733889,29.828333,15-03-2011,120.0,12.400001,5.7
-27.398611,26.614722,15-03-2011,80.9,111.0,4.2
-27.495556,26.074722,15-03-2011,76.3,117.9,4.0
-24.282222,28.090278,16-03-2011,94.8,60.600002,4.9
-30.398056,30.601944,16-03-2011,127.0,7.7000003,6.300000000000001
-30.27402,30.69602,16-03-2011,124.4,10.0,6.2
-26.880278,26.965,16-03-2011,89.6,85.9,4.7
-27.273889,28.49,16-03-2011,100.1,64.200005,5.2
-34.031944,22.053333,16-03-2011,20.6,136.90001,1.0
-23.763056,27.908611,17-03-2011,104.1,52.2,5.5
-27.00222,28.76528,17-03-2011,91.200005,70.4,4.800000000000001
-27.02314,28.59389,17-03-2011,93.3,69.8,4.9
-24.925278,29.324444,18-03-2011,104.5,57.9,5.5
-29.803611,30.516111,18-03-2011,116.5,17.7,6.0
-26.970278,27.211111,21-03-2011,91.8,82.1,4.800000000000001
-27.01011111,26.69808333,22-03-2011,86.6,96.9,4.5
-25.99136,27.84208,22-03-2011,94.200005,66.9,4.9
-26.861111,28.884722,22-03-2011,85.200005,75.8,4.5
-26.45,28.085833,22-03-2011,86.0,76.5,4.5
-27.398611,26.614722,22-03-2011,80.9,111.0,4.2
-33.501667,21.624167,22-03-2011,12.400001,176.7,0.7000000000000001
-33.31388889,19.07472222,22-03-2011,15.1,190.8,0.7000000000000001
-28.338333,31.373611,22-03-2011,90.0,58.5,4.7
-29.641944,30.6875,23-03-2011,107.1,32.600002,5.6000000000000005
-28.735556,29.820556,23-03-2011,99.9,58.0,5.2
-26.648056,27.089444,23-03-2011,89.6,81.3,4.7
-27.044444,27.005,23-03-2011,89.200005,89.5,4.7
-29.160278,26.573333,23-03-2011,80.4,109.700005,4.2
-33.13083,18.86278,23-03-2011,12.7,194.40001,0.6000000000000001
-25.45963889,28.26430556,23-03-2011,100.0,64.5,5.2
-25.81048333,27.90955222,24-03-2011,96.1,68.0,5.0
-27.602222,29.942778,24-03-2011,94.1,71.700005,4.9
-27.3,28.586944,24-03-2011,99.1,64.3,5.2
-33.38056,19.30167,24-03-2011,14.400001,179.90001,0.7000000000000001
-27.00222,28.76528,25-03-2011,91.200005,70.4,4.800000000000001
-27.02314,28.59389,25-03-2011,93.3,69.8,4.9
-30.160091,27.40124,25-03-2011,80.700005,90.6,4.2
-30.336111,27.359444,25-03-2011,79.3,92.6,4.1000000000000005
-28.760833,17.730278,27-03-2011,1.2,256.30002,0.1
-22.43772222,31.07805556,28-03-2011,106.700005,65.3,5.6000000000000005
-26.73806,27.59194,28-03-2011,92.0,76.1,4.800000000000001
-25.127778,27.628889,29-03-2011,107.1,62.2,5.6000000000000005
-25.20639,27.558,29-03-2011,108.0,62.0,5.6000000000000005
-24.69514,27.40906,29-03-2011,115.6,57.3,6.0
-27.169444,29.233889,29-03-2011,86.0,71.3,4.5
-26.98472222,26.63227778,29-03-2011,87.4,94.0,4.6000000000000005
-28.141944,26.417778,29-03-2011,79.5,113.4,4.2
-28.116667,26.725278,29-03-2011,80.1,108.6,4.2
-27.398611,26.614722,29-03-2011,80.9,111.0,4.2
-29.160278,26.573333,29-03-2011,80.4,109.700005,4.2
-27.495556,26.074722,29-03-2011,76.3,117.9,4.0
-34.065833,20.404167,30-03-2011,13.2,166.1,0.6000000000000001
-27.363611,31.783333,30-03-2011,72.3,82.1,3.8000000000000003
-26.905,32.324722,30-03-2011,50.4,109.1,2.6
-28.75,30.442778,30-03-2011,93.5,67.6,4.9
-29.161667,30.629722,30-03-2011,109.8,27.800001,5.7
-26.880278,26.965,30-03-2011,89.6,85.9,4.7
-27.398611,26.614722,30-03-2011,80.9,111.0,4.2
-28.69485,28.23487,30-03-2011,98.6,62.100002,5.2
-28.883333,27.89,30-03-2011,101.0,63.2,5.300000000000001
-33.818056,19.694722,30-03-2011,12.900001,188.90001,0.6000000000000001
-34.075556,20.145556,30-03-2011,13.8,169.40001,0.7000000000000001
-27.00222,28.76528,31-03-2011,91.200005,70.4,4.800000000000001
-27.02314,28.59389,31-03-2011,93.3,69.8,4.9
-30.679722,26.7125,31-03-2011,64.9,116.0,3.4000000000000004
-30.534167,24.961944,31-03-2011,42.600002,162.40001,2.2
-33.897778,20.012778,31-03-2011,11.3,184.8,0.5
-22.769722,30.886944,01-04-2011,114.9,44.9,6.0
-27.802778,28.768333,01-04-2011,102.8,56.3,5.4
-27.5275,30.858056,02-04-2011,102.700005,47.600002,5.4
-25.99136,27.84208,04-04-2011,94.200005,66.9,4.9
-25.513889,31.224444,04-04-2011,102.200005,47.2,5.300000000000001
-25.398889,31.610556,04-04-2011,67.4,79.4,3.5
-24.183889,30.823889,05-04-2011,90.0,62.3,4.7
-23.281,30.54305556,05-04-2011,95.0,59.4,5.0
-25.362222,31.956667,05-04-2011,59.600002,87.0,3.1
-29.380556,30.2775,05-04-2011,112.8,22.1,5.9
-27.398611,26.614722,05-04-2011,80.9,111.0,4.2
-25.45963889,28.26430556,05-04-2011,100.0,64.5,5.2
-25.81048333,27.90955222,06-04-2011,96.1,68.0,5.0
-23.658056,31.05,06-04-2011,62.2,94.200005,3.3000000000000003
-24.058889,31.237222,06-04-2011,60.100002,94.5,3.2
-24.034167,31.123611,06-04-2011,70.0,83.8,3.7
-24.99328,30.81444,06-04-2011,131.40001,0.0,7.300000000000001
-25.14944444,31.94055556,06-04-2011,59.8,87.0,3.1
-27.937778,31.209444,06-04-2011,78.3,76.0,4.1000000000000005
-28.404444,30.013056,06-04-2011,95.0,65.6,5.0
-26.880278,26.965,06-04-2011,89.6,85.9,4.7
-31.000833,26.353056,06-04-2011,51.4,129.8,2.7
-24.679167,30.8025,07-04-2011,141.7,1.6,7.4
-24.99328,30.81444,07-04-2011,131.40001,0.0,7.300000000000001
-27.02314,28.59389,07-04-2011,93.3,69.8,4.9
-28.760833,17.730278,10-04-2011,1.2,256.30002,0.1
-26.73806,27.59194,10-04-2011,92.0,76.1,4.800000000000001
-25.49037,30.6986,11-04-2011,118.4,26.300001,6.1000000000000005
-29.987778,29.851667,11-04-2011,122.4,13.6,6.4
-29.744167,29.905833,11-04-2011,121.1,20.5,6.300000000000001
-26.861111,28.884722,11-04-2011,85.200005,75.8,4.5
-26.970278,27.211111,11-04-2011,91.8,82.1,4.800000000000001
-26.45,28.085833,11-04-2011,86.0,76.5,4.5
-31.396,29.2651,11-04-2011,119.5,15.0,4.9
-31.554722,29.245556,11-04-2011,115.3,8.400001,5.300000000000001
-27.356667,27.286389,11-04-2011,90.4,92.0,4.7
-25.447222,30.711667,11-04-2011,116.0,30.6,6.0
-27.01011111,26.69808333,12-04-2011,86.6,96.9,4.5
-25.127778,27.628889,12-04-2011,107.1,62.2,5.6000000000000005
-25.20639,27.558,12-04-2011,108.0,62.0,5.6000000000000005
-24.69514,27.40906,12-04-2011,115.6,57.3,6.0
-25.73411,27.21422,12-04-2011,108.9,55.100002,5.7
-26.006389,29.253889,12-04-2011,92.3,59.7,4.800000000000001
-26.03611,30.99778,12-04-2011,137.7,17.9,7.1000000000000005
-28.801278,31.955389,12-04-2011,87.6,62.600002,4.5
-30.733889,29.828333,12-04-2011,120.0,12.400001,5.7
-27.169444,29.233889,12-04-2011,86.0,71.3,4.5
-27.802778,28.768333,12-04-2011,102.8,56.3,5.4
-26.98472222,26.63227778,12-04-2011,87.4,94.0,4.6000000000000005
-27.398611,26.614722,12-04-2011,80.9,111.0,4.2
-29.160278,26.573333,12-04-2011,80.4,109.700005,4.2
-30.568333,29.422778,12-04-2011,101.5,36.2,5.300000000000001
-30.570833,29.150556,12-04-2011,104.1,34.8,5.4
-33.501667,21.624167,12-04-2011,12.400001,176.7,0.7000000000000001
-27.495556,26.074722,12-04-2011,76.3,117.9,4.0
-25.57877778,29.12747222,12-04-2011,97.8,63.8,5.1000000000000005
-28.801278,31.955389,13-04-2011,87.6,62.600002,4.5
-30.398056,30.601944,13-04-2011,127.0,7.7000003,6.300000000000001
-30.27402,30.69602,13-04-2011,124.4,10.0,6.2
-26.648056,27.089444,13-04-2011,89.6,81.3,4.7
-27.044444,27.005,13-04-2011,89.200005,89.5,4.7
-31.031389,28.883333,13-04-2011,98.0,40.9,5.1000000000000005
-30.86013889,29.07125,13-04-2011,97.700005,42.9,5.1000000000000005
-24.925278,29.324444,14-04-2011,104.5,57.9,5.5
-27.00222,28.76528,14-04-2011,91.200005,70.4,4.800000000000001
-27.02314,28.59389,14-04-2011,93.3,69.8,4.9
-30.160091,27.40124,14-04-2011,80.700005,90.6,4.2
-30.336111,27.359444,14-04-2011,79.3,92.6,4.1000000000000005
-30.830556,26.921389,15-04-2011,65.8,110.1,3.4000000000000004
-27.902778,24.615556,15-04-2011,67.200005,140.8,3.5
-34.031944,22.053333,15-04-2011,20.6,136.90001,1.0
-29.803611,30.516111,15-04-2011,116.5,17.7,6.0
-22.43772222,31.07805556,16-04-2011,106.700005,65.3,5.6000000000000005
-25.99136,27.84208,18-04-2011,94.200005,66.9,4.9
-34.039722,22.133333,18-04-2011,21.6,134.40001,1.1
-28.735556,29.820556,19-04-2011,99.9,58.0,5.2
-27.802778,28.768333,19-04-2011,102.8,56.3,5.4
-33.38056,19.30167,19-04-2011,14.400001,179.90001,0.7000000000000001
-33.31388889,19.07472222,19-04-2011,15.1,190.8,0.7000000000000001
-27.356667,27.286389,19-04-2011,90.4,92.0,4.7
-28.068333,31.55,19-04-2011,73.5,85.6,3.9000000000000004
-27.398611,26.614722,20-04-2011,80.9,111.0,4.2
-29.160278,26.573333,20-04-2011,80.4,109.700005,4.2
-30.830556,26.921389,21-04-2011,65.8,110.1,3.4000000000000004
-27.363611,31.783333,21-04-2011,72.3,82.1,3.8000000000000003
-27.044444,27.005,21-04-2011,89.200005,89.5,4.7
-27.902778,24.615556,21-04-2011,67.200005,140.8,3.5
-28.760833,17.730278,25-04-2011,1.2,256.30002,0.1
-26.861111,28.884722,25-04-2011,85.200005,75.8,4.5
-26.970278,27.211111,25-04-2011,91.8,82.1,4.800000000000001
-26.45,28.085833,25-04-2011,86.0,76.5,4.5
-27.01011111,26.69808333,26-04-2011,86.6,96.9,4.5
-25.127778,27.628889,26-04-2011,107.1,62.2,5.6000000000000005
-25.20639,27.558,26-04-2011,108.0,62.0,5.6000000000000005
-24.69514,27.40906,26-04-2011,115.6,57.3,6.0
-27.169444,29.233889,26-04-2011,86.0,71.3,4.5
-26.98472222,26.63227778,26-04-2011,87.4,94.0,4.6000000000000005
-27.398611,26.614722,26-04-2011,80.9,111.0,4.2
-27.495556,26.074722,26-04-2011,76.3,117.9,4.0
-34.065833,20.404167,27-04-2011,13.2,166.1,0.6000000000000001
-28.75,30.442778,27-04-2011,93.5,67.6,4.9
-29.161667,30.629722,27-04-2011,109.8,27.800001,5.7
-26.880278,26.965,27-04-2011,89.6,85.9,4.7
-33.897778,20.012778,28-04-2011,11.3,184.8,0.5
-25.99136,27.84208,02-05-2011,94.200005,66.9,4.9
-29.380556,30.2775,03-05-2011,112.8,22.1,5.9
-26.45,28.085833,03-05-2011,86.0,76.5,4.5
-27.902778,24.615556,03-05-2011,67.200005,140.8,3.5
-25.45963889,28.26430556,03-05-2011,100.0,64.5,5.2
-25.57877778,29.12747222,03-05-2011,97.8,63.8,5.1000000000000005
-25.81048333,27.90955222,04-05-2011,96.1,68.0,5.0
-26.006389,29.253889,04-05-2011,92.3,59.7,4.800000000000001
-28.404444,30.013056,04-05-2011,95.0,65.6,5.0
-27.802778,28.768333,04-05-2011,102.8,56.3,5.4
-27.356667,27.286389,04-05-2011,90.4,92.0,4.7
-27.937778,31.209444,05-05-2011,78.3,76.0,4.1000000000000005
-27.5275,30.858056,05-05-2011,102.700005,47.600002,5.4
-27.3,28.586944,05-05-2011,99.1,64.3,5.2
-27.398611,26.614722,05-05-2011,80.9,111.0,4.2
-27.00222,28.76528,06-05-2011,91.200005,70.4,4.800000000000001
-27.02314,28.59389,06-05-2011,93.3,69.8,4.9
-26.648056,27.089444,06-05-2011,89.6,81.3,4.7
-26.970278,27.211111,06-05-2011,91.8,82.1,4.800000000000001
-28.760833,17.730278,08-05-2011,1.2,256.30002,0.1
-29.7775,29.470833,09-05-2011,138.3,0.0,7.4
-29.744167,29.905833,09-05-2011,121.1,20.5,6.300000000000001
-26.861111,28.884722,09-05-2011,85.200005,75.8,4.5
-26.970278,27.211111,09-05-2011,91.8,82.1,4.800000000000001
-31.104278,29.399722,09-05-2011,115.700005,18.4,5.1000000000000005
-25.127778,27.628889,10-05-2011,107.1,62.2,5.6000000000000005
-25.20639,27.558,10-05-2011,108.0,62.0,5.6000000000000005
-24.69514,27.40906,10-05-2011,115.6,57.3,6.0
-24.058889,31.237222,10-05-2011,60.100002,94.5,3.2
-24.034167,31.123611,10-05-2011,70.0,83.8,3.7
-28.747778,31.745833,10-05-2011,93.6,59.3,4.9
-30.733889,29.828333,10-05-2011,120.0,12.400001,5.7
-26.98472222,26.63227778,10-05-2011,87.4,94.0,4.6000000000000005
-27.398611,26.614722,10-05-2011,80.9,111.0,4.2
-29.160278,26.573333,10-05-2011,80.4,109.700005,4.2
-31.396,29.2651,10-05-2011,119.5,15.0,4.9
-33.501667,21.624167,10-05-2011,12.400001,176.7,0.7000000000000001
-32.502778,19.535833,10-05-2011,4.7000003,228.7,0.2
-31.5653,18.3306,10-05-2011,2.7,206.0,0.1
-27.495556,26.074722,10-05-2011,76.3,117.9,4.0
-24.183889,30.823889,11-05-2011,90.0,62.3,4.7
-28.801278,31.955389,11-05-2011,87.6,62.600002,4.5
-30.398056,30.601944,11-05-2011,127.0,7.7000003,6.300000000000001
-30.27402,30.69602,11-05-2011,124.4,10.0,6.2
-27.00222,28.76528,11-05-2011,91.200005,70.4,4.800000000000001
-27.02314,28.59389,11-05-2011,93.3,69.8,4.9
-27.273889,28.49,11-05-2011,100.1,64.200005,5.2
-27.4275,28.525833,11-05-2011,102.8,60.8,5.4
-27.044444,27.005,11-05-2011,89.200005,89.5,4.7
-22.225556,29.990556,24-11-2014,24.2,155.3,1.3
-30.568333,29.422778,11-05-2011,101.5,36.2,5.300000000000001
-30.570833,29.150556,11-05-2011,104.1,34.8,5.4
-32.595833,19.009444,11-05-2011,7.6,210.90001,0.4
-29.140556,31.391944,12-05-2011,103.6,39.9,5.4
-29.641944,30.6875,12-05-2011,107.1,32.600002,5.6000000000000005
-24.679167,30.8025,12-05-2011,141.7,1.6,7.4
-30.830556,26.921389,12-05-2011,65.8,110.1,3.4000000000000004
-30.13573889,30.67422222,12-05-2011,116.0,20.5,6.0
-26.73806,27.59194,12-05-2011,92.0,76.1,4.800000000000001
-31.000833,26.353056,12-05-2011,51.4,129.8,2.7
-22.225556,29.990556,30-07-2015,28.2,164.6,1.5
-22.225556,29.990556,03-08-2015,28.2,164.6,1.5
-30.679722,26.7125,12-05-2011,64.9,116.0,3.4000000000000004
-31.031389,28.883333,12-05-2011,98.0,40.9,5.1000000000000005
-30.86013889,29.07125,12-05-2011,97.700005,42.9,5.1000000000000005
-30.77586667,29.03221667,12-05-2011,100.200005,41.3,5.2
-24.925278,29.324444,13-05-2011,104.5,57.9,5.5
-29.658056,25.973333,13-05-2011,67.700005,119.200005,3.6
-30.534167,24.961944,13-05-2011,42.600002,162.40001,2.2
-29.803611,30.516111,13-05-2011,116.5,17.7,6.0
-25.447222,30.711667,13-05-2011,116.0,30.6,6.0
-25.99136,27.84208,16-05-2011,94.200005,66.9,4.9
-25.513889,31.224444,16-05-2011,102.200005,47.2,5.300000000000001
-26.861111,28.884722,16-05-2011,85.200005,75.8,4.5
-26.970278,27.211111,16-05-2011,91.8,82.1,4.800000000000001
-34.031944,22.053333,16-05-2011,20.6,136.90001,1.0
-34.039722,22.133333,16-05-2011,21.6,134.40001,1.1
-33.38056,19.30167,16-05-2011,14.400001,179.90001,0.7000000000000001
-33.31388889,19.07472222,16-05-2011,15.1,190.8,0.7000000000000001
-27.01011111,26.69808333,17-05-2011,86.6,96.9,4.5
-25.436111,31.982222,17-05-2011,60.0,88.9,3.1
-25.681111,31.783333,17-05-2011,63.100002,86.1,3.3000000000000003
-25.67386,31.57527,17-05-2011,78.1,76.700005,4.1000000000000005
-26.98472222,26.63227778,17-05-2011,87.4,94.0,4.6000000000000005
-27.398611,26.614722,17-05-2011,80.9,111.0,4.2
-25.45963889,28.26430556,17-05-2011,100.0,64.5,5.2
-28.338333,31.373611,17-05-2011,90.0,58.5,4.7
-28.068333,31.55,17-05-2011,73.5,85.6,3.9000000000000004
-25.81048333,27.90955222,18-05-2011,96.1,68.0,5.0
-24.768889,31.39,18-05-2011,72.3,76.3,3.7
-26.880278,26.965,18-05-2011,89.6,85.9,4.7
-28.801278,31.955389,19-05-2011,87.6,62.600002,4.5
-27.169444,29.233889,19-05-2011,86.0,71.3,4.5
-25.447222,30.711667,19-05-2011,116.0,30.6,6.0
-22.548889,28.898056,20-05-2011,79.6,81.8,4.2
-22.43772222,31.07805556,20-05-2011,106.700005,65.3,5.6000000000000005
-27.902778,24.615556,20-05-2011,67.200005,140.8,3.5
-28.760833,17.730278,22-05-2011,1.2,256.30002,0.1
-25.49037,30.6986,23-05-2011,118.4,26.300001,6.1000000000000005
-28.75,30.442778,23-05-2011,93.5,67.6,4.9
-26.73806,27.59194,23-05-2011,92.0,76.1,4.800000000000001
-26.45,28.085833,23-05-2011,86.0,76.5,4.5
-27.356667,27.286389,23-05-2011,90.4,92.0,4.7
-22.935,28.004167,24-05-2011,77.700005,86.3,4.1000000000000005
-33.980556,21.653333,24-05-2011,15.8,148.7,0.8
-25.127778,27.628889,24-05-2011,107.1,62.2,5.6000000000000005
-25.20639,27.558,24-05-2011,108.0,62.0,5.6000000000000005
-24.69514,27.40906,24-05-2011,115.6,57.3,6.0
-27.363611,31.783333,24-05-2011,72.3,82.1,3.8000000000000003
-27.169444,29.233889,24-05-2011,86.0,71.3,4.5
-27.802778,28.768333,24-05-2011,102.8,56.3,5.4
-28.141944,26.417778,24-05-2011,79.5,113.4,4.2
-28.116667,26.725278,24-05-2011,80.1,108.6,4.2
-27.398611,26.614722,24-05-2011,80.9,111.0,4.2
-27.671111,27.236944,24-05-2011,89.8,93.1,4.7
-28.69485,28.23487,24-05-2011,98.6,62.100002,5.2
-34.092222,21.295278,24-05-2011,16.9,156.2,0.8
-27.495556,26.074722,24-05-2011,76.3,117.9,4.0
-34.065833,20.404167,25-05-2011,13.2,166.1,0.6000000000000001
-23.23572222,27.717,25-05-2011,77.9,84.1,4.1000000000000005
-28.75,30.442778,25-05-2011,93.5,67.6,4.9
-29.161667,30.629722,25-05-2011,109.8,27.800001,5.7
-26.648056,27.089444,25-05-2011,89.6,81.3,4.7
-27.273889,28.49,25-05-2011,100.1,64.200005,5.2
-27.4275,28.525833,25-05-2011,102.8,60.8,5.4
-27.3,28.586944,25-05-2011,99.1,64.3,5.2
-27.398611,26.614722,25-05-2011,80.9,111.0,4.2
-27.044444,27.005,25-05-2011,89.200005,89.5,4.7
-30.679722,26.7125,25-05-2011,64.9,116.0,3.4000000000000004
-34.250556,20.9925,25-05-2011,18.9,160.5,0.9
-33.818056,19.694722,25-05-2011,12.900001,188.90001,0.6000000000000001
-34.075556,20.145556,25-05-2011,13.8,169.40001,0.7000000000000001
-30.398056,30.601944,26-05-2011,127.0,7.7000003,6.300000000000001
-30.27402,30.69602,26-05-2011,124.4,10.0,6.2
-27.00222,28.76528,26-05-2011,91.200005,70.4,4.800000000000001
-27.02314,28.59389,26-05-2011,93.3,69.8,4.9
-27.671111,27.236944,26-05-2011,89.8,93.1,4.7
-27.356667,27.286389,26-05-2011,90.4,92.0,4.7
-33.897778,20.012778,26-05-2011,11.3,184.8,0.5
-27.902778,24.615556,27-05-2011,67.200005,140.8,3.5
-22.91028,29.61111,28-05-2011,107.0,44.9,5.6000000000000005
-25.99136,27.84208,30-05-2011,94.200005,66.9,4.9
-26.861111,28.884722,30-05-2011,85.200005,75.8,4.5
-26.970278,27.211111,30-05-2011,91.8,82.1,4.800000000000001
-26.45,28.085833,30-05-2011,86.0,76.5,4.5
-27.01011111,26.69808333,31-05-2011,86.6,96.9,4.5
-29.380556,30.2775,31-05-2011,112.8,22.1,5.9
-27.802778,28.768333,31-05-2011,102.8,56.3,5.4
-26.98472222,26.63227778,31-05-2011,87.4,94.0,4.6000000000000005
-27.398611,26.614722,31-05-2011,80.9,111.0,4.2
-29.160278,26.573333,31-05-2011,80.4,109.700005,4.2
-25.45963889,28.26430556,31-05-2011,100.0,64.5,5.2
-25.81048333,27.90955222,01-06-2011,96.1,68.0,5.0
-28.404444,30.013056,01-06-2011,95.0,65.6,5.0
-27.00222,28.76528,01-06-2011,91.200005,70.4,4.800000000000001
-27.02314,28.59389,01-06-2011,93.3,69.8,4.9
-26.648056,27.089444,01-06-2011,89.6,81.3,4.7
-27.3,28.586944,01-06-2011,99.1,64.3,5.2
-27.044444,27.005,01-06-2011,89.200005,89.5,4.7
-28.058889,30.373611,01-06-2011,95.0,63.0,5.0
-27.937778,31.209444,02-06-2011,78.3,76.0,4.1000000000000005
-27.5275,30.858056,02-06-2011,102.700005,47.600002,5.4
-30.568333,29.422778,04-06-2011,101.5,36.2,5.300000000000001
-28.760833,17.730278,05-06-2011,1.2,256.30002,0.1
-29.7775,29.470833,06-06-2011,138.3,0.0,7.4
-29.987778,29.851667,06-06-2011,122.4,13.6,6.4
-29.744167,29.905833,06-06-2011,121.1,20.5,6.300000000000001
-26.73806,27.59194,06-06-2011,92.0,76.1,4.800000000000001
-31.104278,29.399722,06-06-2011,115.700005,18.4,5.1000000000000005
-31.396,29.2651,06-06-2011,119.5,15.0,4.9
-31.554722,29.245556,06-06-2011,115.3,8.400001,5.300000000000001
-25.57877778,29.12747222,06-06-2011,97.8,63.8,5.1000000000000005
-25.127778,27.628889,07-06-2011,107.1,62.2,5.6000000000000005
-25.20639,27.558,07-06-2011,108.0,62.0,5.6000000000000005
-24.69514,27.40906,07-06-2011,115.6,57.3,6.0
-23.658056,31.05,07-06-2011,62.2,94.200005,3.3000000000000003
-26.006389,29.253889,07-06-2011,92.3,59.7,4.800000000000001
-28.747778,31.745833,07-06-2011,93.6,59.3,4.9
-30.733889,29.828333,07-06-2011,120.0,12.400001,5.7
-27.169444,29.233889,07-06-2011,86.0,71.3,4.5
-27.398611,26.614722,07-06-2011,80.9,111.0,4.2
-30.86013889,29.07125,07-06-2011,97.700005,42.9,5.1000000000000005
-30.570833,29.150556,07-06-2011,104.1,34.8,5.4
-30.77586667,29.03221667,07-06-2011,100.200005,41.3,5.2
-27.495556,26.074722,07-06-2011,76.3,117.9,4.0
-30.830556,26.921389,08-06-2011,65.8,110.1,3.4000000000000004
-22.769722,30.886944,08-06-2011,114.9,44.9,6.0
-30.398056,30.601944,08-06-2011,127.0,7.7000003,6.300000000000001
-30.27402,30.69602,08-06-2011,124.4,10.0,6.2
-27.02314,28.59389,08-06-2011,93.3,69.8,4.9
-26.880278,26.965,08-06-2011,89.6,85.9,4.7
-29.140556,31.391944,09-06-2011,103.6,39.9,5.4
-24.925278,29.324444,09-06-2011,104.5,57.9,5.5
-27.902778,24.615556,10-06-2011,67.200005,140.8,3.5
-29.803611,30.516111,10-06-2011,116.5,17.7,6.0
-31.5653,18.3306,12-06-2011,2.7,206.0,0.1
-25.99136,27.84208,13-06-2011,94.200005,66.9,4.9
-27.671111,27.236944,13-06-2011,89.8,93.1,4.7
-27.356667,27.286389,13-06-2011,90.4,92.0,4.7
-31.860278,18.6875,14-06-2011,4.0,212.7,0.2
-24.679167,30.8025,14-06-2011,141.7,1.6,7.4
-28.735556,29.820556,14-06-2011,99.9,58.0,5.2
-26.861111,28.884722,14-06-2011,85.200005,75.8,4.5
-27.00222,28.76528,14-06-2011,91.200005,70.4,4.800000000000001
-26.45,28.085833,14-06-2011,86.0,76.5,4.5
-27.398611,26.614722,14-06-2011,80.9,111.0,4.2
-34.031944,22.053333,14-06-2011,20.6,136.90001,1.0
-25.45963889,28.26430556,14-06-2011,100.0,64.5,5.2
-28.338333,31.373611,14-06-2011,90.0,58.5,4.7
-28.068333,31.55,14-06-2011,73.5,85.6,3.9000000000000004
-25.81048333,27.90955222,15-06-2011,96.1,68.0,5.0
-30.830556,26.921389,15-06-2011,65.8,110.1,3.4000000000000004
-24.058889,31.237222,15-06-2011,60.100002,94.5,3.2
-24.034167,31.123611,15-06-2011,70.0,83.8,3.7
-27.3,28.586944,15-06-2011,99.1,64.3,5.2
-33.501667,21.624167,15-06-2011,12.400001,176.7,0.7000000000000001
-27.602222,29.942778,16-06-2011,94.1,71.700005,4.9
-30.679722,26.7125,16-06-2011,64.9,116.0,3.4000000000000004
-28.760833,17.730278,19-06-2011,1.2,256.30002,0.1
-27.602222,29.942778,20-06-2011,94.1,71.700005,4.9
-28.883333,27.89,20-06-2011,101.0,63.2,5.300000000000001
-25.436111,31.982222,21-06-2011,60.0,88.9,3.1
-25.127778,27.628889,21-06-2011,107.1,62.2,5.6000000000000005
-25.20639,27.558,21-06-2011,108.0,62.0,5.6000000000000005
-24.69514,27.40906,21-06-2011,115.6,57.3,6.0
-25.681111,31.783333,21-06-2011,63.100002,86.1,3.3000000000000003
-26.970278,27.211111,21-06-2011,91.8,82.1,4.800000000000001
-26.73806,27.59194,21-06-2011,92.0,76.1,4.800000000000001
-34.039722,22.133333,21-06-2011,21.6,134.40001,1.1
-33.38056,19.30167,21-06-2011,14.400001,179.90001,0.7000000000000001
-33.31388889,19.07472222,21-06-2011,15.1,190.8,0.7000000000000001
-27.356667,27.286389,21-06-2011,90.4,92.0,4.7
-29.161667,23.696389,22-06-2011,33.9,189.2,1.8
-27.01011111,26.69808333,22-06-2011,86.6,96.9,4.5
-25.14944444,31.94055556,22-06-2011,59.8,87.0,3.1
-24.9675,31.516667,22-06-2011,67.1,83.700005,3.5
-28.75,30.442778,22-06-2011,93.5,67.6,4.9
-29.161667,30.629722,22-06-2011,109.8,27.800001,5.7
-27.169444,29.233889,22-06-2011,86.0,71.3,4.5
-27.02314,28.59389,22-06-2011,93.3,69.8,4.9
-26.98472222,26.63227778,22-06-2011,87.4,94.0,4.6000000000000005
-27.398611,26.614722,22-06-2011,80.9,111.0,4.2
-29.042222,24.6,22-06-2011,65.6,145.40001,3.5
-34.092222,21.295278,22-06-2011,16.9,156.2,0.8
-27.495556,26.074722,22-06-2011,76.3,117.9,4.0
-30.27402,30.69602,23-06-2011,124.4,10.0,6.2
-26.648056,27.089444,23-06-2011,89.6,81.3,4.7
-26.880278,26.965,23-06-2011,89.6,85.9,4.7
-27.044444,27.005,23-06-2011,89.200005,89.5,4.7
-28.376944,24.303056,23-06-2011,58.9,152.90001,3.1
-29.028629,24.638389,23-06-2011,68.0,141.7,3.6
-28.69485,28.23487,23-06-2011,98.6,62.100002,5.2
-25.398889,31.610556,24-06-2011,67.4,79.4,3.5
-27.573056,24.746389,24-06-2011,71.5,136.90001,3.8000000000000003
-27.902778,24.615556,24-06-2011,67.200005,140.8,3.5
-26.861111,28.884722,27-06-2011,85.200005,75.8,4.5
-27.02314,28.59389,27-06-2011,93.3,69.8,4.9
-26.45,28.085833,27-06-2011,86.0,76.5,4.5
-31.396,29.2651,27-06-2011,119.5,15.0,4.9
-24.670833,28.560833,28-06-2011,125.5,33.2,6.6000000000000005
-29.380556,30.2775,28-06-2011,112.8,22.1,5.9
-31.104278,29.399722,28-06-2011,115.700005,18.4,5.1000000000000005
-33.818056,19.694722,28-06-2011,12.900001,188.90001,0.6000000000000001
-29.161667,23.696389,29-06-2011,33.9,189.2,1.8
-25.81048333,27.90955222,29-06-2011,96.1,68.0,5.0
-24.282222,28.090278,29-06-2011,94.8,60.600002,4.9
-23.23572222,27.717,29-06-2011,77.9,84.1,4.1000000000000005
-26.03611,30.99778,29-06-2011,137.7,17.9,7.1000000000000005
-27.937778,31.209444,29-06-2011,78.3,76.0,4.1000000000000005
-28.404444,30.013056,29-06-2011,95.0,65.6,5.0
-27.02314,28.59389,29-06-2011,93.3,69.8,4.9
-28.141944,26.417778,29-06-2011,79.5,113.4,4.2
-28.1175,26.719444,29-06-2011,80.1,108.6,4.2
-29.033333,23.983333,29-06-2011,42.7,175.0,2.2
-30.568333,29.422778,29-06-2011,101.5,36.2,5.300000000000001
-25.447222,30.711667,29-06-2011,116.0,30.6,6.0
-27.01011111,26.69808333,30-06-2011,86.6,96.9,4.5
-22.935,28.004167,30-06-2011,77.700005,86.3,4.1000000000000005
-22.91028,29.61111,30-06-2011,107.0,44.9,5.6000000000000005
-27.5275,30.858056,30-06-2011,102.700005,47.600002,5.4
-26.648056,27.089444,30-06-2011,89.6,81.3,4.7
-26.970278,27.211111,30-06-2011,91.8,82.1,4.800000000000001
-26.880278,26.965,30-06-2011,89.6,85.9,4.7
-27.38972222,26.46388889,30-06-2011,79.8,113.5,4.2
-26.98472222,26.63227778,30-06-2011,87.4,94.0,4.6000000000000005
-34.065833,20.404167,10-01-2012,36.0,82.4,1.8
-34.065833,20.404167,01-02-2012,11.400001,167.40001,0.6000000000000001
-34.065833,20.404167,29-02-2012,11.400001,167.40001,0.6000000000000001
-27.398611,26.614722,30-06-2011,80.9,111.0,4.2
-31.031389,28.883333,30-06-2011,98.0,40.9,5.1000000000000005
-30.86013889,29.07125,30-06-2011,97.700005,42.9,5.1000000000000005
-30.77586667,29.03221667,30-06-2011,100.200005,41.3,5.2
-27.356667,27.286389,30-06-2011,90.4,92.0,4.7
-33.897778,20.012778,30-06-2011,11.3,184.8,0.5
-22.43772222,31.07805556,02-07-2011,106.700005,65.3,5.6000000000000005
-28.760833,17.730278,03-07-2011,1.2,256.30002,0.1
-29.7775,29.470833,04-07-2011,138.3,0.0,7.4
-29.987778,29.851667,04-07-2011,122.4,13.6,6.4
-29.744167,29.905833,04-07-2011,121.1,20.5,6.300000000000001
-26.73806,27.59194,04-07-2011,92.0,76.1,4.800000000000001
-30.830556,26.921389,05-07-2011,65.8,110.1,3.4000000000000004
-25.127778,27.628889,05-07-2011,107.1,62.2,5.6000000000000005
-25.20639,27.558,05-07-2011,108.0,62.0,5.6000000000000005
-24.69514,27.40906,05-07-2011,115.6,57.3,6.0
-23.658056,31.05,05-07-2011,62.2,94.200005,3.3000000000000003
-30.733889,29.828333,05-07-2011,120.0,12.400001,5.7
-27.169444,29.233889,05-07-2011,86.0,71.3,4.5
-34.065833,20.404167,21-01-2014,3.0,175.0,0.2
-34.065833,20.404167,11-02-2014,3.0,175.0,0.2
-34.065833,20.404167,11-03-2014,3.0,175.0,0.2
-27.671111,27.236944,05-07-2011,89.8,93.1,4.7
-28.69485,28.23487,05-07-2011,98.6,62.100002,5.2
-28.883333,27.89,05-07-2011,101.0,63.2,5.300000000000001
-29.161667,23.696389,06-07-2011,33.9,189.2,1.8
-30.27402,30.69602,06-07-2011,124.4,10.0,6.2
-27.00222,28.76528,06-07-2011,91.200005,70.4,4.800000000000001
-27.02314,28.59389,06-07-2011,93.3,69.8,4.9
-27.398611,26.614722,06-07-2011,80.9,111.0,4.2
-34.065833,20.404167,24-02-2015,11.7,165.90001,0.6000000000000001
-27.044444,27.005,06-07-2011,89.200005,89.5,4.7
-34.405833,19.600556,06-07-2011,21.2,137.5,1.0
-27.495556,26.074722,06-07-2011,76.3,117.9,4.0
-28.376944,24.303056,07-07-2011,58.9,152.90001,3.1
-34.065833,20.404167,27-10-2015,11.7,165.90001,0.6000000000000001
-27.573056,24.746389,08-07-2011,71.5,136.90001,3.8000000000000003
-27.902778,24.615556,08-07-2011,67.200005,140.8,3.5
-28.460833,21.248889,08-07-2011,49.600002,195.1,2.6
-29.803611,30.516111,08-07-2011,116.5,17.7,6.0
-28.96362,19.15486,09-07-2011,2.3,260.7,0.1
-25.99136,27.84208,11-07-2011,70.1,103.0,3.7
-26.45,28.085833,11-07-2011,62.4,108.200005,3.3000000000000003
-26.98472222,26.63227778,11-07-2011,45.100002,143.40001,2.4000000000000004
-29.160278,26.573333,11-07-2011,53.100002,146.90001,2.8000000000000003
-23.281,30.54305556,12-07-2011,81.200005,85.5,4.3
-27.02314,28.59389,12-07-2011,63.2,105.1,3.3000000000000003
-26.648056,27.089444,12-07-2011,49.100002,130.6,2.6
-26.970278,27.211111,12-07-2011,50.8,130.5,2.7
-26.880278,26.965,12-07-2011,47.8,134.3,2.5
-27.044444,27.005,12-07-2011,48.5,136.0,2.5
-29.160278,26.573333,12-07-2011,53.100002,146.90001,2.8000000000000003
-30.160091,27.40124,12-07-2011,58.9,122.8,3.1
-28.883333,27.89,12-07-2011,70.4,100.200005,3.7
-34.039722,22.133333,12-07-2011,18.300001,146.5,0.9
-32.502778,19.535833,12-07-2011,2.2,227.6,0.1
-31.5653,18.3306,12-07-2011,0.7,222.0,0.0
-34.005833,22.351111,12-07-2011,21.800001,136.8,1.1
-25.45963889,28.26430556,12-07-2011,67.0,110.0,3.5
-29.161667,23.696389,13-07-2011,31.4,195.2,1.7000000000000002
-25.81048333,27.90955222,13-07-2011,69.0,107.0,3.6
-29.641944,30.6875,13-07-2011,118.5,29.5,6.2
-22.769722,30.886944,13-07-2011,66.8,107.8,3.5
-29.033333,23.983333,13-07-2011,35.8,186.1,1.9000000000000001
-34.02861,22.22222,13-07-2011,19.0,143.2,0.9
-31.860278,18.6875,14-07-2011,1.6,230.2,0.1
-27.602222,29.942778,14-07-2011,86.3,81.0,4.5
-27.3,28.586944,14-07-2011,63.4,104.700005,3.3000000000000003
-27.573056,24.746389,14-07-2011,43.8,171.7,2.3000000000000003
-29.033333,23.983333,14-07-2011,35.8,186.1,1.9000000000000001
-30.160091,27.40124,14-07-2011,58.9,122.8,3.1
-30.336111,27.359444,14-07-2011,56.0,126.700005,2.9000000000000004
-34.250556,20.9925,14-07-2011,12.1,174.7,0.6000000000000001
-25.362222,31.956667,15-07-2011,83.8,72.8,4.4
-25.14944444,31.94055556,15-07-2011,81.200005,78.5,4.2
-29.658056,25.973333,15-07-2011,43.5,158.1,2.3000000000000003
-31.000833,26.353056,15-07-2011,37.100002,159.1,1.9000000000000001
-30.534167,24.961944,15-07-2011,34.100002,183.7,1.8
-28.760833,17.730278,17-07-2011,0.4,249.40001,0.0
-26.861111,28.884722,18-07-2011,66.8,98.1,3.5
-26.73806,27.59194,18-07-2011,56.7,117.8,3.0
-28.69485,28.23487,18-07-2011,69.3,95.700005,3.6
-25.127778,27.628889,19-07-2011,54.2,133.3,2.8000000000000003
-25.20639,27.558,19-07-2011,53.4,132.5,2.8000000000000003
-24.69514,27.40906,19-07-2011,52.600002,135.1,2.7
-27.169444,29.233889,19-07-2011,67.3,94.700005,3.5
-33.38056,19.30167,19-07-2011,6.2000003,200.5,0.30000000000000004
-33.31388889,19.07472222,19-07-2011,5.3,211.6,0.2
-27.495556,26.074722,19-07-2011,41.9,158.8,2.2
-29.161667,23.696389,20-07-2011,31.4,195.2,1.7000000000000002
-27.01011111,26.69808333,20-07-2011,44.600002,144.7,2.3000000000000003
-28.75,30.442778,20-07-2011,74.8,91.8,3.9000000000000004
-29.161667,30.629722,20-07-2011,113.5,30.800001,5.9
-30.534167,24.961944,20-07-2011,34.100002,183.7,1.8
-34.092222,21.295278,20-07-2011,12.7,168.7,0.6000000000000001
-33.13083,18.86278,20-07-2011,4.1,206.0,0.2
-31.000833,26.353056,21-07-2011,37.100002,159.1,1.9000000000000001
-33.7075,18.97444444,21-07-2011,6.7000003,206.1,0.30000000000000004
-25.99136,27.84208,25-07-2011,70.1,103.0,3.7
-26.861111,28.884722,25-07-2011,66.8,98.1,3.5
-26.006389,29.253889,26-07-2011,80.1,79.8,4.2
-29.380556,30.2775,26-07-2011,84.0,60.100002,4.4
-26.648056,27.089444,26-07-2011,49.100002,130.6,2.6
-26.880278,26.965,26-07-2011,47.8,134.3,2.5
-26.98472222,26.63227778,26-07-2011,45.100002,143.40001,2.4000000000000004
-28.141944,26.417778,26-07-2011,48.8,147.6,2.6
-27.044444,27.005,26-07-2011,48.5,136.0,2.5
-33.501667,21.624167,26-07-2011,11.8,181.6,0.6000000000000001
-25.45963889,28.26430556,26-07-2011,67.0,110.0,3.5
-29.161667,23.696389,27-07-2011,31.4,195.2,1.7000000000000002
-25.81048333,27.90955222,27-07-2011,69.0,107.0,3.6
-34.065833,20.404167,27-07-2011,8.3,186.6,0.4
-23.23572222,27.717,27-07-2011,40.0,139.8,2.1
-27.4275,28.525833,27-07-2011,62.8,104.9,3.3000000000000003
-27.935,26.126667,27-07-2011,45.5,151.2,2.4000000000000004
-29.033333,23.983333,27-07-2011,35.8,186.1,1.9000000000000001
-34.075556,20.145556,27-07-2011,8.3,189.1,0.4
-22.91028,29.61111,28-07-2011,56.2,106.9,3.0
-24.925278,29.324444,28-07-2011,55.0,122.1,2.9000000000000004
-26.905,32.324722,28-07-2011,76.700005,93.0,4.0
-27.38972222,26.46388889,28-07-2011,43.8,153.7,2.3000000000000003
-27.398611,26.614722,28-07-2011,44.7,151.1,2.3000000000000003
-27.671111,27.236944,28-07-2011,50.0,138.3,2.6
-28.404444,30.013056,29-07-2011,86.4,79.0,4.5
-28.058889,30.373611,29-07-2011,86.8,73.8,4.6000000000000005
-28.760833,17.730278,31-07-2011,0.4,249.40001,0.0
-29.7775,29.470833,01-08-2011,91.700005,53.0,4.7
-29.987778,29.851667,01-08-2011,64.8,80.1,3.3000000000000003
-29.744167,29.905833,01-08-2011,66.4,83.6,3.4000000000000004
-27.169444,29.233889,01-08-2011,67.3,94.700005,3.5
-26.45,28.085833,01-08-2011,62.4,108.200005,3.3000000000000003
-27.4,26.624722,01-08-2011,44.7,151.1,2.3000000000000003
-25.127778,27.628889,02-08-2011,54.2,133.3,2.8000000000000003
-25.20639,27.558,02-08-2011,53.4,132.5,2.8000000000000003
-24.69514,27.40906,02-08-2011,52.600002,135.1,2.7
-30.733889,29.828333,02-08-2011,65.1,77.1,2.8000000000000003
-27.802778,28.768333,02-08-2011,65.1,97.5,3.4000000000000004
-30.160091,27.40124,02-08-2011,58.9,122.8,3.1
-30.336111,27.359444,02-08-2011,56.0,126.700005,2.9000000000000004
-34.405833,19.600556,02-08-2011,9.8,164.3,0.4
-27.01011111,26.69808333,03-08-2011,44.600002,144.7,2.3000000000000003
-30.830556,26.921389,03-08-2011,42.100002,148.2,2.2
-30.398056,30.601944,03-08-2011,77.5,70.8,2.9000000000000004
-27.00222,28.76528,03-08-2011,64.4,101.700005,3.4000000000000004
-27.02314,28.59389,03-08-2011,63.2,105.1,3.3000000000000003
-26.970278,27.211111,03-08-2011,50.8,130.5,2.7
-27.4275,28.525833,03-08-2011,62.8,104.9,3.3000000000000003
-27.3,28.586944,03-08-2011,63.4,104.700005,3.3000000000000003
-27.398611,26.614722,03-08-2011,44.7,151.1,2.3000000000000003
-30.679722,26.7125,03-08-2011,41.7,153.3,2.2
-27.495556,26.074722,03-08-2011,41.9,158.8,2.2
-29.803611,30.516111,05-08-2011,93.4,50.4,4.800000000000001
-26.73806,27.59194,07-08-2011,56.7,117.8,3.0
-25.99136,27.84208,08-08-2011,70.1,103.0,3.7
-26.861111,28.884722,08-08-2011,66.8,98.1,3.5
-26.45,28.085833,08-08-2011,62.4,108.200005,3.3000000000000003
-29.160278,26.573333,08-08-2011,53.100002,146.90001,2.8000000000000003
-27.01011111,26.69808333,09-08-2011,44.600002,144.7,2.3000000000000003
-27.00222,28.76528,09-08-2011,64.4,101.700005,3.4000000000000004
-26.880278,26.965,09-08-2011,47.8,134.3,2.5
-26.98472222,26.63227778,09-08-2011,45.100002,143.40001,2.4000000000000004
-28.69485,28.23487,09-08-2011,69.3,95.700005,3.6
-29.615556,27.065278,09-08-2011,61.5,127.0,3.2
-28.883333,27.89,09-08-2011,70.4,100.200005,3.7
-25.45963889,28.26430556,09-08-2011,67.0,110.0,3.5
-29.161667,23.696389,10-08-2011,31.4,195.2,1.7000000000000002
-25.81048333,27.90955222,10-08-2011,69.0,107.0,3.6
-29.641944,30.6875,10-08-2011,118.5,29.5,6.2
-27.602222,29.942778,10-08-2011,86.3,81.0,4.5
-31.554722,29.245556,10-08-2011,66.5,75.9,2.5
-34.039722,22.133333,10-08-2011,18.300001,146.5,0.9
-32.502778,19.535833,10-08-2011,2.2,227.6,0.1
-31.5653,18.3306,10-08-2011,0.7,222.0,0.0
-31.860278,18.6875,11-08-2011,1.6,230.2,0.1
-30.830556,26.921389,11-08-2011,42.100002,148.2,2.2
-22.43772222,31.07805556,11-08-2011,49.0,137.90001,2.6
-28.735556,29.820556,11-08-2011,87.3,76.8,4.6000000000000005
-31.000833,26.353056,11-08-2011,37.100002,159.1,1.9000000000000001
-30.679722,26.7125,11-08-2011,41.7,153.3,2.2
-30.160091,27.40124,11-08-2011,58.9,122.8,3.1
-30.336111,27.359444,11-08-2011,56.0,126.700005,2.9000000000000004
-30.568333,29.422778,11-08-2011,56.9,90.0,2.9000000000000004
-30.570833,29.150556,11-08-2011,59.9,89.0,3.1
-31.104278,29.399722,11-08-2011,54.9,93.4,2.5
-34.250556,20.9925,11-08-2011,12.1,174.7,0.6000000000000001
-27.573056,24.746389,12-08-2011,43.8,171.7,2.3000000000000003
-29.658056,25.973333,12-08-2011,43.5,158.1,2.3000000000000003
-30.534167,24.961944,12-08-2011,34.100002,183.7,1.8
-28.460833,21.248889,12-08-2011,17.6,231.6,0.9
-30.86013889,29.07125,12-08-2011,50.8,102.4,2.6
-30.77586667,29.03221667,12-08-2011,53.100002,101.0,2.8000000000000003
-23.838611,31.640833,13-08-2011,56.7,123.8,3.0
-28.760833,17.730278,14-08-2011,0.4,249.40001,0.0
-26.970278,27.211111,15-08-2011,50.8,130.5,2.7
-26.73806,27.59194,15-08-2011,56.7,117.8,3.0
-27.044444,27.005,15-08-2011,48.5,136.0,2.5
-24.679167,30.8025,16-08-2011,117.6,33.8,6.1000000000000005
-25.127778,27.628889,16-08-2011,54.2,133.3,2.8000000000000003
-25.20639,27.558,16-08-2011,53.4,132.5,2.8000000000000003
-24.69514,27.40906,16-08-2011,52.600002,135.1,2.7
-27.169444,29.233889,16-08-2011,67.3,94.700005,3.5
-26.648056,27.089444,16-08-2011,49.100002,130.6,2.6
-29.160278,26.573333,16-08-2011,53.100002,146.90001,2.8000000000000003
-33.38056,19.30167,16-08-2011,6.2000003,200.5,0.30000000000000004
-33.31388889,19.07472222,16-08-2011,5.3,211.6,0.2
-27.495556,26.074722,16-08-2011,41.9,158.8,2.2
-29.161667,23.696389,17-08-2011,31.4,195.2,1.7000000000000002
-22.769722,30.886944,17-08-2011,66.8,107.8,3.5
-24.058889,31.237222,17-08-2011,65.5,106.3,3.4000000000000004
-28.75,30.442778,17-08-2011,74.8,91.8,3.9000000000000004
-29.161667,30.629722,17-08-2011,113.5,30.800001,5.9
-27.802778,28.768333,17-08-2011,65.1,97.5,3.4000000000000004
-29.033333,23.983333,17-08-2011,35.8,186.1,1.9000000000000001
-33.980556,21.653333,06-04-2011,15.8,148.7,0.8
-33.980556,21.653333,17-08-2011,13.0,165.8,0.7000000000000001
-33.980556,21.653333,27-09-2011,13.0,165.8,0.7000000000000001
-33.980556,21.653333,25-10-2011,13.0,165.8,0.7000000000000001
-33.980556,21.653333,29-11-2011,13.0,165.8,0.7000000000000001
-33.980556,21.653333,15-02-2012,12.8,144.6,0.6000000000000001
-33.980556,21.653333,18-04-2012,12.8,144.6,0.6000000000000001
-33.980556,21.653333,16-05-2012,12.8,144.6,0.6000000000000001
-33.980556,21.653333,12-06-2012,12.8,144.6,0.6000000000000001
-33.980556,21.653333,05-07-2012,12.8,144.6,0.6000000000000001
-33.980556,21.653333,07-08-2012,22.1,154.40001,1.1
-33.980556,21.653333,05-09-2012,22.1,154.40001,1.1
-33.980556,21.653333,03-10-2012,22.1,154.40001,1.1
-33.980556,21.653333,06-11-2012,22.1,154.40001,1.1
-33.980556,21.653333,03-12-2012,22.1,154.40001,1.1
-33.980556,21.653333,29-01-2013,9.6,155.0,0.5
-33.980556,21.653333,28-02-2013,9.6,155.0,0.5
-33.980556,21.653333,10-03-2013,9.6,155.0,0.5
-33.980556,21.653333,19-03-2013,9.6,155.0,0.5
-33.980556,21.653333,15-05-2013,9.6,155.0,0.5
-33.980556,21.653333,12-06-2013,9.6,155.0,0.5
-33.980556,21.653333,18-07-2013,52.9,109.700005,2.8000000000000003
-33.980556,21.653333,14-08-2013,52.9,109.700005,2.8000000000000003
-33.980556,21.653333,11-09-2013,52.9,109.700005,2.8000000000000003
-33.980556,21.653333,08-10-2013,52.9,109.700005,2.8000000000000003
-34.092222,21.295278,17-08-2011,12.7,168.7,0.6000000000000001
-33.980556,21.653333,05-12-2013,52.9,109.700005,2.8000000000000003
-33.980556,21.653333,07-01-2014,13.8,44.2,0.7000000000000001
-33.980556,21.653333,18-02-2014,12.5,148.90001,0.7000000000000001
-33.980556,21.653333,11-03-2014,12.5,148.90001,0.7000000000000001
-33.980556,21.653333,10-04-2014,12.5,148.90001,0.7000000000000001
-33.980556,21.653333,13-05-2014,12.5,148.90001,0.7000000000000001
-33.980556,21.653333,10-06-2014,12.5,148.90001,0.7000000000000001
-33.980556,21.653333,08-07-2014,12.5,148.90001,0.7000000000000001
-33.980556,21.653333,21-08-2014,14.5,166.8,0.8
-33.980556,21.653333,11-09-2014,14.5,166.8,0.8
-33.980556,21.653333,14-10-2014,14.5,166.8,0.8
-33.980556,21.653333,11-11-2014,14.5,166.8,0.8
-33.980556,21.653333,02-12-2014,14.5,166.8,0.8
-33.980556,21.653333,15-01-2015,10.6,156.1,0.6000000000000001
-33.980556,21.653333,17-02-2015,10.6,156.1,0.6000000000000001
-33.980556,21.653333,10-03-2015,10.6,156.1,0.6000000000000001
-33.980556,21.653333,14-04-2015,10.6,156.1,0.6000000000000001
-33.980556,21.653333,19-05-2015,10.6,156.1,0.6000000000000001
-33.980556,21.653333,18-08-2015,10.6,156.1,0.6000000000000001
-33.980556,21.653333,15-09-2015,10.6,156.1,0.6000000000000001
-33.980556,21.653333,20-10-2015,10.6,156.1,0.6000000000000001
-33.980556,21.653333,17-11-2015,10.6,156.1,0.6000000000000001
-33.980556,21.653333,09-12-2015,10.6,156.1,0.6000000000000001
-24.183889,30.823889,18-08-2011,68.6,101.4,3.6
-23.281,30.54305556,18-08-2011,81.200005,85.5,4.3
-27.671111,27.236944,18-08-2011,50.0,138.3,2.6
-27.902778,24.615556,18-08-2011,44.0,177.90001,2.3000000000000003
-28.376944,24.303056,18-08-2011,44.3,176.5,2.3000000000000003
-29.658056,25.973333,18-08-2011,43.5,158.1,2.3000000000000003
-30.534167,24.961944,18-08-2011,34.100002,183.7,1.8
-22.225556,29.990556,22-08-2011,36.4,141.8,1.9000000000000001
-24.282222,28.090278,22-08-2011,71.9,98.4,3.8000000000000003
-25.99136,27.84208,22-08-2011,70.1,103.0,3.7
-29.380556,30.2775,22-08-2011,84.0,60.100002,4.4
-26.861111,28.884722,22-08-2011,66.8,98.1,3.5
-26.45,28.085833,22-08-2011,62.4,108.200005,3.3000000000000003
-30.830556,26.921389,23-08-2011,42.100002,148.2,2.2
-25.73411,27.21422,23-08-2011,59.3,117.4,3.1
-29.380556,30.2775,23-08-2011,84.0,60.100002,4.4
-28.141944,26.417778,23-08-2011,48.8,147.6,2.6
-30.679722,26.7125,23-08-2011,41.7,153.3,2.2
-33.501667,21.624167,23-08-2011,11.8,181.6,0.6000000000000001
-25.57877778,29.12747222,23-08-2011,72.9,99.5,3.8000000000000003
-29.161667,23.696389,24-08-2011,31.4,195.2,1.7000000000000002
-34.065833,20.404167,24-08-2011,8.3,186.6,0.4
-23.23572222,27.717,24-08-2011,40.0,139.8,2.1
-28.404444,30.013056,24-08-2011,86.4,79.0,4.5
-27.38972222,26.46388889,24-08-2011,43.8,153.7,2.3000000000000003
-27.398611,26.614722,24-08-2011,44.7,151.1,2.3000000000000003
-27.044444,27.005,24-08-2011,48.5,136.0,2.5
-29.033333,23.983333,24-08-2011,35.8,186.1,1.9000000000000001
-33.818056,19.694722,24-08-2011,6.8,205.3,0.30000000000000004
-34.075556,20.145556,24-08-2011,8.3,189.1,0.4
-28.058889,30.373611,24-08-2011,86.8,73.8,4.6000000000000005
-27.4,26.624722,24-08-2011,44.7,151.1,2.3000000000000003
-27.01011111,26.69808333,25-08-2011,44.600002,144.7,2.3000000000000003
-22.225556,29.990556,25-08-2011,36.4,141.8,1.9000000000000001
-22.91028,29.61111,25-08-2011,56.2,106.9,3.0
-24.925278,29.324444,25-08-2011,55.0,122.1,2.9000000000000004
-30.398056,30.601944,25-08-2011,77.5,70.8,2.9000000000000004
-30.27402,30.69602,25-08-2011,68.6,79.4,3.0
-26.648056,27.089444,25-08-2011,49.100002,130.6,2.6
-26.970278,27.211111,25-08-2011,50.8,130.5,2.7
-26.880278,26.965,25-08-2011,47.8,134.3,2.5
-27.38972222,26.46388889,25-08-2011,43.8,153.7,2.3000000000000003
-23.763056,27.908611,25-07-2014,42.5,136.5,2.1
-23.763056,27.908611,13-08-2014,42.5,136.5,2.1
-26.98472222,26.63227778,25-08-2011,45.100002,143.40001,2.4000000000000004
-29.028629,24.638389,25-08-2011,41.8,176.6,2.2
-23.763056,27.908611,22-12-2014,42.5,136.5,2.1
-33.897778,20.012778,25-08-2011,7.1,192.7,0.30000000000000004
-29.641944,30.6875,26-08-2011,118.5,29.5,6.2
-27.937778,31.209444,26-08-2011,76.9,84.8,4.0
-27.671111,27.236944,26-08-2011,50.0,138.3,2.6
-27.573056,24.746389,26-08-2011,43.8,171.7,2.3000000000000003
-23.763056,27.908611,19-08-2015,41.3,149.40001,2.2
-23.763056,27.908611,09-09-2015,41.3,149.40001,2.2
-28.460833,21.248889,26-08-2011,17.6,231.6,0.9
-28.760833,17.730278,28-08-2011,0.4,249.40001,0.0
-27.169444,29.233889,29-08-2011,67.3,94.700005,3.5
-26.73806,27.59194,29-08-2011,56.7,117.8,3.0
-25.127778,27.628889,30-08-2011,54.2,133.3,2.8000000000000003
-25.20639,27.558,30-08-2011,53.4,132.5,2.8000000000000003
-24.69514,27.40906,30-08-2011,52.600002,135.1,2.7
-27.00222,28.76528,30-08-2011,64.4,101.700005,3.4000000000000004
-34.405833,19.600556,30-08-2011,9.8,164.3,0.4
-27.495556,26.074722,30-08-2011,41.9,158.8,2.2
-29.161667,23.696389,31-08-2011,31.4,195.2,1.7000000000000002
-34.329722,18.990278,31-08-2011,10.900001,159.5,0.4
-25.447222,30.711667,31-08-2011,91.6,68.700005,4.7
-29.161667,23.696389,01-09-2011,31.4,195.2,1.7000000000000002
-27.902778,24.615556,02-09-2011,44.0,177.90001,2.3000000000000003
-25.99136,27.84208,05-09-2011,70.1,103.0,3.7
-26.861111,28.884722,05-09-2011,66.8,98.1,3.5
-26.45,28.085833,05-09-2011,62.4,108.200005,3.3000000000000003
-29.160278,26.573333,05-09-2011,53.100002,146.90001,2.8000000000000003
-28.768056,20.720556,05-09-2011,11.7,250.8,0.6000000000000001
-25.73411,27.21422,06-09-2011,59.3,117.4,3.1
-29.380556,30.2775,06-09-2011,84.0,60.100002,4.4
-27.398611,26.614722,06-09-2011,44.7,151.1,2.3000000000000003
-27.671111,27.236944,06-09-2011,50.0,138.3,2.6
-28.69485,28.23487,06-09-2011,69.3,95.700005,3.6
-29.615556,27.065278,06-09-2011,61.5,127.0,3.2
-28.883333,27.89,06-09-2011,70.4,100.200005,3.7
-31.104278,29.399722,06-09-2011,54.9,93.4,2.5
-31.396,29.2651,06-09-2011,55.9,94.0,2.5
-31.554722,29.245556,06-09-2011,66.5,75.9,2.5
-34.039722,22.133333,06-09-2011,18.300001,146.5,0.9
-25.81048333,27.90955222,07-09-2011,69.0,107.0,3.6
-29.641944,30.6875,07-09-2011,118.5,29.5,6.2
-31.860278,18.6875,07-09-2011,1.6,230.2,0.1
-27.602222,29.942778,07-09-2011,86.3,81.0,4.5
-27.02314,28.59389,07-09-2011,63.2,105.1,3.3000000000000003
-27.4275,28.525833,07-09-2011,62.8,104.9,3.3000000000000003
-27.3,28.586944,07-09-2011,63.4,104.700005,3.3000000000000003
-27.044444,27.005,07-09-2011,48.5,136.0,2.5
-29.033333,23.983333,07-09-2011,35.8,186.1,1.9000000000000001
-30.160091,27.40124,07-09-2011,58.9,122.8,3.1
-30.336111,27.359444,07-09-2011,56.0,126.700005,2.9000000000000004
-30.568333,29.422778,07-09-2011,56.9,90.0,2.9000000000000004
-30.86013889,29.07125,07-09-2011,50.8,102.4,2.6
-30.77586667,29.03221667,07-09-2011,53.100002,101.0,2.8000000000000003
-34.02861,22.22222,07-09-2011,19.0,143.2,0.9
-30.830556,26.921389,08-09-2011,42.100002,148.2,2.2
-30.398056,30.601944,08-09-2011,77.5,70.8,2.9000000000000004
-30.27402,30.69602,08-09-2011,68.6,79.4,3.0
-29.033333,23.983333,08-09-2011,35.8,186.1,1.9000000000000001
-30.679722,26.7125,08-09-2011,41.7,153.3,2.2
-31.031389,28.883333,08-09-2011,50.7,100.0,2.6
-34.031944,22.053333,08-09-2011,17.5,148.90001,0.9
-29.658056,25.973333,09-09-2011,43.5,158.1,2.3000000000000003
-31.000833,26.353056,09-09-2011,37.100002,159.1,1.9000000000000001
-28.760833,17.730278,10-09-2011,0.4,249.40001,0.0
-26.970278,27.211111,12-09-2011,50.8,130.5,2.7
-27.01011111,26.69808333,13-09-2011,44.600002,144.7,2.3000000000000003
-24.679167,30.8025,13-09-2011,117.6,33.8,6.1000000000000005
-24.183889,30.823889,13-09-2011,68.6,101.4,3.6
-25.127778,27.628889,13-09-2011,54.2,133.3,2.8000000000000003
-25.20639,27.558,13-09-2011,53.4,132.5,2.8000000000000003
-24.69514,27.40906,13-09-2011,52.600002,135.1,2.7
-24.925278,29.324444,13-09-2011,55.0,122.1,2.9000000000000004
-29.161667,30.629722,13-09-2011,113.5,30.800001,5.9
-26.648056,27.089444,13-09-2011,49.100002,130.6,2.6
-26.880278,26.965,13-09-2011,47.8,134.3,2.5
-27.802778,28.768333,13-09-2011,65.1,97.5,3.4000000000000004
-26.98472222,26.63227778,13-09-2011,45.100002,143.40001,2.4000000000000004
-29.033333,23.983333,13-09-2011,35.8,186.1,1.9000000000000001
-30.679722,26.7125,13-09-2011,41.7,153.3,2.2
-31.396,29.2651,13-09-2011,55.9,94.0,2.5
-33.38056,19.30167,13-09-2011,6.2000003,200.5,0.30000000000000004
-33.31388889,19.07472222,13-09-2011,5.3,211.6,0.2
-27.495556,26.074722,13-09-2011,41.9,158.8,2.2
-24.058889,31.237222,14-09-2011,65.5,106.3,3.4000000000000004
-28.75,30.442778,14-09-2011,74.8,91.8,3.9000000000000004
-29.380556,30.2775,14-09-2011,84.0,60.100002,4.4
-26.73806,27.59194,14-09-2011,56.7,117.8,3.0
-27.4275,28.525833,14-09-2011,62.8,104.9,3.3000000000000003
-27.3,28.586944,14-09-2011,63.4,104.700005,3.3000000000000003
-29.042222,24.6,14-09-2011,40.8,178.7,2.1
-29.028629,24.638389,14-09-2011,41.8,176.6,2.2
-30.160091,27.40124,14-09-2011,58.9,122.8,3.1
-34.250556,20.9925,14-09-2011,12.1,174.7,0.6000000000000001
-33.7075,18.97444444,14-09-2011,6.7000003,206.1,0.30000000000000004
-29.161667,23.696389,15-09-2011,31.4,195.2,1.7000000000000002
-30.398056,30.601944,15-09-2011,77.5,70.8,2.9000000000000004
-27.169444,29.233889,15-09-2011,67.3,94.700005,3.5
-27.00222,28.76528,15-09-2011,64.4,101.700005,3.4000000000000004
-27.902778,24.615556,16-09-2011,44.0,177.90001,2.3000000000000003
-28.460833,21.248889,16-09-2011,17.6,231.6,0.9
-30.27402,30.69602,19-09-2011,68.6,79.4,3.0
-26.861111,28.884722,19-09-2011,66.8,98.1,3.5
-26.970278,27.211111,19-09-2011,50.8,130.5,2.7
-27.01011111,26.69808333,20-09-2011,44.600002,144.7,2.3000000000000003
-24.058889,31.237222,20-09-2011,65.5,106.3,3.4000000000000004
-27.937778,31.209444,20-09-2011,76.9,84.8,4.0
-29.380556,30.2775,20-09-2011,84.0,60.100002,4.4
-27.00222,28.76528,20-09-2011,64.4,101.700005,3.4000000000000004
-26.648056,27.089444,20-09-2011,49.100002,130.6,2.6
-26.880278,26.965,20-09-2011,47.8,134.3,2.5
-26.98472222,26.63227778,20-09-2011,45.100002,143.40001,2.4000000000000004
-33.501667,21.624167,20-09-2011,11.8,181.6,0.6000000000000001
-28.058889,30.373611,20-09-2011,86.8,73.8,4.6000000000000005
-25.57877778,29.12747222,20-09-2011,72.9,99.5,3.8000000000000003
-29.161667,23.696389,21-09-2011,31.4,195.2,1.7000000000000002
-25.81048333,27.90955222,21-09-2011,69.0,107.0,3.6
-34.065833,20.404167,21-09-2011,8.3,186.6,0.4
-27.5275,30.858056,21-09-2011,94.200005,63.0,4.9
-28.404444,30.013056,21-09-2011,86.4,79.0,4.5
-28.141944,26.417778,21-09-2011,48.8,147.6,2.6
-29.033333,23.983333,21-09-2011,35.8,186.1,1.9000000000000001
-33.818056,19.694722,21-09-2011,6.8,205.3,0.30000000000000004
-34.075556,20.145556,21-09-2011,8.3,189.1,0.4
-29.161667,23.696389,22-09-2011,31.4,195.2,1.7000000000000002
-27.38972222,26.46388889,22-09-2011,43.8,153.7,2.3000000000000003
-27.398611,26.614722,22-09-2011,44.7,151.1,2.3000000000000003
-33.897778,20.012778,22-09-2011,7.1,192.7,0.30000000000000004
-29.641944,30.6875,23-09-2011,118.5,29.5,6.2
-28.760833,17.730278,24-09-2011,0.4,249.40001,0.0
-29.641944,30.6875,24-09-2011,118.5,29.5,6.2
-25.513889,31.224444,26-09-2011,95.200005,63.600002,4.9
-29.7775,29.470833,26-09-2011,91.700005,53.0,4.7
-29.987778,29.851667,26-09-2011,64.8,80.1,3.3000000000000003
-29.744167,29.905833,26-09-2011,66.4,83.6,3.4000000000000004
-27.169444,29.233889,26-09-2011,67.3,94.700005,3.5
-26.73806,27.59194,26-09-2011,56.7,117.8,3.0
-26.45,28.085833,26-09-2011,62.4,108.200005,3.3000000000000003
-31.396,29.2651,26-09-2011,55.9,94.0,2.5
-31.554722,29.245556,26-09-2011,66.5,75.9,2.5
-24.282222,28.090278,27-09-2011,71.9,98.4,3.8000000000000003
-25.127778,27.628889,27-09-2011,54.2,133.3,2.8000000000000003
-25.20639,27.558,27-09-2011,53.4,132.5,2.8000000000000003
-23.281,30.54305556,27-09-2011,81.200005,85.5,4.3
-28.747778,31.745833,27-09-2011,118.6,42.3,6.2
-30.733889,29.828333,27-09-2011,65.1,77.1,2.8000000000000003
-27.273889,28.49,27-09-2011,62.600002,105.8,3.3000000000000003
-27.3,28.586944,27-09-2011,63.4,104.700005,3.3000000000000003
-30.568333,29.422778,27-09-2011,56.9,90.0,2.9000000000000004
-31.104278,29.399722,27-09-2011,54.9,93.4,2.5
-34.092222,21.295278,27-09-2011,12.7,168.7,0.6000000000000001
-34.405833,19.600556,27-09-2011,9.8,164.3,0.4
-29.161667,23.696389,28-09-2011,31.4,195.2,1.7000000000000002
-22.935,28.004167,28-09-2011,36.4,141.6,1.9000000000000001
-23.763056,27.908611,28-09-2011,54.5,120.1,2.8000000000000003
-24.768889,31.39,28-09-2011,84.3,78.9,4.4
-28.801278,31.955389,28-09-2011,107.1,54.100002,5.6000000000000005
-30.27402,30.69602,28-09-2011,68.6,79.4,3.0
-27.802778,28.768333,28-09-2011,65.1,97.5,3.4000000000000004
-27.398611,26.614722,28-09-2011,44.7,151.1,2.3000000000000003
-31.031389,28.883333,28-09-2011,50.7,100.0,2.6
-30.86013889,29.07125,28-09-2011,50.8,102.4,2.6
-30.77586667,29.03221667,28-09-2011,53.100002,101.0,2.8000000000000003
-27.495556,26.074722,28-09-2011,41.9,158.8,2.2
-24.99328,30.81444,29-09-2011,116.3,24.2,5.800000000000001
-30.13573889,30.67422222,29-09-2011,71.3,77.4,3.6
-27.573056,24.746389,30-09-2011,43.8,171.7,2.3000000000000003
-27.902778,24.615556,30-09-2011,44.0,177.90001,2.3000000000000003
-29.803611,30.516111,30-09-2011,93.4,50.4,4.800000000000001
-26.861111,28.884722,03-10-2011,66.8,98.1,3.5
-29.160278,26.573333,03-10-2011,53.100002,146.90001,2.8000000000000003
-26.03611,30.99778,04-10-2011,120.6,44.9,6.300000000000001
-27.398611,26.614722,04-10-2011,44.7,151.1,2.3000000000000003
-27.671111,27.236944,04-10-2011,50.0,138.3,2.6
-30.160091,27.40124,04-10-2011,58.9,122.8,3.1
-30.336111,27.359444,04-10-2011,56.0,126.700005,2.9000000000000004
-28.69485,28.23487,04-10-2011,69.3,95.700005,3.6
-28.883333,27.89,04-10-2011,70.4,100.200005,3.7
-31.5653,18.3306,04-10-2011,0.7,222.0,0.0
-25.45963889,28.26430556,04-10-2011,67.0,110.0,3.5
-28.338333,31.373611,04-10-2011,96.4,61.100002,5.1000000000000005
-28.068333,31.55,04-10-2011,92.4,74.0,4.9
-27.4,26.624722,04-10-2011,44.7,151.1,2.3000000000000003
-29.161667,23.696389,05-10-2011,31.4,195.2,1.7000000000000002
-25.81048333,27.90955222,05-10-2011,69.0,107.0,3.6
-29.641944,30.6875,05-10-2011,118.5,29.5,6.2
-31.860278,18.6875,05-10-2011,1.6,230.2,0.1
-27.00222,28.76528,05-10-2011,64.4,101.700005,3.4000000000000004
-27.02314,28.59389,05-10-2011,63.2,105.1,3.3000000000000003
-27.273889,28.49,05-10-2011,62.600002,105.8,3.3000000000000003
-27.4275,28.525833,05-10-2011,62.8,104.9,3.3000000000000003
-27.3,28.586944,05-10-2011,63.4,104.700005,3.3000000000000003
-30.830556,26.921389,06-10-2011,42.100002,148.2,2.2
-30.679722,26.7125,06-10-2011,41.7,153.3,2.2
-30.160091,27.40124,06-10-2011,58.9,122.8,3.1
-30.336111,27.359444,06-10-2011,56.0,126.700005,2.9000000000000004
-31.000833,26.353056,07-10-2011,37.100002,159.1,1.9000000000000001
-28.460833,21.248889,07-10-2011,17.6,231.6,0.9
-28.760833,17.730278,08-10-2011,0.4,249.40001,0.0
-27.602222,29.942778,08-10-2011,86.3,81.0,4.5
-27.169444,29.233889,10-10-2011,67.3,94.700005,3.5
-27.01011111,26.69808333,11-10-2011,44.600002,144.7,2.3000000000000003
-24.183889,30.823889,11-10-2011,68.6,101.4,3.6
-25.127778,27.628889,11-10-2011,54.2,133.3,2.8000000000000003
-25.20639,27.558,11-10-2011,53.4,132.5,2.8000000000000003
-24.69514,27.40906,11-10-2011,52.600002,135.1,2.7
-25.73411,27.21422,11-10-2011,59.3,117.4,3.1
-27.363611,31.783333,11-10-2011,69.4,93.4,3.6
-26.648056,27.089444,11-10-2011,49.100002,130.6,2.6
-26.970278,27.211111,11-10-2011,50.8,130.5,2.7
-26.880278,26.965,11-10-2011,47.8,134.3,2.5
-26.98472222,26.63227778,11-10-2011,45.100002,143.40001,2.4000000000000004
-27.573056,24.746389,11-10-2011,43.8,171.7,2.3000000000000003
-29.028629,24.638389,11-10-2011,41.8,176.6,2.2
-30.160091,27.40124,11-10-2011,58.9,122.8,3.1
-33.31388889,19.07472222,11-10-2011,5.3,211.6,0.2
-29.161667,23.696389,12-10-2011,31.4,195.2,1.7000000000000002
-24.058889,31.237222,12-10-2011,65.5,106.3,3.4000000000000004
-26.905,32.324722,12-10-2011,76.700005,93.0,4.0
-26.73806,27.59194,12-10-2011,56.7,117.8,3.0
-31.000833,26.353056,12-10-2011,37.100002,159.1,1.9000000000000001
-30.679722,26.7125,12-10-2011,41.7,153.3,2.2
-33.7075,18.97444444,12-10-2011,6.7000003,206.1,0.30000000000000004
-24.679167,30.8025,13-10-2011,117.6,33.8,6.1000000000000005
-34.250556,20.9925,13-10-2011,12.1,174.7,0.6000000000000001
-34.031944,22.053333,13-10-2011,17.5,148.90001,0.9
-34.039722,22.133333,13-10-2011,18.300001,146.5,0.9
-34.02861,22.22222,14-10-2011,19.0,143.2,0.9
-27.01011111,26.69808333,17-10-2011,44.600002,144.7,2.3000000000000003
-25.99136,27.84208,17-10-2011,70.1,103.0,3.7
-26.861111,28.884722,17-10-2011,66.8,98.1,3.5
-26.73806,27.59194,17-10-2011,56.7,117.8,3.0
-26.98472222,26.63227778,17-10-2011,45.100002,143.40001,2.4000000000000004
-29.042222,24.6,17-10-2011,40.8,178.7,2.1
-29.380556,30.2775,18-10-2011,84.0,60.100002,4.4
-27.00222,28.76528,18-10-2011,64.4,101.700005,3.4000000000000004
-26.648056,27.089444,18-10-2011,49.100002,130.6,2.6
-26.970278,27.211111,18-10-2011,50.8,130.5,2.7
-26.880278,26.965,18-10-2011,47.8,134.3,2.5
-28.141944,26.417778,18-10-2011,48.8,147.6,2.6
-31.436944,20.474722,18-10-2011,5.3,223.1,0.30000000000000004
-33.501667,21.624167,18-10-2011,11.8,181.6,0.6000000000000001
-33.818056,19.694722,18-10-2011,6.8,205.3,0.30000000000000004
-25.45963889,28.26430556,18-10-2011,67.0,110.0,3.5
-28.7115,24.07288889,19-10-2011,40.3,182.90001,2.1
-25.81048333,27.90955222,19-10-2011,69.0,107.0,3.6
-26.006389,29.253889,19-10-2011,80.1,79.8,4.2
-29.1825,23.575556,19-10-2011,29.9,196.3,1.6
-34.075556,20.145556,19-10-2011,8.3,189.1,0.4
-27.5275,30.858056,20-10-2011,94.200005,63.0,4.9
-28.404444,30.013056,20-10-2011,86.4,79.0,4.5
-27.38972222,26.46388889,20-10-2011,43.8,153.7,2.3000000000000003
-29.028629,24.638389,20-10-2011,41.8,176.6,2.2
-28.058889,30.373611,20-10-2011,86.8,73.8,4.6000000000000005
-25.57877778,29.12747222,20-10-2011,72.9,99.5,3.8000000000000003
-27.937778,31.209444,21-10-2011,76.9,84.8,4.0
-28.760833,17.730278,22-10-2011,0.4,249.40001,0.0
-24.058889,31.237222,24-10-2011,65.5,106.3,3.4000000000000004
-29.7775,29.470833,24-10-2011,91.700005,53.0,4.7
-29.987778,29.851667,24-10-2011,64.8,80.1,3.3000000000000003
-29.744167,29.905833,24-10-2011,66.4,83.6,3.4000000000000004
-27.169444,29.233889,24-10-2011,67.3,94.700005,3.5
-26.73806,27.59194,24-10-2011,56.7,117.8,3.0
-26.45,28.085833,24-10-2011,62.4,108.200005,3.3000000000000003
-34.065833,20.404167,25-10-2011,8.3,186.6,0.4
-25.127778,27.628889,25-10-2011,54.2,133.3,2.8000000000000003
-25.20639,27.558,25-10-2011,53.4,132.5,2.8000000000000003
-24.69514,27.40906,25-10-2011,52.600002,135.1,2.7
-25.73411,27.21422,25-10-2011,59.3,117.4,3.1
-22.769722,30.886944,25-10-2011,66.8,107.8,3.5
-28.747778,31.745833,25-10-2011,118.6,42.3,6.2
-30.733889,29.828333,25-10-2011,65.1,77.1,2.8000000000000003
-31.104278,29.399722,25-10-2011,54.9,93.4,2.5
-30.77586667,29.03221667,25-10-2011,53.100002,101.0,2.8000000000000003
-31.396,29.2651,25-10-2011,55.9,94.0,2.5
-31.554722,29.245556,25-10-2011,66.5,75.9,2.5
-34.092222,21.295278,25-10-2011,12.7,168.7,0.6000000000000001
-27.495556,26.074722,25-10-2011,41.9,158.8,2.2
-30.398056,30.601944,26-10-2011,77.5,70.8,2.9000000000000004
-30.27402,30.69602,26-10-2011,68.6,79.4,3.0
-30.568333,29.422778,26-10-2011,56.9,90.0,2.9000000000000004
-30.86013889,29.07125,26-10-2011,50.8,102.4,2.6
-30.570833,29.150556,26-10-2011,59.9,89.0,3.1
-33.897778,20.012778,26-10-2011,7.1,192.7,0.30000000000000004
-25.447222,30.711667,26-10-2011,91.6,68.700005,4.7
-30.13573889,30.67422222,27-10-2011,71.3,77.4,3.6
-31.031389,28.883333,27-10-2011,50.7,100.0,2.6
-34.405833,19.600556,27-10-2011,9.8,164.3,0.4
-27.398611,26.614722,28-10-2011,44.7,151.1,2.3000000000000003
-27.902778,24.615556,28-10-2011,44.0,177.90001,2.3000000000000003
-29.803611,30.516111,28-10-2011,93.4,50.4,4.800000000000001
-25.99136,27.84208,31-10-2011,70.1,103.0,3.7
-26.861111,28.884722,31-10-2011,66.8,98.1,3.5
-26.45,28.085833,31-10-2011,62.4,108.200005,3.3000000000000003
-32.502778,19.535833,31-10-2011,2.2,227.6,0.1
-31.860278,18.6875,01-11-2011,1.6,230.2,0.1
-28.735556,29.820556,01-11-2011,87.3,76.8,4.6000000000000005
-27.00222,28.76528,01-11-2011,64.4,101.700005,3.4000000000000004
-26.880278,26.965,01-11-2011,47.8,134.3,2.5
-27.38972222,26.46388889,01-11-2011,43.8,153.7,2.3000000000000003
-29.160278,26.573333,01-11-2011,53.100002,146.90001,2.8000000000000003
-30.679722,26.7125,01-11-2011,41.7,153.3,2.2
-25.45963889,28.26430556,01-11-2011,67.0,110.0,3.5
-28.338333,31.373611,01-11-2011,96.4,61.100002,5.1000000000000005
-25.81048333,27.90955222,02-11-2011,69.0,107.0,3.6
-29.641944,30.6875,02-11-2011,118.5,29.5,6.2
-28.69485,28.23487,02-11-2011,69.3,95.700005,3.6
-29.615556,27.065278,02-11-2011,61.5,127.0,3.2
-29.161667,23.696389,03-11-2011,31.4,195.2,1.7000000000000002
-28.44555556,32.325,03-11-2011,130.5,28.7,6.7
-27.602222,29.942778,03-11-2011,86.3,81.0,4.5
-30.160091,27.40124,03-11-2011,58.9,122.8,3.1
-30.336111,27.359444,03-11-2011,56.0,126.700005,2.9000000000000004
-28.883333,27.89,03-11-2011,70.4,100.200005,3.7
-29.1825,23.575556,03-11-2011,29.9,196.3,1.6
-32.595833,19.009444,03-11-2011,2.8,228.5,0.1
-28.7115,24.07288889,04-11-2011,40.3,182.90001,2.1
-30.830556,26.921389,04-11-2011,42.100002,148.2,2.2
-27.573056,24.746389,04-11-2011,43.8,171.7,2.3000000000000003
-30.679722,26.7125,04-11-2011,41.7,153.3,2.2
-28.69485,28.23487,04-11-2011,69.3,95.700005,3.6
-28.760833,17.730278,05-11-2011,0.4,249.40001,0.0
-29.658056,25.973333,05-11-2011,43.5,158.1,2.3000000000000003
-31.000833,26.353056,05-11-2011,37.100002,159.1,1.9000000000000001
-27.169444,29.233889,07-11-2011,67.3,94.700005,3.5
-26.73806,27.59194,07-11-2011,56.7,117.8,3.0
-27.01011111,26.69808333,08-11-2011,44.600002,144.7,2.3000000000000003
-24.679167,30.8025,08-11-2011,117.6,33.8,6.1000000000000005
-24.183889,30.823889,08-11-2011,68.6,101.4,3.6
-25.127778,27.628889,08-11-2011,54.2,133.3,2.8000000000000003
-25.20639,27.558,08-11-2011,53.4,132.5,2.8000000000000003
-24.69514,27.40906,08-11-2011,52.600002,135.1,2.7
-27.363611,31.783333,08-11-2011,69.4,93.4,3.6
-29.380556,30.2775,08-11-2011,84.0,60.100002,4.4
-26.98472222,26.63227778,08-11-2011,45.100002,143.40001,2.4000000000000004
-27.398611,26.614722,08-11-2011,44.7,151.1,2.3000000000000003
-27.671111,27.236944,08-11-2011,50.0,138.3,2.6
-27.495556,26.074722,08-11-2011,41.9,158.8,2.2
-24.058889,31.237222,09-11-2011,65.5,106.3,3.4000000000000004
-27.02314,28.59389,09-11-2011,63.2,105.1,3.3000000000000003
-26.648056,27.089444,09-11-2011,49.100002,130.6,2.6
-27.273889,28.49,09-11-2011,62.600002,105.8,3.3000000000000003
-27.4275,28.525833,09-11-2011,62.8,104.9,3.3000000000000003
-27.3,28.586944,09-11-2011,63.4,104.700005,3.3000000000000003
-29.161667,30.629722,10-11-2011,113.5,30.800001,5.9
-33.38056,19.30167,10-11-2011,6.2000003,200.5,0.30000000000000004
-33.31388889,19.07472222,10-11-2011,5.3,211.6,0.2
-33.13083,18.86278,10-11-2011,4.1,206.0,0.2
-33.7075,18.97444444,10-11-2011,6.7000003,206.1,0.30000000000000004
-28.75,30.442778,11-11-2011,74.8,91.8,3.9000000000000004
-30.733889,29.828333,11-11-2011,65.1,77.1,2.8000000000000003
-27.5275,30.858056,12-11-2011,94.200005,63.0,4.9
-24.670833,28.560833,14-11-2011,60.9,112.700005,3.2
-25.99136,27.84208,14-11-2011,70.1,103.0,3.7
-24.925278,29.324444,14-11-2011,55.0,122.1,2.9000000000000004
-24.282222,28.090278,15-11-2011,71.9,98.4,3.8000000000000003
-29.380556,30.2775,15-11-2011,84.0,60.100002,4.4
-27.00222,28.76528,15-11-2011,64.4,101.700005,3.4000000000000004
-26.648056,27.089444,15-11-2011,49.100002,130.6,2.6
-34.031944,22.053333,15-11-2011,17.5,148.90001,0.9
-34.039722,22.133333,15-11-2011,18.300001,146.5,0.9
-25.45963889,28.26430556,15-11-2011,67.0,110.0,3.5
-29.161667,23.696389,16-11-2011,31.4,195.2,1.7000000000000002
-25.81048333,27.90955222,16-11-2011,69.0,107.0,3.6
-22.935,28.004167,16-11-2011,36.4,141.6,1.9000000000000001
-34.065833,20.404167,16-11-2011,8.3,186.6,0.4
-27.937778,31.209444,16-11-2011,76.9,84.8,4.0
-28.404444,30.013056,16-11-2011,86.4,79.0,4.5
-28.141944,26.417778,16-11-2011,48.8,147.6,2.6
-30.160091,27.40124,16-11-2011,58.9,122.8,3.1
-34.02861,22.22222,16-11-2011,19.0,143.2,0.9
-33.818056,19.694722,16-11-2011,6.8,205.3,0.30000000000000004
-34.075556,20.145556,16-11-2011,8.3,189.1,0.4
-34.005833,22.351111,16-11-2011,21.800001,136.8,1.1
-28.058889,30.373611,16-11-2011,86.8,73.8,4.6000000000000005
-22.91028,29.61111,17-11-2011,56.2,106.9,3.0
-27.38972222,26.46388889,17-11-2011,43.8,153.7,2.3000000000000003
-27.398611,26.614722,17-11-2011,44.7,151.1,2.3000000000000003
-27.671111,27.236944,17-11-2011,50.0,138.3,2.6
-33.897778,20.012778,17-11-2011,7.1,192.7,0.30000000000000004
-27.902778,24.615556,18-11-2011,44.0,177.90001,2.3000000000000003
-28.760833,17.730278,19-11-2011,0.4,249.40001,0.0
-29.161667,23.696389,21-11-2011,31.4,195.2,1.7000000000000002
-27.01011111,26.69808333,21-11-2011,44.600002,144.7,2.3000000000000003
-29.7775,29.470833,21-11-2011,91.700005,53.0,4.7
-29.744167,29.905833,21-11-2011,66.4,83.6,3.4000000000000004
-26.861111,28.884722,21-11-2011,66.8,98.1,3.5
-26.45,28.085833,21-11-2011,62.4,108.200005,3.3000000000000003
-26.98472222,26.63227778,21-11-2011,45.100002,143.40001,2.4000000000000004
-31.554722,29.245556,21-11-2011,66.5,75.9,2.5
-25.127778,27.628889,22-11-2011,54.2,133.3,2.8000000000000003
-25.20639,27.558,22-11-2011,53.4,132.5,2.8000000000000003
-24.69514,27.40906,22-11-2011,52.600002,135.1,2.7
-29.987778,29.851667,22-11-2011,64.8,80.1,3.3000000000000003
-27.169444,29.233889,22-11-2011,67.3,94.700005,3.5
-26.970278,27.211111,22-11-2011,50.8,130.5,2.7
-26.880278,26.965,22-11-2011,47.8,134.3,2.5
-31.394444,20.947222,22-11-2011,6.6,227.40001,0.30000000000000004
-29.651389,22.746389,22-11-2011,20.6,210.0,1.1
-27.495556,26.074722,22-11-2011,41.9,158.8,2.2
-23.658056,31.05,23-11-2011,55.4,117.6,2.9000000000000004
-28.747778,31.745833,23-11-2011,118.6,42.3,6.2
-28.801278,31.955389,23-11-2011,107.1,54.100002,5.6000000000000005
-30.398056,30.601944,23-11-2011,77.5,70.8,2.9000000000000004
-30.27402,30.69602,23-11-2011,68.6,79.4,3.0
-28.69485,28.23487,23-11-2011,69.3,95.700005,3.6
-30.568333,29.422778,23-11-2011,56.9,90.0,2.9000000000000004
-30.13573889,30.67422222,24-11-2011,71.3,77.4,3.6
-27.573056,24.746389,24-11-2011,43.8,171.7,2.3000000000000003
-31.031389,28.883333,24-11-2011,50.7,100.0,2.6
-30.86013889,29.07125,24-11-2011,50.8,102.4,2.6
-30.77586667,29.03221667,24-11-2011,53.100002,101.0,2.8000000000000003
-27.902778,24.615556,25-11-2011,44.0,177.90001,2.3000000000000003
-29.803611,30.516111,25-11-2011,93.4,50.4,4.800000000000001
-25.99136,27.84208,28-11-2011,70.1,103.0,3.7
-30.398056,30.601944,28-11-2011,77.5,70.8,2.9000000000000004
-30.27402,30.69602,28-11-2011,68.6,79.4,3.0
-27.169444,29.233889,28-11-2011,67.3,94.700005,3.5
-26.861111,28.884722,28-11-2011,66.8,98.1,3.5
-26.73806,27.59194,28-11-2011,56.7,117.8,3.0
-29.160278,26.573333,28-11-2011,53.100002,146.90001,2.8000000000000003
-28.735556,29.820556,29-11-2011,87.3,76.8,4.6000000000000005
-30.679722,26.7125,29-11-2011,41.7,153.3,2.2
-28.69485,28.23487,29-11-2011,69.3,95.700005,3.6
-29.615556,27.065278,29-11-2011,61.5,127.0,3.2
-28.883333,27.89,29-11-2011,70.4,100.200005,3.7
-25.45963889,28.26430556,29-11-2011,67.0,110.0,3.5
-25.81048333,27.90955222,30-11-2011,69.0,107.0,3.6
-29.641944,30.6875,30-11-2011,118.5,29.5,6.2
-27.602222,29.942778,30-11-2011,86.3,81.0,4.5
-27.02314,28.59389,30-11-2011,63.2,105.1,3.3000000000000003
-27.273889,28.49,30-11-2011,62.600002,105.8,3.3000000000000003
-27.4275,28.525833,30-11-2011,62.8,104.9,3.3000000000000003
-27.3,28.586944,30-11-2011,63.4,104.700005,3.3000000000000003
-30.160091,27.40124,30-11-2011,58.9,122.8,3.1
-30.336111,27.359444,30-11-2011,56.0,126.700005,2.9000000000000004
-25.447222,30.711667,30-11-2011,91.6,68.700005,4.7
-30.830556,26.921389,01-12-2011,42.100002,148.2,2.2
-27.398611,26.614722,01-12-2011,44.7,151.1,2.3000000000000003
-31.000833,26.353056,01-12-2011,37.100002,159.1,1.9000000000000001
-29.658056,25.973333,02-12-2011,43.5,158.1,2.3000000000000003
-28.760833,17.730278,03-12-2011,0.4,249.40001,0.0
-28.96362,19.15486,03-12-2011,2.3,260.7,0.1
-24.679167,30.8025,06-12-2011,117.6,33.8,6.1000000000000005
-24.183889,30.823889,06-12-2011,68.6,101.4,3.6
-25.127778,27.628889,06-12-2011,54.2,133.3,2.8000000000000003
-25.20639,27.558,06-12-2011,53.4,132.5,2.8000000000000003
-24.69514,27.40906,06-12-2011,52.600002,135.1,2.7
-24.39619444,27.08983333,09-04-2014,155.3,19.9,8.200000000000001
-29.380556,30.2775,06-12-2011,84.0,60.100002,4.4
-27.671111,27.236944,06-12-2011,50.0,138.3,2.6
-29.658056,25.973333,06-12-2011,43.5,158.1,2.3000000000000003
-33.501667,21.624167,06-12-2011,11.8,181.6,0.6000000000000001
-29.161667,23.696389,07-12-2011,31.4,195.2,1.7000000000000002
-27.01011111,26.69808333,07-12-2011,44.600002,144.7,2.3000000000000003
-29.641944,30.6875,07-12-2011,118.5,29.5,6.2
-24.282222,28.090278,07-12-2011,71.9,98.4,3.8000000000000003
-24.058889,31.237222,07-12-2011,65.5,106.3,3.4000000000000004
-26.45,28.085833,07-12-2011,62.4,108.200005,3.3000000000000003
-26.98472222,26.63227778,07-12-2011,45.100002,143.40001,2.4000000000000004
-27.398611,26.614722,07-12-2011,44.7,151.1,2.3000000000000003
-28.69485,28.23487,07-12-2011,69.3,95.700005,3.6
-29.1825,23.575556,07-12-2011,29.9,196.3,1.6
-27.4,26.624722,07-12-2011,44.7,151.1,2.3000000000000003
-27.00222,28.76528,08-12-2011,64.4,101.700005,3.4000000000000004
-26.648056,27.089444,08-12-2011,49.100002,130.6,2.6
-26.970278,27.211111,08-12-2011,50.8,130.5,2.7
-26.880278,26.965,08-12-2011,47.8,134.3,2.5
-27.902778,24.615556,09-12-2011,44.0,177.90001,2.3000000000000003
-28.768056,20.720556,09-12-2011,11.7,250.8,0.6000000000000001
-27.01011111,26.69808333,12-12-2011,44.600002,144.7,2.3000000000000003
-25.99136,27.84208,12-12-2011,70.1,103.0,3.7
-24.058889,31.237222,12-12-2011,65.5,106.3,3.4000000000000004
-29.380556,30.2775,12-12-2011,84.0,60.100002,4.4
-26.861111,28.884722,12-12-2011,66.8,98.1,3.5
-26.73806,27.59194,12-12-2011,56.7,117.8,3.0
-26.45,28.085833,12-12-2011,62.4,108.200005,3.3000000000000003
-26.98472222,26.63227778,12-12-2011,45.100002,143.40001,2.4000000000000004
-24.925278,29.324444,13-12-2011,55.0,122.1,2.9000000000000004
-27.169444,29.233889,13-12-2011,67.3,94.700005,3.5
-26.648056,27.089444,13-12-2011,49.100002,130.6,2.6
-26.970278,27.211111,13-12-2011,50.8,130.5,2.7
-26.880278,26.965,13-12-2011,47.8,134.3,2.5
-29.615556,27.065278,13-12-2011,61.5,127.0,3.2
-31.396,29.2651,13-12-2011,55.9,94.0,2.5
-33.38056,19.30167,13-12-2011,6.2000003,200.5,0.30000000000000004
-33.31388889,19.07472222,13-12-2011,5.3,211.6,0.2
-29.161667,23.696389,14-12-2011,31.4,195.2,1.7000000000000002
-25.81048333,27.90955222,14-12-2011,69.0,107.0,3.6
-27.937778,31.209444,14-12-2011,76.9,84.8,4.0
-28.141944,26.417778,14-12-2011,48.8,147.6,2.6
-28.1175,26.719444,14-12-2011,50.0,143.3,2.6
-30.568333,29.422778,14-12-2011,56.9,90.0,2.9000000000000004
-31.104278,29.399722,14-12-2011,54.9,93.4,2.5
-28.058889,30.373611,14-12-2011,86.8,73.8,4.6000000000000005
-25.447222,30.711667,14-12-2011,91.6,68.700005,4.7
-27.5275,30.858056,15-12-2011,94.200005,63.0,4.9
-27.398611,26.614722,15-12-2011,44.7,151.1,2.3000000000000003
-27.671111,27.236944,15-12-2011,50.0,138.3,2.6
-31.031389,28.883333,15-12-2011,50.7,100.0,2.6
-30.86013889,29.07125,15-12-2011,50.8,102.4,2.6
-32.502778,19.535833,19-12-2011,2.2,227.6,0.1
-29.161667,23.696389,20-12-2011,31.4,195.2,1.7000000000000002
-29.160278,26.573333,20-12-2011,53.100002,146.90001,2.8000000000000003
-32.595833,19.009444,20-12-2011,2.8,228.5,0.1
-33.13083,18.86278,20-12-2011,4.1,206.0,0.2
-28.69485,28.23487,21-12-2011,69.3,95.700005,3.6
-28.883333,27.89,21-12-2011,70.4,100.200005,3.7
-29.1825,23.575556,21-12-2011,29.9,196.3,1.6
-33.7075,18.97444444,21-12-2011,6.7000003,206.1,0.30000000000000004
-27.573056,24.746389,22-12-2011,43.8,171.7,2.3000000000000003
-30.160091,27.40124,22-12-2011,58.9,122.8,3.1
-30.336111,27.359444,22-12-2011,56.0,126.700005,2.9000000000000004
-30.830556,26.921389,23-12-2011,42.100002,148.2,2.2
-29.658056,25.973333,23-12-2011,43.5,158.1,2.3000000000000003
-31.000833,26.353056,23-12-2011,37.100002,159.1,1.9000000000000001
-25.362222,31.956667,26-12-2011,83.8,72.8,4.4
-25.14944444,31.94055556,26-12-2011,81.200005,78.5,4.2
-28.735556,29.820556,27-12-2011,87.3,76.8,4.6000000000000005
-29.641944,30.6875,28-12-2011,118.5,29.5,6.2
-29.758889,30.935278,28-12-2011,126.9,19.9,6.6000000000000005
-27.602222,29.942778,29-12-2011,86.3,81.0,4.5
-30.398056,30.601944,29-12-2011,77.5,70.8,2.9000000000000004
-30.27402,30.69602,29-12-2011,68.6,79.4,3.0
-28.760833,17.730278,03-01-2012,12.0,191.3,0.6000000000000001
-25.99136,27.84208,03-01-2012,61.8,80.3,3.2
-26.861111,28.884722,03-01-2012,54.9,83.3,2.9000000000000004
-26.73806,27.59194,03-01-2012,47.9,94.6,2.5
-26.45,28.085833,03-01-2012,57.5,83.700005,3.0
-27.671111,27.236944,03-01-2012,38.0,107.5,2.0
-27.01011111,26.69808333,04-01-2012,9.8,106.3,0.5
-25.127778,27.628889,04-01-2012,4.4,116.9,0.2
-25.20639,27.558,04-01-2012,4.9,114.6,0.2
-24.69514,27.40906,04-01-2012,4.1,124.700005,0.2
-27.169444,29.233889,04-01-2012,5.9,95.8,0.30000000000000004
-26.880278,26.965,04-01-2012,9.400001,101.5,0.5
-26.98472222,26.63227778,04-01-2012,10.0,105.8,0.5
-27.398611,26.614722,04-01-2012,11.7,106.9,0.6000000000000001
-25.45963889,28.26430556,04-01-2012,4.7000003,112.9,0.2
-27.495556,26.074722,04-01-2012,14.1,103.700005,0.7000000000000001
-27.4,26.624722,04-01-2012,11.7,106.9,0.6000000000000001
-25.81048333,27.90955222,05-01-2012,0.3,87.9,0.0
-29.161667,30.629722,05-01-2012,1.4,66.3,0.1
-27.00222,28.76528,05-01-2012,0.4,79.9,0.0
-27.02314,28.59389,05-01-2012,0.4,81.1,0.0
-26.648056,27.089444,05-01-2012,0.2,86.9,0.0
-26.970278,27.211111,05-01-2012,0.3,85.6,0.0
-27.273889,28.49,05-01-2012,0.4,80.0,0.0
-27.4275,28.525833,05-01-2012,0.4,78.8,0.0
-27.3,28.586944,05-01-2012,0.4,79.1,0.0
-28.376944,24.303056,05-01-2012,0.90000004,87.3,0.0
-29.744167,29.905833,06-01-2012,32.600002,28.800001,1.7000000000000002
-29.7775,29.470833,09-01-2012,26.800001,80.700005,1.4000000000000001
-29.987778,29.851667,09-01-2012,33.5,72.4,1.7000000000000002
-29.744167,29.905833,09-01-2012,30.9,74.6,1.6
-26.970278,27.211111,09-01-2012,24.1,122.5,1.3
-30.733889,29.828333,10-01-2012,107.4,0.0,7.4
-26.880278,26.965,10-01-2012,44.7,135.3,2.3000000000000003
-26.98472222,26.63227778,10-01-2012,43.4,141.6,2.3000000000000003
-33.501667,21.624167,10-01-2012,38.7,88.3,2.0
-30.27402,30.69602,11-01-2012,75.1,47.0,1.3
-33.818056,19.694722,11-01-2012,13.6,163.40001,0.6000000000000001
-30.13573889,30.67422222,12-01-2012,132.0,0.0,9.4
-34.075556,20.145556,12-01-2012,11.6,171.40001,0.6000000000000001
-29.803611,30.516111,13-01-2012,128.90001,0.0,33.1
-24.670833,28.560833,16-01-2012,123.6,44.100002,6.5
-26.73806,27.59194,16-01-2012,139.7,21.7,7.300000000000001
-26.45,28.085833,16-01-2012,134.40001,21.5,7.1000000000000005
-27.044444,27.005,16-01-2012,134.7,35.600002,7.1000000000000005
-31.396,29.2651,16-01-2012,118.6,13.3,5.9
-31.554722,29.245556,16-01-2012,117.9,5.0,6.1000000000000005
-25.73411,27.21422,29-03-2011,108.9,55.100002,5.7
-27.01011111,26.69808333,17-01-2012,132.5,43.100002,7.0
-25.81048333,27.90955222,17-01-2012,134.8,28.7,7.1000000000000005
-24.679167,30.8025,17-01-2012,144.5,0.0,9.200000000000001
-24.183889,30.823889,17-01-2012,105.6,48.600002,5.6000000000000005
-24.282222,28.090278,17-01-2012,105.8,62.9,5.6000000000000005
-25.99136,27.84208,17-01-2012,140.40001,18.4,7.4
-25.20639,27.558,17-01-2012,118.5,58.5,6.2
-27.169444,29.233889,17-01-2012,135.6,9.8,7.1000000000000005
-27.00222,28.76528,17-01-2012,136.40001,14.0,7.2
-26.648056,27.089444,17-01-2012,137.2,28.2,7.2
-26.880278,26.965,17-01-2012,135.6,32.8,7.1000000000000005
-25.73411,27.21422,12-02-2013,156.2,0.0,8.8
-27.38972222,26.46388889,17-01-2012,125.9,58.4,6.6000000000000005
-29.042222,24.6,17-01-2012,86.6,116.700005,4.6000000000000005
-30.679722,26.7125,17-01-2012,95.9,74.9,5.0
-30.160091,27.40124,17-01-2012,138.90001,24.300001,7.300000000000001
-31.104278,29.399722,17-01-2012,127.4,2.9,6.6000000000000005
-32.502778,19.535833,17-01-2012,16.9,206.5,0.9
-29.161667,23.696389,18-01-2012,70.9,133.40001,3.7
-22.935,28.004167,18-01-2012,56.2,129.7,3.0
-30.830556,26.921389,18-01-2012,95.9,71.1,5.0
-23.23572222,27.717,18-01-2012,58.9,126.9,3.1
-25.127778,27.628889,18-01-2012,116.4,60.2,6.1000000000000005
-24.69514,27.40906,18-01-2012,109.9,75.1,5.800000000000001
-27.4275,28.525833,18-01-2012,150.40001,0.0,8.200000000000001
-25.73411,27.21422,11-02-2014,160.40001,5.3,8.4
-28.141944,26.417778,18-01-2012,126.8,57.5,6.7
-25.73411,27.21422,13-03-2014,160.40001,5.3,8.4
-27.671111,27.236944,18-01-2012,138.5,33.600002,7.300000000000001
-25.73411,27.21422,04-06-2014,160.40001,5.3,8.4
-25.73411,27.21422,09-07-2014,55.9,116.6,2.9000000000000004
-30.336111,27.359444,18-01-2012,130.3,33.8,6.9
-32.595833,19.009444,18-01-2012,19.2,194.6,1.0
-25.73411,27.21422,02-09-2014,55.9,116.6,2.9000000000000004
-25.45963889,28.26430556,18-01-2012,120.700005,46.3,6.300000000000001
-27.356667,27.286389,18-01-2012,134.40001,37.3,7.1000000000000005
-22.548889,28.898056,19-01-2012,54.600002,129.3,2.9000000000000004
-22.91028,29.61111,19-01-2012,76.4,91.0,4.0
-27.398611,26.614722,19-01-2012,127.4,55.2,6.7
-30.679722,26.7125,19-01-2012,95.9,74.9,5.0
-27.356667,27.286389,19-01-2012,134.40001,37.3,7.1000000000000005
-23.658056,31.05,20-01-2012,75.4,83.3,4.0
-30.27402,30.69602,20-01-2012,130.7,0.0,8.700000000000001
-27.671111,27.236944,20-01-2012,138.5,33.600002,7.300000000000001
-27.573056,24.746389,20-01-2012,107.700005,99.3,5.7
-27.902778,24.615556,20-01-2012,102.9,101.4,5.4
-28.760833,17.730278,22-01-2012,4.1,235.1,0.2
-27.044444,27.005,23-01-2012,134.7,35.600002,7.1000000000000005
-29.161667,23.696389,24-01-2012,70.9,133.40001,3.7
-27.01011111,26.69808333,24-01-2012,132.5,43.100002,7.0
-26.880278,26.965,24-01-2012,135.6,32.8,7.1000000000000005
-27.273889,28.49,24-01-2012,148.7,3.1000001,7.800000000000001
-27.4275,28.525833,24-01-2012,150.40001,0.0,8.200000000000001
-25.73411,27.21422,24-06-2015,45.0,149.2,2.4000000000000004
-25.73411,27.21422,07-07-2015,45.0,149.2,2.4000000000000004
-27.3,28.586944,24-01-2012,149.1,1.4,7.800000000000001
-31.031389,28.883333,24-01-2012,133.7,1.5,7.0
-30.86013889,29.07125,24-01-2012,135.8,0.0,7.2
-33.31388889,19.07472222,24-01-2012,20.800001,186.1,0.9
-25.45963889,28.26430556,24-01-2012,120.700005,46.3,6.300000000000001
-29.161667,23.696389,25-01-2012,70.9,133.40001,3.7
-29.042222,24.6,25-01-2012,86.6,116.700005,4.6000000000000005
-29.028629,24.638389,25-01-2012,88.4,114.6,4.7
-30.568333,29.422778,25-01-2012,132.2,0.0,7.9
-33.38056,19.30167,25-01-2012,19.800001,174.0,0.9
-33.13083,18.86278,25-01-2012,18.9,190.5,0.9
-29.758889,30.935278,26-01-2012,130.0,0.0,28.5
-29.161667,30.629722,26-01-2012,132.0,0.0,42.300000000000004
-34.031944,22.053333,26-01-2012,13.3,135.2,0.7000000000000001
-34.039722,22.133333,26-01-2012,13.5,133.1,0.7000000000000001
-34.02861,22.22222,26-01-2012,14.5,128.6,0.7000000000000001
-30.398056,30.601944,27-01-2012,131.0,0.0,8.1
-30.27402,30.69602,27-01-2012,130.7,0.0,8.700000000000001
-25.447222,30.711667,27-01-2012,145.0,0.0,7.7
-29.641944,30.6875,28-01-2012,133.90001,0.0,31.1
-29.380556,30.2775,28-01-2012,128.5,0.0,29.400000000000002
-25.127778,27.628889,30-01-2012,116.4,60.2,6.1000000000000005
-25.20639,27.558,30-01-2012,118.5,58.5,6.2
-24.69514,27.40906,30-01-2012,109.9,75.1,5.800000000000001
-27.169444,29.233889,30-01-2012,135.6,9.8,7.1000000000000005
-26.861111,28.884722,30-01-2012,127.9,23.1,6.7
-26.970278,27.211111,30-01-2012,137.7,28.5,7.2
-26.73806,27.59194,30-01-2012,139.7,21.7,7.300000000000001
-26.45,28.085833,30-01-2012,134.40001,21.5,7.1000000000000005
-27.00222,28.76528,31-01-2012,136.40001,14.0,7.2
-27.273889,28.49,31-01-2012,148.7,3.1000001,7.800000000000001
-26.98472222,26.63227778,31-01-2012,133.3,40.8,7.0
-29.160278,26.573333,31-01-2012,128.2,53.5,6.7
-33.818056,19.694722,31-01-2012,12.7,187.0,0.6000000000000001
-27.3,28.586944,01-02-2012,149.1,1.4,7.800000000000001
-28.69485,28.23487,01-02-2012,148.40001,0.0,16.7
-29.615556,27.065278,01-02-2012,146.6,23.2,7.7
-28.883333,27.89,01-02-2012,152.8,0.0,12.3
-34.075556,20.145556,01-02-2012,11.6,171.40001,0.6000000000000001
-24.925278,29.324444,02-02-2012,109.200005,58.8,5.7
-30.336111,27.359444,02-02-2012,130.3,33.8,6.9
-27.573056,24.746389,03-02-2012,107.700005,99.3,5.7
-27.902778,24.615556,03-02-2012,102.9,101.4,5.4
-29.658056,25.973333,03-02-2012,97.1,82.0,5.1000000000000005
-31.000833,26.353056,03-02-2012,72.3,95.0,3.8000000000000003
-30.679722,26.7125,03-02-2012,95.9,74.9,5.0
-28.760833,17.730278,05-02-2012,4.1,235.1,0.2
-25.99136,27.84208,06-02-2012,140.40001,18.4,7.4
-29.987778,29.851667,06-02-2012,129.90001,0.0,11.600000000000001
-26.45,28.085833,06-02-2012,134.40001,21.5,7.1000000000000005
-27.398611,26.614722,06-02-2012,127.4,55.2,6.7
-27.671111,27.236944,06-02-2012,138.5,33.600002,7.300000000000001
-29.042222,24.6,06-02-2012,86.6,116.700005,4.6000000000000005
-27.356667,27.286389,06-02-2012,134.40001,37.3,7.1000000000000005
-27.01011111,26.69808333,07-02-2012,132.5,43.100002,7.0
-30.830556,26.921389,07-02-2012,95.9,71.1,5.0
-30.733889,29.828333,07-02-2012,127.4,0.0,8.1
-29.380556,30.2775,07-02-2012,128.5,0.0,29.400000000000002
-26.98472222,26.63227778,07-02-2012,133.3,40.8,7.0
-25.45963889,28.26430556,07-02-2012,120.700005,46.3,6.300000000000001
-25.57877778,29.12747222,07-02-2012,119.700005,42.0,6.300000000000001
-27.4,26.624722,07-02-2012,127.4,55.2,6.7
-25.81048333,27.90955222,08-02-2012,134.8,28.7,7.1000000000000005
-27.937778,31.209444,08-02-2012,143.8,1.4,7.5
-30.398056,30.601944,08-02-2012,131.0,0.0,8.1
-30.27402,30.69602,08-02-2012,130.7,0.0,8.700000000000001
-27.00222,28.76528,08-02-2012,136.40001,14.0,7.2
-27.02314,28.59389,08-02-2012,138.7,13.3,7.300000000000001
-26.648056,27.089444,08-02-2012,137.2,28.2,7.2
-26.970278,27.211111,08-02-2012,137.7,28.5,7.2
-26.880278,26.965,08-02-2012,135.6,32.8,7.1000000000000005
-27.273889,28.49,08-02-2012,148.7,3.1000001,7.800000000000001
-27.4275,28.525833,08-02-2012,150.40001,0.0,8.200000000000001
-27.3,28.586944,08-02-2012,149.1,1.4,7.800000000000001
-27.044444,27.005,08-02-2012,134.7,35.600002,7.1000000000000005
-29.028629,24.638389,08-02-2012,88.4,114.6,4.7
-34.329722,18.990278,08-02-2012,16.7,146.3,0.4
-27.5275,30.858056,09-02-2012,139.7,0.0,9.4
-30.13573889,30.67422222,09-02-2012,132.0,0.0,9.4
-29.803611,30.516111,10-02-2012,128.90001,0.0,33.1
-28.44555556,32.325,12-02-2012,132.90001,9.3,6.800000000000001
-29.161667,30.629722,12-02-2012,132.0,0.0,42.300000000000004
-26.73806,27.59194,13-02-2012,139.7,21.7,7.300000000000001
-31.396,29.2651,13-02-2012,118.6,13.3,5.9
-31.554722,29.245556,13-02-2012,117.9,5.0,6.1000000000000005
-25.127778,27.628889,14-02-2012,116.4,60.2,6.1000000000000005
-25.20639,27.558,14-02-2012,118.5,58.5,6.2
-27.169444,29.233889,14-02-2012,135.6,9.8,7.1000000000000005
-30.568333,29.422778,14-02-2012,132.2,0.0,7.9
-30.570833,29.150556,14-02-2012,133.40001,0.0,8.200000000000001
-31.104278,29.399722,14-02-2012,127.4,2.9,6.6000000000000005
-32.595833,19.009444,14-02-2012,19.2,194.6,1.0
-28.141944,26.417778,15-02-2012,126.8,57.5,6.7
-28.1175,26.719444,15-02-2012,129.40001,50.0,6.800000000000001
-31.031389,28.883333,15-02-2012,133.7,1.5,7.0
-30.86013889,29.07125,15-02-2012,135.8,0.0,7.2
-30.77586667,29.03221667,15-02-2012,136.3,0.0,7.6000000000000005
-24.69514,27.40906,16-02-2012,109.9,75.1,5.800000000000001
-27.398611,26.614722,16-02-2012,127.4,55.2,6.7
-27.671111,27.236944,16-02-2012,138.5,33.600002,7.300000000000001
-28.376944,24.303056,16-02-2012,96.9,107.4,5.1000000000000005
-29.615556,27.065278,16-02-2012,146.6,23.2,7.7
-27.356667,27.286389,16-02-2012,134.40001,37.3,7.1000000000000005
-27.4,26.624722,16-02-2012,127.4,55.2,6.7
-22.43772222,31.07805556,17-02-2012,80.1,103.200005,4.2
-27.902778,24.615556,17-02-2012,102.9,101.4,5.4
-34.250556,20.9925,17-02-2012,14.0,160.5,0.7000000000000001
-28.760833,17.730278,19-02-2012,4.1,235.1,0.2
-27.01011111,26.69808333,20-02-2012,132.5,43.100002,7.0
-26.45,28.085833,20-02-2012,134.40001,21.5,7.1000000000000005
-26.98472222,26.63227778,20-02-2012,133.3,40.8,7.0
-33.501667,21.624167,20-02-2012,14.2,161.0,0.7000000000000001
-33.31388889,19.07472222,20-02-2012,20.800001,186.1,0.9
-24.679167,30.8025,21-02-2012,144.5,0.0,9.200000000000001
-30.830556,26.921389,21-02-2012,95.9,71.1,5.0
-24.670833,28.560833,21-02-2012,123.6,44.100002,6.5
-28.735556,29.820556,21-02-2012,148.3,0.0,9.9
-26.648056,27.089444,21-02-2012,137.2,28.2,7.2
-26.970278,27.211111,21-02-2012,137.7,28.5,7.2
-26.880278,26.965,21-02-2012,135.6,32.8,7.1000000000000005
-27.044444,27.005,21-02-2012,134.7,35.600002,7.1000000000000005
-25.45963889,28.26430556,21-02-2012,120.700005,46.3,6.300000000000001
-28.068333,31.55,21-02-2012,136.7,12.900001,6.9
-29.161667,23.696389,22-02-2012,70.9,133.40001,3.7
-29.641944,30.6875,22-02-2012,133.90001,0.0,31.1
-27.38972222,26.46388889,22-02-2012,125.9,58.4,6.6000000000000005
-30.679722,26.7125,22-02-2012,95.9,74.9,5.0
-29.1825,23.575556,22-02-2012,66.6,142.2,3.5
-28.7115,24.07288889,23-02-2012,85.6,119.200005,4.5
-27.602222,29.942778,23-02-2012,152.6,0.0,8.6
-28.75,30.442778,23-02-2012,152.1,0.0,9.1
-29.380556,30.2775,23-02-2012,128.5,0.0,29.400000000000002
-27.398611,26.614722,23-02-2012,127.4,55.2,6.7
-29.758889,30.935278,24-02-2012,130.0,0.0,28.5
-27.573056,24.746389,24-02-2012,107.700005,99.3,5.7
-34.031944,22.053333,24-02-2012,13.3,135.2,0.7000000000000001
-34.039722,22.133333,24-02-2012,13.5,133.1,0.7000000000000001
-30.398056,30.601944,25-02-2012,131.0,0.0,8.1
-30.27402,30.69602,25-02-2012,130.7,0.0,8.700000000000001
-27.169444,29.233889,27-02-2012,135.6,9.8,7.1000000000000005
-26.861111,28.884722,27-02-2012,127.9,23.1,6.7
-26.73806,27.59194,27-02-2012,139.7,21.7,7.300000000000001
-25.127778,27.628889,28-02-2012,116.4,60.2,6.1000000000000005
-25.20639,27.558,28-02-2012,118.5,58.5,6.2
-24.69514,27.40906,28-02-2012,109.9,75.1,5.800000000000001
-27.00222,28.76528,28-02-2012,136.40001,14.0,7.2
-33.818056,19.694722,28-02-2012,12.7,187.0,0.6000000000000001
-29.161667,23.696389,29-02-2012,70.9,133.40001,3.7
-22.769722,30.886944,29-02-2012,89.9,79.5,4.7
-23.281,30.54305556,29-02-2012,73.9,88.8,3.9000000000000004
-26.905,32.324722,29-02-2012,98.4,50.600002,4.6000000000000005
-28.69485,28.23487,29-02-2012,148.40001,0.0,16.7
-28.883333,27.89,29-02-2012,152.8,0.0,12.3
-34.075556,20.145556,29-02-2012,11.6,171.40001,0.6000000000000001
-24.925278,29.324444,01-03-2012,109.200005,58.8,5.7
-27.573056,24.746389,01-03-2012,107.700005,99.3,5.7
-30.160091,27.40124,01-03-2012,138.90001,24.300001,7.300000000000001
-30.336111,27.359444,01-03-2012,130.3,33.8,6.9
-29.615556,27.065278,01-03-2012,146.6,23.2,7.7
-30.830556,26.921389,02-03-2012,95.9,71.1,5.0
-23.658056,31.05,02-03-2012,75.4,83.3,4.0
-27.902778,24.615556,02-03-2012,102.9,101.4,5.4
-29.658056,25.973333,02-03-2012,97.1,82.0,5.1000000000000005
-29.028629,24.638389,02-03-2012,88.4,114.6,4.7
-31.000833,26.353056,02-03-2012,72.3,95.0,3.8000000000000003
-30.679722,26.7125,02-03-2012,95.9,74.9,5.0
-28.760833,17.730278,04-03-2012,4.1,235.1,0.2
-25.99136,27.84208,05-03-2012,140.40001,18.4,7.4
-24.058889,31.237222,05-03-2012,92.6,61.100002,4.9
-29.987778,29.851667,05-03-2012,129.90001,0.0,11.600000000000001
-29.744167,29.905833,05-03-2012,134.7,0.0,23.3
-26.861111,28.884722,05-03-2012,127.9,23.1,6.7
-26.45,28.085833,05-03-2012,134.40001,21.5,7.1000000000000005
-28.768056,20.720556,05-03-2012,25.300001,217.8,1.3
-30.733889,29.828333,06-03-2012,127.4,0.0,8.1
-29.380556,30.2775,06-03-2012,128.5,0.0,29.400000000000002
-27.398611,26.614722,06-03-2012,127.4,55.2,6.7
-27.671111,27.236944,06-03-2012,138.5,33.600002,7.300000000000001
-29.042222,24.6,06-03-2012,86.6,116.700005,4.6000000000000005
-30.336111,27.359444,06-03-2012,130.3,33.8,6.9
-27.4,26.624722,06-03-2012,127.4,55.2,6.7
-29.161667,23.696389,07-03-2012,70.9,133.40001,3.7
-24.925278,29.324444,18-10-2011,55.0,122.1,2.9000000000000004
-28.7115,24.07288889,07-03-2012,85.6,119.200005,4.5
-25.81048333,27.90955222,07-03-2012,134.8,28.7,7.1000000000000005
-27.937778,31.209444,07-03-2012,143.8,1.4,7.5
-28.404444,30.013056,07-03-2012,150.2,0.0,9.200000000000001
-30.398056,30.601944,07-03-2012,131.0,0.0,8.1
-24.925278,29.324444,07-06-2012,109.200005,58.8,5.7
-24.925278,29.324444,09-08-2012,98.6,68.200005,5.2
-24.925278,29.324444,05-10-2012,98.6,68.200005,5.2
-30.27402,30.69602,07-03-2012,130.7,0.0,8.700000000000001
-27.02314,28.59389,07-03-2012,138.7,13.3,7.300000000000001
-27.273889,28.49,07-03-2012,148.7,3.1000001,7.800000000000001
-24.925278,29.324444,02-07-2013,144.8,9.3,7.6000000000000005
-24.925278,29.324444,22-08-2013,62.4,109.9,3.3000000000000003
-24.925278,29.324444,16-09-2013,62.4,109.9,3.3000000000000003
-27.4275,28.525833,07-03-2012,150.40001,0.0,8.200000000000001
-24.925278,29.324444,20-01-2014,161.90001,0.0,30.3
-27.3,28.586944,07-03-2012,149.1,1.4,7.800000000000001
-29.1825,23.575556,07-03-2012,66.6,142.2,3.5
-24.925278,29.324444,10-06-2014,161.90001,0.0,30.3
-24.925278,29.324444,18-07-2014,64.6,108.4,2.0
-34.329722,18.990278,07-03-2012,16.7,146.3,0.4
-24.925278,29.324444,05-09-2014,64.6,108.4,2.0
-28.058889,30.373611,07-03-2012,147.1,0.0,9.1
-27.5275,30.858056,08-03-2012,139.7,0.0,9.4
-27.38972222,26.46388889,08-03-2012,125.9,58.4,6.6000000000000005
-27.398611,26.614722,08-03-2012,127.4,55.2,6.7
-30.679722,26.7125,08-03-2012,95.9,74.9,5.0
-29.803611,30.516111,09-03-2012,128.90001,0.0,33.1
-27.01011111,26.69808333,12-03-2012,132.5,43.100002,7.0
-32.595833,19.009444,12-03-2012,19.2,194.6,1.0
-25.127778,27.628889,13-03-2012,116.4,60.2,6.1000000000000005
-25.20639,27.558,13-03-2012,118.5,58.5,6.2
-24.69514,27.40906,13-03-2012,109.9,75.1,5.800000000000001
-28.747778,31.745833,13-03-2012,147.8,0.0,7.9
-27.169444,29.233889,13-03-2012,135.6,9.8,7.1000000000000005
-27.00222,28.76528,13-03-2012,136.40001,14.0,7.2
-26.648056,27.089444,13-03-2012,137.2,28.2,7.2
-26.970278,27.211111,13-03-2012,137.7,28.5,7.2
-26.880278,26.965,13-03-2012,135.6,32.8,7.1000000000000005
-26.98472222,26.63227778,13-03-2012,133.3,40.8,7.0
-31.104278,29.399722,13-03-2012,127.4,2.9,6.6000000000000005
-31.396,29.2651,13-03-2012,118.6,13.3,5.9
-33.501667,21.624167,13-03-2012,14.2,161.0,0.7000000000000001
-29.161667,23.696389,14-03-2012,70.9,133.40001,3.7
-28.801278,31.955389,14-03-2012,136.90001,9.900001,7.0
-28.141944,26.417778,14-03-2012,126.8,57.5,6.7
-28.1175,26.719444,14-03-2012,129.40001,50.0,6.800000000000001
-29.033333,23.983333,14-03-2012,80.3,122.0,4.2
-29.161667,30.629722,15-03-2012,132.0,0.0,42.300000000000004
-27.398611,26.614722,15-03-2012,127.4,55.2,6.7
-27.671111,27.236944,15-03-2012,138.5,33.600002,7.300000000000001
-27.902778,24.615556,15-03-2012,102.9,101.4,5.4
-27.573056,24.746389,16-03-2012,107.700005,99.3,5.7
-31.031389,28.883333,16-03-2012,133.7,1.5,7.0
-30.86013889,29.07125,16-03-2012,135.8,0.0,7.2
-30.77586667,29.03221667,16-03-2012,136.3,0.0,7.6000000000000005
-28.760833,17.730278,17-03-2012,4.1,235.1,0.2
-28.96362,19.15486,17-03-2012,8.1,235.5,0.4
-27.01011111,26.69808333,19-03-2012,132.5,43.100002,7.0
-26.861111,28.884722,19-03-2012,127.9,23.1,6.7
-24.679167,30.8025,20-03-2012,144.5,0.0,9.200000000000001
-26.970278,27.211111,20-03-2012,137.7,28.5,7.2
-33.38056,19.30167,20-03-2012,19.800001,174.0,0.9
-33.31388889,19.07472222,20-03-2012,20.800001,186.1,0.9
-28.068333,31.55,20-03-2012,136.7,12.900001,6.9
-29.161667,23.696389,21-03-2012,70.9,133.40001,3.7
-24.183889,30.823889,21-03-2012,105.6,48.600002,5.6000000000000005
-28.44555556,32.325,21-03-2012,132.90001,9.3,6.800000000000001
-27.602222,29.942778,21-03-2012,152.6,0.0,8.6
-33.13083,18.86278,21-03-2012,18.9,190.5,0.9
-30.398056,30.601944,23-03-2012,131.0,0.0,8.1
-30.27402,30.69602,23-03-2012,130.7,0.0,8.700000000000001
-29.641944,30.6875,26-03-2012,133.90001,0.0,31.1
-25.99136,27.84208,26-03-2012,140.40001,18.4,7.4
-29.987778,29.851667,26-03-2012,129.90001,0.0,11.600000000000001
-29.758889,30.935278,26-03-2012,130.0,0.0,28.5
-26.98472222,26.63227778,26-03-2012,133.3,40.8,7.0
-33.818056,19.694722,26-03-2012,12.7,187.0,0.6000000000000001
-25.127778,27.628889,27-03-2012,116.4,60.2,6.1000000000000005
-25.20639,27.558,27-03-2012,118.5,58.5,6.2
-24.69514,27.40906,27-03-2012,109.9,75.1,5.800000000000001
-27.363611,31.783333,27-03-2012,117.9,26.6,5.6000000000000005
-26.648056,27.089444,27-03-2012,137.2,28.2,7.2
-26.880278,26.965,27-03-2012,135.6,32.8,7.1000000000000005
-27.573056,24.746389,27-03-2012,107.700005,99.3,5.7
-28.768056,20.720556,27-03-2012,25.300001,217.8,1.3
-34.031944,22.053333,27-03-2012,13.3,135.2,0.7000000000000001
-34.039722,22.133333,27-03-2012,13.5,133.1,0.7000000000000001
-34.075556,20.145556,27-03-2012,11.6,171.40001,0.6000000000000001
-25.45963889,28.26430556,27-03-2012,120.700005,46.3,6.300000000000001
-25.81048333,27.90955222,28-03-2012,134.8,28.7,7.1000000000000005
-29.380556,30.2775,28-03-2012,128.5,0.0,29.400000000000002
-30.398056,30.601944,28-03-2012,131.0,0.0,8.1
-30.27402,30.69602,28-03-2012,130.7,0.0,8.700000000000001
-26.73806,27.59194,28-03-2012,139.7,21.7,7.300000000000001
-26.45,28.085833,28-03-2012,134.40001,21.5,7.1000000000000005
-30.679722,26.7125,28-03-2012,95.9,74.9,5.0
-28.69485,28.23487,28-03-2012,148.40001,0.0,16.7
-29.615556,27.065278,28-03-2012,146.6,23.2,7.7
-28.883333,27.89,28-03-2012,152.8,0.0,12.3
-34.02861,22.22222,28-03-2012,14.5,128.6,0.7000000000000001
-25.447222,30.711667,28-03-2012,145.0,0.0,7.7
-27.273889,28.49,29-03-2012,148.7,3.1000001,7.800000000000001
-27.3,28.586944,29-03-2012,149.1,1.4,7.800000000000001
-28.376944,24.303056,29-03-2012,96.9,107.4,5.1000000000000005
-30.160091,27.40124,29-03-2012,138.90001,24.300001,7.300000000000001
-30.336111,27.359444,29-03-2012,130.3,33.8,6.9
-27.4275,28.525833,30-03-2012,150.40001,0.0,8.200000000000001
-27.902778,24.615556,30-03-2012,102.9,101.4,5.4
-31.000833,26.353056,30-03-2012,72.3,95.0,3.8000000000000003
-30.679722,26.7125,30-03-2012,95.9,74.9,5.0
-28.760833,17.730278,01-04-2012,4.1,235.1,0.2
-25.99136,27.84208,02-04-2012,140.40001,18.4,7.4
-28.735556,29.820556,02-04-2012,148.3,0.0,9.9
-29.380556,30.2775,02-04-2012,128.5,0.0,29.400000000000002
-30.398056,30.601944,02-04-2012,131.0,0.0,8.1
-33.897778,20.012778,02-04-2012,11.2,182.3,0.5
-34.065833,20.404167,03-04-2012,11.400001,167.40001,0.6000000000000001
-23.658056,31.05,03-04-2012,75.4,83.3,4.0
-27.398611,26.614722,03-04-2012,127.4,55.2,6.7
-27.671111,27.236944,03-04-2012,138.5,33.600002,7.300000000000001
-25.45963889,28.26430556,03-04-2012,120.700005,46.3,6.300000000000001
-27.4,26.624722,03-04-2012,127.4,55.2,6.7
-29.161667,23.696389,04-04-2012,70.9,133.40001,3.7
-25.81048333,27.90955222,04-04-2012,134.8,28.7,7.1000000000000005
-27.937778,31.209444,04-04-2012,143.8,1.4,7.5
-28.404444,30.013056,04-04-2012,150.2,0.0,9.200000000000001
-27.02314,28.59389,04-04-2012,138.7,13.3,7.300000000000001
-26.880278,26.965,04-04-2012,135.6,32.8,7.1000000000000005
-27.273889,28.49,04-04-2012,148.7,3.1000001,7.800000000000001
-27.4275,28.525833,04-04-2012,150.40001,0.0,8.200000000000001
-27.3,28.586944,04-04-2012,149.1,1.4,7.800000000000001
-29.615556,27.065278,04-04-2012,146.6,23.2,7.7
-25.57877778,29.12747222,04-04-2012,119.700005,42.0,6.300000000000001
-27.5275,30.858056,05-04-2012,139.7,0.0,9.4
-27.01011111,26.69808333,10-04-2012,132.5,43.100002,7.0
-25.127778,27.628889,10-04-2012,116.4,60.2,6.1000000000000005
-25.20639,27.558,10-04-2012,118.5,58.5,6.2
-24.69514,27.40906,10-04-2012,109.9,75.1,5.800000000000001
-26.861111,28.884722,10-04-2012,127.9,23.1,6.7
-26.73806,27.59194,10-04-2012,139.7,21.7,7.300000000000001
-26.98472222,26.63227778,10-04-2012,133.3,40.8,7.0
-29.161667,23.696389,11-04-2012,70.9,133.40001,3.7
-26.03611,30.99778,11-04-2012,149.40001,0.0,10.100000000000001
-28.747778,31.745833,11-04-2012,147.8,0.0,7.9
-27.00222,28.76528,11-04-2012,136.40001,14.0,7.2
-26.648056,27.089444,11-04-2012,137.2,28.2,7.2
-26.970278,27.211111,11-04-2012,137.7,28.5,7.2
-28.141944,26.417778,11-04-2012,126.8,57.5,6.7
-28.116667,26.725278,11-04-2012,129.40001,50.0,6.800000000000001
-29.615556,27.065278,11-04-2012,146.6,23.2,7.7
-34.250556,20.9925,11-04-2012,14.0,160.5,0.7000000000000001
-28.7115,24.07288889,12-04-2012,85.6,119.200005,4.5
-28.801278,31.955389,12-04-2012,136.90001,9.900001,7.0
-28.75,30.442778,12-04-2012,152.1,0.0,9.1
-29.161667,30.629722,12-04-2012,132.0,0.0,42.300000000000004
-27.38972222,26.46388889,12-04-2012,125.9,58.4,6.6000000000000005
-28.1175,26.719444,12-04-2012,129.40001,50.0,6.800000000000001
-28.116667,26.725278,12-04-2012,129.40001,50.0,6.800000000000001
-27.398611,26.614722,12-04-2012,127.4,55.2,6.7
-27.671111,27.236944,12-04-2012,138.5,33.600002,7.300000000000001
-28.376944,24.303056,12-04-2012,96.9,107.4,5.1000000000000005
-29.615556,27.065278,12-04-2012,146.6,23.2,7.7
-33.31388889,19.07472222,12-04-2012,20.800001,186.1,0.9
-25.49037,30.6986,13-04-2012,143.3,0.0,7.9
-27.573056,24.746389,13-04-2012,107.700005,99.3,5.7
-27.902778,24.615556,13-04-2012,102.9,101.4,5.4
-33.7075,18.97444444,13-04-2012,16.9,187.8,0.7000000000000001
-28.760833,17.730278,15-04-2012,4.1,235.1,0.2
-25.99136,27.84208,16-04-2012,140.40001,18.4,7.4
-22.935,28.004167,17-04-2012,56.2,129.7,3.0
-22.91028,29.61111,17-04-2012,76.4,91.0,4.0
-24.058889,31.237222,17-04-2012,92.6,61.100002,4.9
-25.681111,31.783333,17-04-2012,122.8,19.4,6.2
-25.67386,31.57527,17-04-2012,132.7,14.400001,6.7
-28.735556,29.820556,17-04-2012,148.3,0.0,9.9
-26.861111,28.884722,17-04-2012,127.9,23.1,6.7
-26.45,28.085833,17-04-2012,134.40001,21.5,7.1000000000000005
-28.69485,28.23487,17-04-2012,148.40001,0.0,16.7
-28.883333,27.89,17-04-2012,152.8,0.0,12.3
-31.396,29.2651,17-04-2012,118.6,13.3,5.9
-31.554722,29.245556,17-04-2012,117.9,5.0,6.1000000000000005
-25.45963889,28.26430556,17-04-2012,120.700005,46.3,6.300000000000001
-28.338333,31.373611,17-04-2012,141.8,0.0,8.200000000000001
-29.161667,23.696389,18-04-2012,70.9,133.40001,3.7
-27.01011111,26.69808333,18-04-2012,132.5,43.100002,7.0
-25.81048333,27.90955222,18-04-2012,134.8,28.7,7.1000000000000005
-24.282222,28.090278,18-04-2012,105.8,62.9,5.6000000000000005
-24.768889,31.39,18-04-2012,122.0,22.5,6.4
-24.9675,31.516667,18-04-2012,117.0,28.1,6.1000000000000005
-27.00222,28.76528,18-04-2012,136.40001,14.0,7.2
-26.648056,27.089444,18-04-2012,137.2,28.2,7.2
-26.970278,27.211111,18-04-2012,137.7,28.5,7.2
-26.880278,26.965,18-04-2012,135.6,32.8,7.1000000000000005
-27.38972222,26.46388889,18-04-2012,125.9,58.4,6.6000000000000005
-26.98472222,26.63227778,18-04-2012,133.3,40.8,7.0
-30.568333,29.422778,18-04-2012,132.2,0.0,7.9
-30.570833,29.150556,18-04-2012,133.40001,0.0,8.200000000000001
-27.602222,29.942778,19-04-2012,152.6,0.0,8.6
-27.671111,27.236944,19-04-2012,138.5,33.600002,7.300000000000001
-31.031389,28.883333,19-04-2012,133.7,1.5,7.0
-30.86013889,29.07125,19-04-2012,135.8,0.0,7.2
-33.13083,18.86278,19-04-2012,18.9,190.5,0.9
-29.140556,31.391944,20-04-2012,139.5,0.0,8.200000000000001
-27.573056,24.746389,22-04-2012,107.700005,99.3,5.7
-29.7775,29.470833,23-04-2012,131.0,0.0,97.60000000000001
-29.987778,29.851667,23-04-2012,129.90001,0.0,11.600000000000001
-29.744167,29.905833,23-04-2012,134.7,0.0,23.3
-26.73806,27.59194,23-04-2012,139.7,21.7,7.300000000000001
-29.160278,26.573333,23-04-2012,128.2,53.5,6.7
-29.1825,23.575556,23-04-2012,66.6,142.2,3.5
-33.501667,21.624167,23-04-2012,14.2,161.0,0.7000000000000001
-33.818056,19.694722,23-04-2012,12.7,187.0,0.6000000000000001
-28.7115,24.07288889,24-04-2012,85.6,119.200005,4.5
-24.679167,30.8025,24-04-2012,144.5,0.0,9.200000000000001
-25.127778,27.628889,24-04-2012,116.4,60.2,6.1000000000000005
-25.20639,27.558,24-04-2012,118.5,58.5,6.2
-24.69514,27.40906,24-04-2012,109.9,75.1,5.800000000000001
-27.363611,31.783333,24-04-2012,117.9,26.6,5.6000000000000005
-30.733889,29.828333,24-04-2012,127.4,0.0,8.1
-26.880278,26.965,24-04-2012,135.6,32.8,7.1000000000000005
-29.615556,27.065278,24-04-2012,146.6,23.2,7.7
-28.883333,27.89,24-04-2012,152.8,0.0,12.3
-29.161667,23.696389,25-04-2012,70.9,133.40001,3.7
-24.183889,30.823889,25-04-2012,105.6,48.600002,5.6000000000000005
-22.769722,30.886944,25-04-2012,89.9,79.5,4.7
-27.937778,31.209444,25-04-2012,143.8,1.4,7.5
-26.905,32.324722,25-04-2012,98.4,50.600002,4.6000000000000005
-27.935,26.126667,25-04-2012,111.5,75.9,5.9
-34.075556,20.145556,25-04-2012,11.6,171.40001,0.6000000000000001
-30.398056,30.601944,26-04-2012,131.0,0.0,8.1
-30.27402,30.69602,26-04-2012,130.7,0.0,8.700000000000001
-30.679722,26.7125,26-04-2012,95.9,74.9,5.0
-30.160091,27.40124,26-04-2012,138.90001,24.300001,7.300000000000001
-34.005833,22.351111,26-04-2012,16.4,123.200005,0.8
-29.803611,30.516111,27-04-2012,128.90001,0.0,33.1
-29.758889,30.935278,28-04-2012,130.0,0.0,28.5
-28.760833,17.730278,29-04-2012,4.1,235.1,0.2
-25.99136,27.84208,30-04-2012,140.40001,18.4,7.4
-29.380556,30.2775,30-04-2012,128.5,0.0,29.400000000000002
-34.065833,20.404167,01-05-2012,11.400001,167.40001,0.6000000000000001
-26.006389,29.253889,01-05-2012,128.8,18.7,6.800000000000001
-25.45963889,28.26430556,01-05-2012,120.700005,46.3,6.300000000000001
-33.897778,20.012778,01-05-2012,11.2,182.3,0.5
-29.161667,23.696389,02-05-2012,70.9,133.40001,3.7
-25.81048333,27.90955222,02-05-2012,134.8,28.7,7.1000000000000005
-26.861111,28.884722,02-05-2012,127.9,23.1,6.7
-29.033333,23.983333,02-05-2012,80.3,122.0,4.2
-28.058889,30.373611,02-05-2012,147.1,0.0,9.1
-24.925278,29.324444,03-05-2012,109.200005,58.8,5.7
-27.00222,28.76528,03-05-2012,136.40001,14.0,7.2
-27.398611,26.614722,03-05-2012,127.4,55.2,6.7
-27.671111,27.236944,03-05-2012,138.5,33.600002,7.300000000000001
-27.4,26.624722,03-05-2012,127.4,55.2,6.7
-26.648056,27.089444,04-05-2012,137.2,28.2,7.2
-26.970278,27.211111,04-05-2012,137.7,28.5,7.2
-26.880278,26.965,04-05-2012,135.6,32.8,7.1000000000000005
-27.01011111,26.69808333,07-05-2012,132.5,43.100002,7.0
-26.73806,27.59194,07-05-2012,139.7,21.7,7.300000000000001
-26.45,28.085833,07-05-2012,134.40001,21.5,7.1000000000000005
-26.98472222,26.63227778,07-05-2012,133.3,40.8,7.0
-32.502778,19.535833,07-05-2012,16.9,206.5,0.9
-29.161667,23.696389,08-05-2012,70.9,133.40001,3.7
-25.127778,27.628889,08-05-2012,116.4,60.2,6.1000000000000005
-25.20639,27.558,08-05-2012,118.5,58.5,6.2
-24.69514,27.40906,08-05-2012,109.9,75.1,5.800000000000001
-28.747778,31.745833,08-05-2012,147.8,0.0,7.9
-27.169444,29.233889,08-05-2012,135.6,9.8,7.1000000000000005
-26.648056,27.089444,08-05-2012,137.2,28.2,7.2
-26.970278,27.211111,08-05-2012,137.7,28.5,7.2
-26.880278,26.965,08-05-2012,135.6,32.8,7.1000000000000005
-28.141944,26.417778,08-05-2012,126.8,57.5,6.7
-28.116667,26.725278,08-05-2012,129.40001,50.0,6.800000000000001
-29.042222,24.6,08-05-2012,86.6,116.700005,4.6000000000000005
-28.460833,21.248889,08-05-2012,34.4,204.2,1.8
-31.396,29.2651,08-05-2012,118.6,13.3,5.9
-25.57877778,29.12747222,08-05-2012,119.700005,42.0,6.300000000000001
-29.161667,23.696389,09-05-2012,70.9,133.40001,3.7
-25.49037,30.6986,09-05-2012,143.3,0.0,7.9
-28.801278,31.955389,09-05-2012,136.90001,9.900001,7.0
-27.273889,28.49,09-05-2012,148.7,3.1000001,7.800000000000001
-27.4275,28.525833,09-05-2012,150.40001,0.0,8.200000000000001
-27.3,28.586944,09-05-2012,149.1,1.4,7.800000000000001
-27.398611,26.614722,09-05-2012,127.4,55.2,6.7
-29.028629,24.638389,09-05-2012,88.4,114.6,4.7
-29.1825,23.575556,09-05-2012,66.6,142.2,3.5
-30.570833,29.150556,09-05-2012,133.40001,0.0,8.200000000000001
-31.104278,29.399722,09-05-2012,127.4,2.9,6.6000000000000005
-33.31388889,19.07472222,09-05-2012,20.800001,186.1,0.9
-28.7115,24.07288889,10-05-2012,85.6,119.200005,4.5
-29.140556,31.391944,10-05-2012,139.5,0.0,8.200000000000001
-28.75,30.442778,10-05-2012,152.1,0.0,9.1
-29.161667,30.629722,10-05-2012,132.0,0.0,42.300000000000004
-27.38972222,26.46388889,10-05-2012,125.9,58.4,6.6000000000000005
-27.935,26.126667,10-05-2012,111.5,75.9,5.9
-27.671111,27.236944,10-05-2012,138.5,33.600002,7.300000000000001
-28.376944,24.303056,10-05-2012,96.9,107.4,5.1000000000000005
-31.031389,28.883333,10-05-2012,133.7,1.5,7.0
-30.86013889,29.07125,10-05-2012,135.8,0.0,7.2
-30.77586667,29.03221667,10-05-2012,136.3,0.0,7.6000000000000005
-33.7075,18.97444444,10-05-2012,16.9,187.8,0.7000000000000001
-33.72266667,18.61691667,10-05-2012,12.1,183.2,0.5
-27.902778,24.615556,11-05-2012,102.9,101.4,5.4
-28.44555556,32.325,19-04-2012,132.90001,9.3,6.800000000000001
-31.554722,29.245556,12-05-2012,117.9,5.0,6.1000000000000005
-28.760833,17.730278,13-05-2012,4.1,235.1,0.2
-25.99136,27.84208,14-05-2012,140.40001,18.4,7.4
-26.861111,28.884722,14-05-2012,127.9,23.1,6.7
-26.45,28.085833,14-05-2012,134.40001,21.5,7.1000000000000005
-25.681111,31.783333,15-05-2012,122.8,19.4,6.2
-25.398889,31.610556,15-05-2012,122.4,18.4,6.2
-27.00222,28.76528,15-05-2012,136.40001,14.0,7.2
-26.648056,27.089444,15-05-2012,137.2,28.2,7.2
-33.38056,19.30167,15-05-2012,19.800001,174.0,0.9
-25.45963889,28.26430556,15-05-2012,120.700005,46.3,6.300000000000001
-28.068333,31.55,15-05-2012,136.7,12.900001,6.9
-25.81048333,27.90955222,16-05-2012,134.8,28.7,7.1000000000000005
-24.768889,31.39,16-05-2012,122.0,22.5,6.4
-29.033333,23.983333,16-05-2012,80.3,122.0,4.2
-34.092222,21.295278,16-05-2012,14.400001,152.6,0.7000000000000001
-33.13083,18.86278,16-05-2012,18.9,190.5,0.9
-24.99328,30.81444,17-05-2012,132.5,0.0,9.3
-33.970833,22.548333,17-05-2012,21.7,114.4,0.9
-25.436111,31.982222,18-05-2012,113.700005,27.0,5.800000000000001
-25.14944444,31.94055556,18-05-2012,108.700005,31.5,5.7
-29.7775,29.470833,21-05-2012,131.0,0.0,97.60000000000001
-29.987778,29.851667,21-05-2012,129.90001,0.0,11.600000000000001
-29.744167,29.905833,21-05-2012,134.7,0.0,23.3
-30.27402,30.69602,21-05-2012,130.7,0.0,8.700000000000001
-26.73806,27.59194,21-05-2012,139.7,21.7,7.300000000000001
-33.818056,19.694722,21-05-2012,12.7,187.0,0.6000000000000001
-27.01011111,26.69808333,22-05-2012,132.5,43.100002,7.0
-34.065833,20.404167,22-05-2012,11.400001,167.40001,0.6000000000000001
-24.679167,30.8025,22-05-2012,144.5,0.0,9.200000000000001
-24.183889,30.823889,22-05-2012,105.6,48.600002,5.6000000000000005
-25.127778,27.628889,22-05-2012,116.4,60.2,6.1000000000000005
-25.20639,27.558,22-05-2012,118.5,58.5,6.2
-24.69514,27.40906,22-05-2012,109.9,75.1,5.800000000000001
-27.363611,31.783333,22-05-2012,117.9,26.6,5.6000000000000005
-30.733889,29.828333,22-05-2012,127.4,0.0,8.1
-27.169444,29.233889,22-05-2012,135.6,9.8,7.1000000000000005
-26.880278,26.965,22-05-2012,135.6,32.8,7.1000000000000005
-26.98472222,26.63227778,22-05-2012,133.3,40.8,7.0
-29.160278,26.573333,22-05-2012,128.2,53.5,6.7
-30.336111,27.359444,22-05-2012,130.3,33.8,6.9
-33.501667,21.624167,22-05-2012,14.2,161.0,0.7000000000000001
-34.075556,20.145556,22-05-2012,11.6,171.40001,0.6000000000000001
-33.897778,20.012778,22-05-2012,11.2,182.3,0.5
-24.058889,31.237222,23-05-2012,92.6,61.100002,4.9
-30.398056,30.601944,23-05-2012,131.0,0.0,8.1
-30.160091,27.40124,23-05-2012,138.90001,24.300001,7.300000000000001
-28.69485,28.23487,23-05-2012,148.40001,0.0,16.7
-28.883333,27.89,23-05-2012,152.8,0.0,12.3
-34.005833,22.351111,23-05-2012,16.4,123.200005,0.8
-29.641944,30.6875,24-05-2012,133.90001,0.0,31.1
-30.830556,26.921389,24-05-2012,95.9,71.1,5.0
-29.380556,30.2775,24-05-2012,128.5,0.0,29.400000000000002
-30.679722,26.7125,24-05-2012,95.9,74.9,5.0
-29.615556,27.065278,24-05-2012,146.6,23.2,7.7
-34.031944,22.053333,24-05-2012,13.3,135.2,0.7000000000000001
-34.039722,22.133333,24-05-2012,13.5,133.1,0.7000000000000001
-30.398056,30.601944,25-05-2012,131.0,0.0,8.1
-30.27402,30.69602,25-05-2012,130.7,0.0,8.700000000000001
-29.658056,25.973333,25-05-2012,97.1,82.0,5.1000000000000005
-31.000833,26.353056,25-05-2012,72.3,95.0,3.8000000000000003
-28.460833,21.248889,25-05-2012,34.4,204.2,1.8
-29.803611,30.516111,25-05-2012,128.90001,0.0,33.1
-29.758889,30.935278,26-05-2012,130.0,0.0,28.5
-28.760833,17.730278,27-05-2012,4.1,235.1,0.2
-25.99136,27.84208,28-05-2012,140.40001,18.4,7.4
-26.861111,28.884722,28-05-2012,127.9,23.1,6.7
-26.970278,27.211111,28-05-2012,137.7,28.5,7.2
-26.45,28.085833,28-05-2012,134.40001,21.5,7.1000000000000005
-27.01011111,26.69808333,29-05-2012,132.5,43.100002,7.0
-29.380556,30.2775,29-05-2012,128.5,0.0,29.400000000000002
-27.00222,28.76528,29-05-2012,136.40001,14.0,7.2
-26.648056,27.089444,29-05-2012,137.2,28.2,7.2
-26.880278,26.965,29-05-2012,135.6,32.8,7.1000000000000005
-26.98472222,26.63227778,29-05-2012,133.3,40.8,7.0
-31.000833,26.353056,29-05-2012,72.3,95.0,3.8000000000000003
-25.45963889,28.26430556,29-05-2012,120.700005,46.3,6.300000000000001
-29.161667,23.696389,30-05-2012,70.9,133.40001,3.7
-24.282222,28.090278,30-05-2012,105.8,62.9,5.6000000000000005
-27.937778,31.209444,30-05-2012,143.8,1.4,7.5
-28.404444,30.013056,30-05-2012,150.2,0.0,9.200000000000001
-28.1175,26.719444,30-05-2012,129.40001,50.0,6.800000000000001
-28.44555556,32.325,12-05-2012,132.90001,9.3,6.800000000000001
-24.670833,28.560833,31-05-2012,123.6,44.100002,6.5
-27.573056,24.746389,31-05-2012,107.700005,99.3,5.7
-30.679722,26.7125,31-05-2012,95.9,74.9,5.0
-28.44555556,32.325,12-07-2012,136.2,0.0,45.800000000000004
-33.38056,19.30167,31-05-2012,19.800001,174.0,0.9
-33.13083,18.86278,31-05-2012,18.9,190.5,0.9
-29.161667,23.696389,01-06-2012,70.9,133.40001,3.7
-28.7115,24.07288889,01-06-2012,85.6,119.200005,4.5
-27.5275,30.858056,01-06-2012,139.7,0.0,9.4
-29.1825,23.575556,01-06-2012,66.6,142.2,3.5
-26.73806,27.59194,04-06-2012,139.7,21.7,7.300000000000001
-32.502778,19.535833,04-06-2012,16.9,206.5,0.9
-25.127778,27.628889,05-06-2012,116.4,60.2,6.1000000000000005
-25.20639,27.558,05-06-2012,118.5,58.5,6.2
-24.69514,27.40906,05-06-2012,109.9,75.1,5.800000000000001
-26.006389,29.253889,05-06-2012,128.8,18.7,6.800000000000001
-28.747778,31.745833,05-06-2012,147.8,0.0,7.9
-27.169444,29.233889,05-06-2012,135.6,9.8,7.1000000000000005
-34.250556,20.9925,05-06-2012,14.0,160.5,0.7000000000000001
-25.57877778,29.12747222,05-06-2012,119.700005,42.0,6.300000000000001
-23.658056,31.05,06-06-2012,75.4,83.3,4.0
-28.801278,31.955389,06-06-2012,136.90001,9.900001,7.0
-27.02314,28.59389,06-06-2012,138.7,13.3,7.300000000000001
-27.4275,28.525833,06-06-2012,150.40001,0.0,8.200000000000001
-27.3,28.586944,06-06-2012,149.1,1.4,7.800000000000001
-28.141944,26.417778,06-06-2012,126.8,57.5,6.7
-28.1175,26.719444,06-06-2012,129.40001,50.0,6.800000000000001
-28.44555556,32.325,08-08-2012,136.2,0.0,45.800000000000004
-33.7075,18.97444444,06-06-2012,16.9,187.8,0.7000000000000001
-33.72266667,18.61691667,06-06-2012,12.1,183.2,0.5
-29.140556,31.391944,07-06-2012,139.5,0.0,8.200000000000001
-23.838611,31.640833,07-06-2012,85.4,74.5,4.5
-28.44555556,32.325,12-09-2012,136.2,0.0,45.800000000000004
-28.75,30.442778,07-06-2012,152.1,0.0,9.1
-29.161667,30.629722,07-06-2012,132.0,0.0,42.300000000000004
-27.398611,26.614722,07-06-2012,127.4,55.2,6.7
-27.671111,27.236944,07-06-2012,138.5,33.600002,7.300000000000001
-27.5275,30.858056,25-08-2011,94.200005,63.0,4.9
-27.4,26.624722,07-06-2012,127.4,55.2,6.7
-25.99136,27.84208,11-06-2012,140.40001,18.4,7.4
-26.861111,28.884722,11-06-2012,127.9,23.1,6.7
-27.671111,27.236944,11-06-2012,138.5,33.600002,7.300000000000001
-31.554722,29.245556,11-06-2012,117.9,5.0,6.1000000000000005
-33.818056,19.694722,11-06-2012,12.7,187.0,0.6000000000000001
-27.935,26.126667,12-06-2012,111.5,75.9,5.9
-28.141944,26.417778,12-06-2012,126.8,57.5,6.7
-29.658056,25.973333,12-06-2012,97.1,82.0,5.1000000000000005
-31.000833,26.353056,12-06-2012,72.3,95.0,3.8000000000000003
-30.534167,24.961944,12-06-2012,55.100002,132.8,2.9000000000000004
-31.104278,29.399722,12-06-2012,127.4,2.9,6.6000000000000005
-34.075556,20.145556,12-06-2012,11.6,171.40001,0.6000000000000001
-25.45963889,28.26430556,12-06-2012,120.700005,46.3,6.300000000000001
-28.068333,31.55,12-06-2012,136.7,12.900001,6.9
-29.161667,23.696389,13-06-2012,70.9,133.40001,3.7
-25.81048333,27.90955222,13-06-2012,134.8,28.7,7.1000000000000005
-27.00222,28.76528,13-06-2012,136.40001,14.0,7.2
-28.1175,26.719444,13-06-2012,129.40001,50.0,6.800000000000001
-30.534167,24.961944,13-06-2012,55.100002,132.8,2.9000000000000004
-30.568333,29.422778,13-06-2012,132.2,0.0,7.9
-30.570833,29.150556,13-06-2012,133.40001,0.0,8.200000000000001
-29.161667,23.696389,14-06-2012,70.9,133.40001,3.7
-26.905,32.324722,14-06-2012,98.4,50.600002,4.6000000000000005
-27.602222,29.942778,14-06-2012,152.6,0.0,8.6
-27.935,26.126667,14-06-2012,111.5,75.9,5.9
-28.1175,26.719444,14-06-2012,129.40001,50.0,6.800000000000001
-31.000833,26.353056,14-06-2012,72.3,95.0,3.8000000000000003
-30.679722,26.7125,14-06-2012,95.9,74.9,5.0
-30.160091,27.40124,14-06-2012,138.90001,24.300001,7.300000000000001
-30.86013889,29.07125,14-06-2012,135.8,0.0,7.2
-28.7115,24.07288889,15-06-2012,85.6,119.200005,4.5
-27.01011111,26.69808333,15-06-2012,132.5,43.100002,7.0
-29.641944,30.6875,15-06-2012,133.90001,0.0,31.1
-26.648056,27.089444,15-06-2012,137.2,28.2,7.2
-26.970278,27.211111,15-06-2012,137.7,28.5,7.2
-26.880278,26.965,15-06-2012,135.6,32.8,7.1000000000000005
-26.98472222,26.63227778,15-06-2012,133.3,40.8,7.0
-27.398611,26.614722,15-06-2012,127.4,55.2,6.7
-29.1825,23.575556,15-06-2012,66.6,142.2,3.5
-22.91028,29.61111,18-06-2012,76.4,91.0,4.0
-29.7775,29.470833,18-06-2012,131.0,0.0,97.60000000000001
-29.744167,29.905833,18-06-2012,134.7,0.0,23.3
-26.861111,28.884722,18-06-2012,127.9,23.1,6.7
-26.73806,27.59194,18-06-2012,139.7,21.7,7.300000000000001
-26.45,28.085833,18-06-2012,134.40001,21.5,7.1000000000000005
-34.065833,20.404167,19-06-2012,11.400001,167.40001,0.6000000000000001
-25.127778,27.628889,19-06-2012,116.4,60.2,6.1000000000000005
-25.20639,27.558,19-06-2012,118.5,58.5,6.2
-24.69514,27.40906,19-06-2012,109.9,75.1,5.800000000000001
-27.363611,31.783333,19-06-2012,117.9,26.6,5.6000000000000005
-30.733889,29.828333,19-06-2012,127.4,0.0,8.1
-27.169444,29.233889,19-06-2012,135.6,9.8,7.1000000000000005
-27.00222,28.76528,19-06-2012,136.40001,14.0,7.2
-29.160278,26.573333,19-06-2012,128.2,53.5,6.7
-29.028629,24.638389,19-06-2012,88.4,114.6,4.7
-29.161667,23.696389,20-06-2012,70.9,133.40001,3.7
-24.282222,28.090278,20-06-2012,105.8,62.9,5.6000000000000005
-25.681111,31.783333,20-06-2012,122.8,19.4,6.2
-25.398889,31.610556,20-06-2012,122.4,18.4,6.2
-30.398056,30.601944,20-06-2012,131.0,0.0,8.1
-30.27402,30.69602,20-06-2012,130.7,0.0,8.700000000000001
-29.615556,27.065278,20-06-2012,146.6,23.2,7.7
-28.883333,27.89,20-06-2012,152.8,0.0,12.3
-34.405833,19.600556,20-06-2012,11.3,150.40001,0.4
-24.670833,28.560833,21-06-2012,123.6,44.100002,6.5
-24.99328,30.81444,21-06-2012,132.5,0.0,9.3
-24.768889,31.39,21-06-2012,122.0,22.5,6.4
-27.802778,28.768333,21-06-2012,145.5,0.0,8.8
-27.935,26.126667,21-06-2012,111.5,75.9,5.9
-28.1175,26.719444,21-06-2012,129.40001,50.0,6.800000000000001
-30.679722,26.7125,21-06-2012,95.9,74.9,5.0
-30.160091,27.40124,21-06-2012,138.90001,24.300001,7.300000000000001
-30.336111,27.359444,21-06-2012,130.3,33.8,6.9
-33.501667,21.624167,21-06-2012,14.2,161.0,0.7000000000000001
-34.329722,18.990278,21-06-2012,16.7,146.3,0.4
-25.436111,31.982222,22-06-2012,113.700005,27.0,5.800000000000001
-25.14944444,31.94055556,22-06-2012,108.700005,31.5,5.7
-29.658056,25.973333,22-06-2012,97.1,82.0,5.1000000000000005
-31.000833,26.353056,22-06-2012,72.3,95.0,3.8000000000000003
-29.803611,30.516111,22-06-2012,128.90001,0.0,33.1
-27.363611,31.783333,24-11-2015,16.5,154.0,0.8
-28.760833,17.730278,24-06-2012,4.1,235.1,0.2
-24.679167,30.8025,25-06-2012,144.5,0.0,9.200000000000001
-25.99136,27.84208,25-06-2012,140.40001,18.4,7.4
-25.362222,31.956667,25-06-2012,111.4,28.1,5.7
-25.14944444,31.94055556,25-06-2012,108.700005,31.5,5.7
-27.01011111,26.69808333,26-06-2012,132.5,43.100002,7.0
-24.183889,30.823889,26-06-2012,105.6,48.600002,5.6000000000000005
-29.758889,30.935278,26-06-2012,130.0,0.0,28.5
-29.380556,30.2775,26-06-2012,128.5,0.0,29.400000000000002
-26.861111,28.884722,26-06-2012,127.9,23.1,6.7
-26.880278,26.965,26-06-2012,135.6,32.8,7.1000000000000005
-26.45,28.085833,26-06-2012,134.40001,21.5,7.1000000000000005
-26.98472222,26.63227778,26-06-2012,133.3,40.8,7.0
-34.039722,22.133333,26-06-2012,13.5,133.1,0.7000000000000001
-33.7075,18.97444444,26-06-2012,16.9,187.8,0.7000000000000001
-33.72266667,18.61691667,26-06-2012,12.1,183.2,0.5
-25.45963889,28.26430556,26-06-2012,120.700005,46.3,6.300000000000001
-29.161667,23.696389,27-06-2012,70.9,133.40001,3.7
-25.81048333,27.90955222,27-06-2012,134.8,28.7,7.1000000000000005
-30.830556,26.921389,27-06-2012,95.9,71.1,5.0
-24.058889,31.237222,27-06-2012,92.6,61.100002,4.9
-28.404444,30.013056,27-06-2012,150.2,0.0,9.200000000000001
-27.4275,28.525833,27-06-2012,150.40001,0.0,8.200000000000001
-34.031944,22.053333,27-06-2012,13.3,135.2,0.7000000000000001
-32.595833,19.009444,27-06-2012,19.2,194.6,1.0
-28.058889,30.373611,27-06-2012,147.1,0.0,9.1
-25.447222,30.711667,27-06-2012,145.0,0.0,7.7
-29.161667,23.696389,28-06-2012,70.9,133.40001,3.7
-29.641944,30.6875,28-06-2012,133.90001,0.0,31.1
-31.860278,18.6875,28-06-2012,16.4,195.40001,0.9
-27.5275,30.858056,28-06-2012,139.7,0.0,9.4
-29.380556,30.2775,28-06-2012,128.5,0.0,29.400000000000002
-27.00222,28.76528,28-06-2012,136.40001,14.0,7.2
-26.648056,27.089444,28-06-2012,137.2,28.2,7.2
-29.028629,24.638389,28-06-2012,88.4,114.6,4.7
-29.1825,23.575556,28-06-2012,66.6,142.2,3.5
-25.49037,30.6986,29-06-2012,143.3,0.0,7.9
-30.398056,30.601944,29-06-2012,131.0,0.0,8.1
-30.27402,30.69602,29-06-2012,130.7,0.0,8.700000000000001
-27.935,26.126667,29-06-2012,111.5,75.9,5.9
-28.1175,26.719444,29-06-2012,129.40001,50.0,6.800000000000001
-25.127778,27.628889,03-07-2012,116.4,60.2,6.1000000000000005
-25.20639,27.558,03-07-2012,118.5,58.5,6.2
-24.69514,27.40906,03-07-2012,109.9,75.1,5.800000000000001
-28.747778,31.745833,03-07-2012,147.8,0.0,7.9
-31.5653,18.3306,03-07-2012,12.400001,190.8,0.7000000000000001
-24.39619444,27.08983333,04-07-2012,99.3,85.200005,5.2
-28.801278,31.955389,04-07-2012,136.90001,9.900001,7.0
-27.935,26.126667,04-07-2012,111.5,75.9,5.9
-28.141944,26.417778,04-07-2012,126.8,57.5,6.7
-28.1175,26.719444,04-07-2012,129.40001,50.0,6.800000000000001
-28.75,30.442778,05-07-2012,152.1,0.0,9.1
-29.161667,30.629722,05-07-2012,132.0,0.0,42.300000000000004
-28.460833,21.248889,05-07-2012,34.4,204.2,1.8
-34.092222,21.295278,05-07-2012,14.400001,152.6,0.7000000000000001
-33.38056,19.30167,05-07-2012,19.800001,174.0,0.9
-27.4,26.624722,05-07-2012,127.4,55.2,6.7
-27.573056,24.746389,06-07-2012,107.700005,99.3,5.7
-28.760833,17.730278,08-07-2012,0.5,251.2,0.0
-29.028629,24.638389,09-07-2012,37.7,193.90001,2.0
-33.818056,19.694722,09-07-2012,16.0,194.2,0.8
-26.861111,28.884722,10-07-2012,86.3,66.4,4.5
-26.880278,26.965,10-07-2012,55.4,120.0,2.9000000000000004
-26.45,28.085833,10-07-2012,72.0,88.700005,3.8000000000000003
-26.98472222,26.63227778,10-07-2012,51.9,131.8,2.7
-27.935,26.126667,10-07-2012,44.0,154.6,2.3000000000000003
-28.1175,26.719444,10-07-2012,45.9,145.8,2.4000000000000004
-28.69485,28.23487,10-07-2012,82.0,73.4,3.4000000000000004
-31.104278,29.399722,10-07-2012,80.4,60.9,4.0
-31.396,29.2651,10-07-2012,77.1,66.200005,3.9000000000000004
-34.075556,20.145556,10-07-2012,18.0,177.2,0.9
-25.45963889,28.26430556,10-07-2012,87.4,79.6,4.6000000000000005
-28.338333,31.373611,10-07-2012,136.3,0.0,17.0
-28.068333,31.55,10-07-2012,144.90001,0.0,8.6
-28.760833,17.730278,11-07-2012,0.5,251.2,0.0
-29.161667,23.696389,11-07-2012,27.0,215.5,1.4000000000000001
-25.81048333,27.90955222,11-07-2012,79.5,87.0,4.2
-29.641944,30.6875,11-07-2012,115.3,19.800001,4.3
-28.883333,27.89,11-07-2012,80.8,81.9,3.3000000000000003
-30.568333,29.422778,11-07-2012,88.4,51.0,4.3
-30.86013889,29.07125,11-07-2012,73.9,73.3,3.9000000000000004
-30.570833,29.150556,11-07-2012,95.1,47.2,4.4
-30.77586667,29.03221667,11-07-2012,77.4,70.6,4.0
-34.250556,20.9925,11-07-2012,21.800001,159.7,1.1
-28.44555556,32.325,09-10-2012,136.2,0.0,45.800000000000004
-26.648056,27.089444,12-07-2012,57.7,114.1,3.0
-27.902778,24.615556,12-07-2012,46.0,183.7,2.4000000000000004
-28.768056,20.720556,12-07-2012,13.6,257.2,0.7000000000000001
-31.031389,28.883333,12-07-2012,74.5,70.8,3.9000000000000004
-29.7775,29.470833,16-07-2012,127.3,8.8,5.9
-29.987778,29.851667,16-07-2012,118.5,17.4,4.7
-29.744167,29.905833,16-07-2012,121.1,19.5,4.6000000000000005
-33.897778,20.012778,16-07-2012,15.6,182.90001,0.8
-27.01011111,26.69808333,17-07-2012,51.0,133.40001,2.7
-34.065833,20.404167,17-07-2012,16.7,177.0,0.8
-25.127778,27.628889,17-07-2012,73.0,105.200005,3.8000000000000003
-25.20639,27.558,17-07-2012,70.9,105.6,3.7
-24.69514,27.40906,17-07-2012,81.0,97.700005,4.3
-25.73411,27.21422,17-07-2012,71.4,95.9,3.8000000000000003
-27.363611,31.783333,17-07-2012,137.6,1.3000001,7.2
-30.733889,29.828333,17-07-2012,104.1,29.7,4.2
-26.648056,27.089444,17-07-2012,57.7,114.1,3.0
-26.970278,27.211111,17-07-2012,57.7,116.1,3.0
-26.45,28.085833,17-07-2012,72.0,88.700005,3.8000000000000003
-26.98472222,26.63227778,17-07-2012,51.9,131.8,2.7
-27.935,26.126667,17-07-2012,44.0,154.6,2.3000000000000003
-29.160278,26.573333,17-07-2012,43.9,160.3,2.3000000000000003
-33.870833,20.003333,17-07-2012,14.8,183.8,0.7000000000000001
-29.161667,23.696389,18-07-2012,27.0,215.5,1.4000000000000001
-24.39619444,27.08983333,18-07-2012,74.200005,104.5,3.9000000000000004
-26.905,32.324722,18-07-2012,144.0,0.0,8.0
-30.398056,30.601944,18-07-2012,110.200005,27.5,4.4
-30.27402,30.69602,18-07-2012,113.0,23.7,4.4
-27.169444,29.233889,18-07-2012,92.0,56.5,4.800000000000001
-26.861111,28.884722,18-07-2012,86.3,66.4,4.5
-28.69485,28.23487,18-07-2012,82.0,73.4,3.4000000000000004
-29.615556,27.065278,18-07-2012,50.4,140.3,2.6
-28.883333,27.89,18-07-2012,80.8,81.9,3.3000000000000003
-34.02861,22.22222,18-07-2012,30.9,125.700005,1.6
-34.405833,19.600556,18-07-2012,25.6,143.1,1.3
-30.160091,27.40124,19-07-2012,52.2,131.90001,2.7
-30.336111,27.359444,19-07-2012,50.9,134.90001,2.7
-30.830556,26.921389,20-07-2012,38.5,159.2,2.0
-29.658056,25.973333,20-07-2012,33.4,180.2,1.8
-31.000833,26.353056,20-07-2012,30.800001,176.2,1.6
-30.679722,26.7125,20-07-2012,35.9,169.3,1.9000000000000001
-28.460833,21.248889,20-07-2012,21.2,237.0,1.1
-29.803611,30.516111,20-07-2012,111.700005,20.6,4.0
-31.5653,18.3306,21-07-2012,0.5,226.3,0.0
-24.679167,30.8025,23-07-2012,131.7,0.0,56.800000000000004
-25.99136,27.84208,23-07-2012,80.0,83.4,4.2
-26.880278,26.965,23-07-2012,55.4,120.0,2.9000000000000004
-26.98472222,26.63227778,23-07-2012,51.9,131.8,2.7
-33.31388889,19.07472222,23-07-2012,11.900001,208.40001,0.5
-24.183889,30.823889,24-07-2012,145.3,2.7,7.6000000000000005
-26.861111,28.884722,24-07-2012,86.3,66.4,4.5
-26.970278,27.211111,24-07-2012,57.7,116.1,3.0
-27.802778,28.768333,24-07-2012,89.4,61.3,4.0
-28.69485,28.23487,24-07-2012,82.0,73.4,3.4000000000000004
-33.501667,21.624167,24-07-2012,18.9,176.6,1.0
-29.161667,23.696389,25-07-2012,27.0,215.5,1.4000000000000001
-25.81048333,27.90955222,25-07-2012,79.5,87.0,4.2
-24.034167,31.123611,25-07-2012,143.0,0.0,8.3
-29.380556,30.2775,25-07-2012,122.9,9.1,5.6000000000000005
-28.058889,30.373611,25-07-2012,139.3,4.5,7.0
-29.641944,30.6875,26-07-2012,115.3,19.800001,4.3
-31.860278,18.6875,26-07-2012,1.2,234.2,0.1
-27.5275,30.858056,26-07-2012,136.1,0.0,45.0
-29.380556,30.2775,26-07-2012,122.9,9.1,5.6000000000000005
-27.00222,28.76528,26-07-2012,80.5,73.700005,4.2
-26.648056,27.089444,26-07-2012,57.7,114.1,3.0
-29.758889,30.935278,27-07-2012,126.200005,6.3,6.1000000000000005
-30.27402,30.69602,28-07-2012,113.0,23.7,4.4
-27.01011111,26.69808333,30-07-2012,51.0,133.40001,2.7
-26.648056,27.089444,30-07-2012,57.7,114.1,3.0
-26.880278,26.965,30-07-2012,55.4,120.0,2.9000000000000004
-26.98472222,26.63227778,30-07-2012,51.9,131.8,2.7
-31.554722,29.245556,30-07-2012,81.0,53.9,4.0
-33.38056,19.30167,30-07-2012,13.5,194.8,0.6000000000000001
-25.127778,27.628889,31-07-2012,73.0,105.200005,3.8000000000000003
-25.20639,27.558,31-07-2012,70.9,105.6,3.7
-26.861111,28.884722,31-07-2012,86.3,66.4,4.5
-26.970278,27.211111,31-07-2012,57.7,116.1,3.0
-26.73806,27.59194,31-07-2012,64.1,101.8,3.4000000000000004
-26.45,28.085833,31-07-2012,72.0,88.700005,3.8000000000000003
-31.104278,29.399722,31-07-2012,80.4,60.9,4.0
-24.39619444,27.08983333,01-08-2012,74.200005,104.5,3.9000000000000004
-27.169444,29.233889,01-08-2012,92.0,56.5,4.800000000000001
-28.141944,26.417778,01-08-2012,45.100002,152.5,2.4000000000000004
-28.1175,26.719444,01-08-2012,45.9,145.8,2.4000000000000004
-33.13083,18.86278,01-08-2012,9.2,206.8,0.4
-28.75,30.442778,02-08-2012,117.3,34.3,5.7
-29.161667,30.629722,02-08-2012,129.3,0.0,10.700000000000001
-27.00222,28.76528,02-08-2012,80.5,73.700005,4.2
-26.648056,27.089444,02-08-2012,57.7,114.1,3.0
-27.398611,26.614722,02-08-2012,46.600002,146.3,2.5
-28.376944,24.303056,02-08-2012,44.4,187.40001,2.3000000000000003
-27.671111,27.236944,03-08-2012,50.5,131.3,2.7
-28.735556,29.820556,04-08-2012,132.1,19.1,5.6000000000000005
-28.760833,17.730278,05-08-2012,0.5,251.2,0.0
-25.99136,27.84208,06-08-2012,80.0,83.4,4.2
-26.970278,27.211111,06-08-2012,57.7,116.1,3.0
-33.818056,19.694722,06-08-2012,16.0,194.2,0.8
-27.01011111,26.69808333,07-08-2012,51.0,133.40001,2.7
-29.641944,30.6875,07-08-2012,115.3,19.800001,4.3
-28.735556,29.820556,07-08-2012,132.1,19.1,5.6000000000000005
-26.880278,26.965,07-08-2012,55.4,120.0,2.9000000000000004
-26.98472222,26.63227778,07-08-2012,51.9,131.8,2.7
-27.398611,26.614722,07-08-2012,46.600002,146.3,2.5
-34.075556,20.145556,07-08-2012,18.0,177.2,0.9
-25.45963889,28.26430556,07-08-2012,87.4,79.6,4.6000000000000005
-28.338333,31.373611,07-08-2012,136.3,0.0,17.0
-28.068333,31.55,07-08-2012,144.90001,0.0,8.6
-25.57877778,29.12747222,07-08-2012,110.1,51.3,5.800000000000001
-25.81048333,27.90955222,08-08-2012,79.5,87.0,4.2
-28.44555556,32.325,31-10-2012,136.2,0.0,45.800000000000004
-26.861111,28.884722,08-08-2012,86.3,66.4,4.5
-26.45,28.085833,08-08-2012,72.0,88.700005,3.8000000000000003
-27.273889,28.49,09-08-2012,72.6,84.9,3.8000000000000003
-27.802778,28.768333,09-08-2012,89.4,61.3,4.0
-27.00222,28.76528,10-08-2012,80.5,73.700005,4.2
-27.02314,28.59389,10-08-2012,76.8,80.200005,4.0
-26.648056,27.089444,10-08-2012,57.7,114.1,3.0
-27.573056,24.746389,10-08-2012,47.3,174.0,2.5
-34.065833,20.404167,12-08-2012,16.7,177.0,0.8
-27.01011111,26.69808333,13-08-2012,51.0,133.40001,2.7
-29.7775,29.470833,13-08-2012,127.3,8.8,5.9
-29.987778,29.851667,13-08-2012,118.5,17.4,4.7
-29.744167,29.905833,13-08-2012,121.1,19.5,4.6000000000000005
-26.880278,26.965,13-08-2012,55.4,120.0,2.9000000000000004
-26.98472222,26.63227778,13-08-2012,51.9,131.8,2.7
-25.127778,27.628889,14-08-2012,73.0,105.200005,3.8000000000000003
-24.39619444,27.08983333,14-08-2012,74.200005,104.5,3.9000000000000004
-24.69514,27.40906,14-08-2012,81.0,97.700005,4.3
-25.73411,27.21422,14-08-2012,71.4,95.9,3.8000000000000003
-26.03611,30.99778,14-08-2012,144.3,0.0,81.5
-27.363611,31.783333,14-08-2012,137.6,1.3000001,7.2
-26.73806,27.59194,14-08-2012,64.1,101.8,3.4000000000000004
-26.45,28.085833,14-08-2012,72.0,88.700005,3.8000000000000003
-27.273889,28.49,14-08-2012,72.6,84.9,3.8000000000000003
-29.160278,26.573333,14-08-2012,43.9,160.3,2.3000000000000003
-34.250556,20.9925,14-08-2012,21.800001,159.7,1.1
-33.897778,20.012778,14-08-2012,15.6,182.90001,0.8
-25.20639,27.558,15-08-2012,70.9,105.6,3.7
-25.49037,30.6986,15-08-2012,138.5,0.0,9.3
-30.398056,30.601944,15-08-2012,110.200005,27.5,4.4
-30.27402,30.69602,15-08-2012,113.0,23.7,4.4
-27.169444,29.233889,15-08-2012,92.0,56.5,4.800000000000001
-27.3,28.586944,15-08-2012,75.3,81.4,4.0
-29.033333,23.983333,15-08-2012,31.7,204.5,1.7000000000000002
-28.69485,28.23487,15-08-2012,82.0,73.4,3.4000000000000004
-29.615556,27.065278,15-08-2012,50.4,140.3,2.6
-28.883333,27.89,15-08-2012,80.8,81.9,3.3000000000000003
-34.405833,19.600556,15-08-2012,25.6,143.1,1.3
-25.447222,30.711667,15-08-2012,141.3,0.0,9.1
-30.13573889,30.67422222,16-08-2012,115.4,22.0,4.3
-26.648056,27.089444,16-08-2012,57.7,114.1,3.0
-27.902778,24.615556,16-08-2012,46.0,183.7,2.4000000000000004
-30.160091,27.40124,16-08-2012,52.2,131.90001,2.7
-30.336111,27.359444,16-08-2012,50.9,134.90001,2.7
-30.830556,26.921389,17-08-2012,38.5,159.2,2.0
-29.658056,25.973333,17-08-2012,33.4,180.2,1.8
-31.000833,26.353056,17-08-2012,30.800001,176.2,1.6
-30.679722,26.7125,17-08-2012,35.9,169.3,1.9000000000000001
-29.803611,30.516111,17-08-2012,111.700005,20.6,4.0
-28.760833,17.730278,18-08-2012,0.5,251.2,0.0
-22.43772222,31.07805556,19-08-2012,142.3,14.900001,7.5
-24.679167,30.8025,20-08-2012,131.7,0.0,56.800000000000004
-25.99136,27.84208,20-08-2012,80.0,83.4,4.2
-30.27402,30.69602,20-08-2012,113.0,23.7,4.4
-26.880278,26.965,20-08-2012,55.4,120.0,2.9000000000000004
-26.98472222,26.63227778,20-08-2012,51.9,131.8,2.7
-33.7075,18.97444444,20-08-2012,17.4,196.90001,0.8
-24.183889,30.823889,21-08-2012,145.3,2.7,7.6000000000000005
-29.380556,30.2775,21-08-2012,122.9,9.1,5.6000000000000005
-26.45,28.085833,21-08-2012,72.0,88.700005,3.8000000000000003
-33.464444,18.740556,21-08-2012,13.3,201.0,0.6000000000000001
-25.45963889,28.26430556,21-08-2012,87.4,79.6,4.6000000000000005
-25.81048333,27.90955222,22-08-2012,79.5,87.0,4.2
-24.058889,31.237222,22-08-2012,143.90001,1.2,7.6000000000000005
-27.169444,29.233889,22-08-2012,92.0,56.5,4.800000000000001
-27.273889,28.49,22-08-2012,72.6,84.9,3.8000000000000003
-27.802778,28.768333,22-08-2012,89.4,61.3,4.0
-28.058889,30.373611,22-08-2012,139.3,4.5,7.0
-29.161667,23.696389,23-08-2012,27.0,215.5,1.4000000000000001
-28.7115,24.07288889,23-08-2012,38.600002,197.40001,2.0
-31.860278,18.6875,23-08-2012,1.2,234.2,0.1
-27.937778,31.209444,23-08-2012,139.7,0.0,7.9
-26.648056,27.089444,23-08-2012,57.7,114.1,3.0
-29.1825,23.575556,23-08-2012,25.6,216.8,1.3
-34.031944,22.053333,23-08-2012,28.800001,133.40001,1.5
-34.02861,22.22222,23-08-2012,30.9,125.700005,1.6
-23.838611,31.640833,24-08-2012,130.90001,17.9,6.9
-32.502778,19.535833,24-08-2012,2.5,235.0,0.1
-29.380556,30.2775,26-08-2012,122.9,9.1,5.6000000000000005
-29.641944,30.6875,27-08-2012,115.3,19.800001,4.3
-29.758889,30.935278,27-08-2012,126.200005,6.3,6.1000000000000005
-27.01011111,26.69808333,28-08-2012,51.0,133.40001,2.7
-25.127778,27.628889,28-08-2012,73.0,105.200005,3.8000000000000003
-25.20639,27.558,28-08-2012,70.9,105.6,3.7
-24.69514,27.40906,28-08-2012,81.0,97.700005,4.3
-28.747778,31.745833,28-08-2012,139.6,0.0,13.600000000000001
-26.970278,27.211111,28-08-2012,57.7,116.1,3.0
-26.880278,26.965,28-08-2012,55.4,120.0,2.9000000000000004
-26.45,28.085833,28-08-2012,72.0,88.700005,3.8000000000000003
-26.98472222,26.63227778,28-08-2012,51.9,131.8,2.7
-30.86013889,29.07125,28-08-2012,73.9,73.3,3.9000000000000004
-31.104278,29.399722,28-08-2012,80.4,60.9,4.0
-31.396,29.2651,28-08-2012,77.1,66.200005,3.9000000000000004
-31.554722,29.245556,28-08-2012,81.0,53.9,4.0
-33.501667,21.624167,28-08-2012,18.9,176.6,1.0
-31.5653,18.3306,28-08-2012,0.5,226.3,0.0
-29.161667,23.696389,29-08-2012,27.0,215.5,1.4000000000000001
-28.801278,31.955389,29-08-2012,139.7,0.0,9.8
-28.141944,26.417778,29-08-2012,45.100002,152.5,2.4000000000000004
-28.1175,26.719444,29-08-2012,45.9,145.8,2.4000000000000004
-30.568333,29.422778,29-08-2012,88.4,51.0,4.3
-30.77586667,29.03221667,29-08-2012,77.4,70.6,4.0
-33.13083,18.86278,29-08-2012,9.2,206.8,0.4
-24.282222,28.090278,30-08-2012,130.7,30.1,6.9
-28.75,30.442778,30-08-2012,117.3,34.3,5.7
-29.161667,30.629722,30-08-2012,129.3,0.0,10.700000000000001
-27.00222,28.76528,30-08-2012,80.5,73.700005,4.2
-27.398611,26.614722,30-08-2012,46.600002,146.3,2.5
-27.671111,27.236944,30-08-2012,50.5,131.3,2.7
-33.38056,19.30167,30-08-2012,13.5,194.8,0.6000000000000001
-27.902778,24.615556,31-08-2012,46.0,183.7,2.4000000000000004
-28.760833,17.730278,02-09-2012,0.5,251.2,0.0
-25.99136,27.84208,03-09-2012,80.0,83.4,4.2
-22.43772222,31.07805556,03-09-2012,142.3,14.900001,7.5
-26.970278,27.211111,03-09-2012,57.7,116.1,3.0
-27.3,28.586944,03-09-2012,75.3,81.4,4.0
-31.031389,28.883333,03-09-2012,74.5,70.8,3.9000000000000004
-33.818056,19.694722,03-09-2012,16.0,194.2,0.8
-27.01011111,26.69808333,04-09-2012,51.0,133.40001,2.7
-26.880278,26.965,04-09-2012,55.4,120.0,2.9000000000000004
-26.98472222,26.63227778,04-09-2012,51.9,131.8,2.7
-27.671111,27.236944,04-09-2012,50.5,131.3,2.7
-34.075556,20.145556,04-09-2012,18.0,177.2,0.9
-25.45963889,28.26430556,04-09-2012,87.4,79.6,4.6000000000000005
-28.338333,31.373611,04-09-2012,136.3,0.0,17.0
-28.068333,31.55,04-09-2012,144.90001,0.0,8.6
-27.4,26.624722,04-09-2012,46.600002,146.3,2.5
-29.161667,23.696389,05-09-2012,27.0,215.5,1.4000000000000001
-25.81048333,27.90955222,05-09-2012,79.5,87.0,4.2
-27.602222,29.942778,05-09-2012,131.7,19.5,6.7
-27.169444,29.233889,05-09-2012,92.0,56.5,4.800000000000001
-26.73806,27.59194,05-09-2012,64.1,101.8,3.4000000000000004
-26.45,28.085833,05-09-2012,72.0,88.700005,3.8000000000000003
-29.641944,30.6875,06-09-2012,115.3,19.800001,4.3
-29.161667,23.696389,07-09-2012,27.0,215.5,1.4000000000000001
-28.7115,24.07288889,07-09-2012,38.600002,197.40001,2.0
-27.02314,28.59389,07-09-2012,76.8,80.200005,4.0
-27.273889,28.49,07-09-2012,72.6,84.9,3.8000000000000003
-29.1825,23.575556,07-09-2012,25.6,216.8,1.3
-29.028629,24.638389,08-09-2012,37.7,193.90001,2.0
-27.01011111,26.69808333,10-09-2012,51.0,133.40001,2.7
-29.987778,29.851667,10-09-2012,118.5,17.4,4.7
-29.744167,29.905833,10-09-2012,121.1,19.5,4.6000000000000005
-26.98472222,26.63227778,10-09-2012,51.9,131.8,2.7
-29.160278,26.573333,10-09-2012,43.9,160.3,2.3000000000000003
-34.065833,20.404167,11-09-2012,16.7,177.0,0.8
-25.127778,27.628889,11-09-2012,73.0,105.200005,3.8000000000000003
-24.39619444,27.08983333,11-09-2012,74.200005,104.5,3.9000000000000004
-24.69514,27.40906,11-09-2012,81.0,97.700005,4.3
-27.363611,31.783333,11-09-2012,137.6,1.3000001,7.2
-30.733889,29.828333,11-09-2012,104.1,29.7,4.2
-26.970278,27.211111,11-09-2012,57.7,116.1,3.0
-26.45,28.085833,11-09-2012,72.0,88.700005,3.8000000000000003
-28.69485,28.23487,11-09-2012,82.0,73.4,3.4000000000000004
-29.615556,27.065278,11-09-2012,50.4,140.3,2.6
-28.883333,27.89,11-09-2012,80.8,81.9,3.3000000000000003
-33.897778,20.012778,11-09-2012,15.6,182.90001,0.8
-29.161667,23.696389,12-09-2012,27.0,215.5,1.4000000000000001
-25.20639,27.558,12-09-2012,70.9,105.6,3.7
-22.769722,30.886944,12-09-2012,147.3,0.0,9.3
-28.44555556,32.325,24-01-2013,95.200005,33.600002,4.9
-26.905,32.324722,12-09-2012,144.0,0.0,8.0
-30.398056,30.601944,12-09-2012,110.200005,27.5,4.4
-30.27402,30.69602,12-09-2012,113.0,23.7,4.4
-30.160091,27.40124,12-09-2012,52.2,131.90001,2.7
-30.336111,27.359444,12-09-2012,50.9,134.90001,2.7
-28.768056,20.720556,12-09-2012,13.6,257.2,0.7000000000000001
-34.405833,19.600556,12-09-2012,25.6,143.1,1.3
-30.830556,26.921389,13-09-2012,38.5,159.2,2.0
-27.00222,28.76528,13-09-2012,80.5,73.700005,4.2
-26.648056,27.089444,13-09-2012,57.7,114.1,3.0
-31.000833,26.353056,13-09-2012,30.800001,176.2,1.6
-30.679722,26.7125,13-09-2012,35.9,169.3,1.9000000000000001
-34.329722,18.990278,13-09-2012,30.9,133.1,1.4000000000000001
-27.573056,24.746389,14-09-2012,47.3,174.0,2.5
-29.658056,25.973333,14-09-2012,33.4,180.2,1.8
-29.803611,30.516111,14-09-2012,111.700005,20.6,4.0
-29.161667,23.696389,17-09-2012,27.0,215.5,1.4000000000000001
-25.99136,27.84208,17-09-2012,80.0,83.4,4.2
-26.73806,27.59194,17-09-2012,64.1,101.8,3.4000000000000004
-26.45,28.085833,17-09-2012,72.0,88.700005,3.8000000000000003
-27.935,26.126667,17-09-2012,44.0,154.6,2.3000000000000003
-29.1825,23.575556,17-09-2012,25.6,216.8,1.3
-33.31388889,19.07472222,17-09-2012,11.900001,208.40001,0.5
-27.01011111,26.69808333,18-09-2012,51.0,133.40001,2.7
-22.91028,29.61111,18-09-2012,145.3,0.0,7.800000000000001
-27.5275,30.858056,18-09-2012,136.1,0.0,45.0
-29.380556,30.2775,18-09-2012,122.9,9.1,5.6000000000000005
-27.169444,29.233889,18-09-2012,92.0,56.5,4.800000000000001
-26.648056,27.089444,18-09-2012,57.7,114.1,3.0
-26.970278,27.211111,18-09-2012,57.7,116.1,3.0
-26.880278,26.965,18-09-2012,55.4,120.0,2.9000000000000004
-27.802778,28.768333,18-09-2012,89.4,61.3,4.0
-33.7075,18.97444444,18-09-2012,17.4,196.90001,0.8
-25.45963889,28.26430556,18-09-2012,87.4,79.6,4.6000000000000005
-29.161667,23.696389,19-09-2012,27.0,215.5,1.4000000000000001
-25.81048333,27.90955222,19-09-2012,79.5,87.0,4.2
-23.763056,27.908611,19-09-2012,114.1,52.100002,6.0
-27.00222,28.76528,19-09-2012,80.5,73.700005,4.2
-27.273889,28.49,19-09-2012,72.6,84.9,3.8000000000000003
-34.039722,22.133333,19-09-2012,29.800001,130.3,1.5
-32.595833,19.009444,19-09-2012,3.7,233.7,0.2
-34.005833,22.351111,19-09-2012,35.600002,117.5,1.8
-31.860278,18.6875,20-09-2012,1.2,234.2,0.1
-29.744167,29.905833,27-12-2013,104.200005,50.9,2.8000000000000003
-24.282222,28.090278,20-09-2012,130.7,30.1,6.9
-23.838611,31.640833,20-09-2012,130.90001,17.9,6.9
-24.670833,28.560833,21-09-2012,104.6,59.3,5.5
-32.502778,19.535833,21-09-2012,2.5,235.0,0.1
-24.183889,30.823889,25-09-2012,145.3,2.7,7.6000000000000005
-25.127778,27.628889,25-09-2012,73.0,105.200005,3.8000000000000003
-25.20639,27.558,25-09-2012,70.9,105.6,3.7
-24.69514,27.40906,25-09-2012,81.0,97.700005,4.3
-25.73411,27.21422,25-09-2012,71.4,95.9,3.8000000000000003
-26.45,28.085833,25-09-2012,72.0,88.700005,3.8000000000000003
-31.396,29.2651,25-09-2012,77.1,66.200005,3.9000000000000004
-31.554722,29.245556,25-09-2012,81.0,53.9,4.0
-33.501667,21.624167,25-09-2012,18.9,176.6,1.0
-33.38056,19.30167,25-09-2012,13.5,194.8,0.6000000000000001
-29.161667,23.696389,26-09-2012,27.0,215.5,1.4000000000000001
-27.01011111,26.69808333,26-09-2012,51.0,133.40001,2.7
-24.39619444,27.08983333,26-09-2012,74.200005,104.5,3.9000000000000004
-29.380556,30.2775,26-09-2012,122.9,9.1,5.6000000000000005
-26.648056,27.089444,26-09-2012,57.7,114.1,3.0
-26.880278,26.965,26-09-2012,55.4,120.0,2.9000000000000004
-27.802778,28.768333,26-09-2012,89.4,61.3,4.0
-26.98472222,26.63227778,26-09-2012,51.9,131.8,2.7
-28.141944,26.417778,26-09-2012,45.100002,152.5,2.4000000000000004
-28.1175,26.719444,26-09-2012,45.9,145.8,2.4000000000000004
-30.568333,29.422778,26-09-2012,88.4,51.0,4.3
-30.570833,29.150556,26-09-2012,95.1,47.2,4.4
-31.104278,29.399722,26-09-2012,80.4,60.9,4.0
-31.5653,18.3306,26-09-2012,0.5,226.3,0.0
-29.641944,30.6875,27-09-2012,115.3,19.800001,4.3
-24.679167,30.8025,27-09-2012,131.7,0.0,56.800000000000004
-28.747778,31.745833,27-09-2012,139.6,0.0,13.600000000000001
-28.801278,31.955389,27-09-2012,139.7,0.0,9.8
-28.75,30.442778,27-09-2012,117.3,34.3,5.7
-29.758889,30.935278,27-09-2012,126.200005,6.3,6.1000000000000005
-29.161667,30.629722,27-09-2012,129.3,0.0,10.700000000000001
-27.00222,28.76528,27-09-2012,80.5,73.700005,4.2
-27.38972222,26.46388889,27-09-2012,45.7,149.8,2.4000000000000004
-27.398611,26.614722,27-09-2012,46.600002,146.3,2.5
-27.671111,27.236944,27-09-2012,50.5,131.3,2.7
-31.031389,28.883333,27-09-2012,74.5,70.8,3.9000000000000004
-30.86013889,29.07125,27-09-2012,73.9,73.3,3.9000000000000004
-30.77586667,29.03221667,27-09-2012,77.4,70.6,4.0
-33.13083,18.86278,27-09-2012,9.2,206.8,0.4
-30.27402,30.69602,28-09-2012,113.0,23.7,4.4
-27.902778,24.615556,28-09-2012,46.0,183.7,2.4000000000000004
-24.9675,31.516667,30-09-2012,137.5,0.0,8.200000000000001
-29.161667,23.696389,01-10-2012,27.0,215.5,1.4000000000000001
-26.861111,28.884722,01-10-2012,86.3,66.4,4.5
-26.73806,27.59194,01-10-2012,64.1,101.8,3.4000000000000004
-26.45,28.085833,01-10-2012,72.0,88.700005,3.8000000000000003
-33.818056,19.694722,01-10-2012,16.0,194.2,0.8
-28.7115,24.07288889,02-10-2012,38.600002,197.40001,2.0
-23.658056,31.05,02-10-2012,128.0,18.7,6.7
-28.735556,29.820556,02-10-2012,132.1,19.1,5.6000000000000005
-27.169444,29.233889,02-10-2012,92.0,56.5,4.800000000000001
-27.802778,28.768333,02-10-2012,89.4,61.3,4.0
-27.398611,26.614722,02-10-2012,46.600002,146.3,2.5
-27.671111,27.236944,02-10-2012,50.5,131.3,2.7
-29.1825,23.575556,02-10-2012,25.6,216.8,1.3
-34.075556,20.145556,02-10-2012,18.0,177.2,0.9
-25.45963889,28.26430556,02-10-2012,87.4,79.6,4.6000000000000005
-28.338333,31.373611,02-10-2012,136.3,0.0,17.0
-28.068333,31.55,02-10-2012,144.90001,0.0,8.6
-27.01011111,26.69808333,03-10-2012,51.0,133.40001,2.7
-25.81048333,27.90955222,03-10-2012,79.5,87.0,4.2
-29.641944,30.6875,03-10-2012,115.3,19.800001,4.3
-22.769722,30.886944,03-10-2012,147.3,0.0,9.3
-27.00222,28.76528,03-10-2012,80.5,73.700005,4.2
-27.02314,28.59389,03-10-2012,76.8,80.200005,4.0
-26.648056,27.089444,03-10-2012,57.7,114.1,3.0
-26.880278,26.965,03-10-2012,55.4,120.0,2.9000000000000004
-27.273889,28.49,03-10-2012,72.6,84.9,3.8000000000000003
-27.4275,28.525833,03-10-2012,73.700005,82.8,3.8000000000000003
-27.3,28.586944,03-10-2012,75.3,81.4,4.0
-34.092222,21.295278,03-10-2012,22.4,156.6,1.1
-25.57877778,29.12747222,03-10-2012,110.1,51.3,5.800000000000001
-27.602222,29.942778,04-10-2012,131.7,19.5,6.7
-27.573056,24.746389,05-10-2012,47.3,174.0,2.5
-29.042222,24.6,05-10-2012,36.2,196.8,1.9000000000000001
-29.028629,24.638389,05-10-2012,37.7,193.90001,2.0
-29.7775,29.470833,08-10-2012,127.3,8.8,5.9
-29.744167,29.905833,08-10-2012,121.1,19.5,4.6000000000000005
-26.45,28.085833,08-10-2012,72.0,88.700005,3.8000000000000003
-33.897778,20.012778,08-10-2012,15.6,182.90001,0.8
-27.01011111,26.69808333,09-10-2012,51.0,133.40001,2.7
-34.065833,20.404167,09-10-2012,16.7,177.0,0.8
-25.127778,27.628889,09-10-2012,73.0,105.200005,3.8000000000000003
-24.39619444,27.08983333,09-10-2012,74.200005,104.5,3.9000000000000004
-24.69514,27.40906,09-10-2012,81.0,97.700005,4.3
-25.73411,27.21422,09-10-2012,71.4,95.9,3.8000000000000003
-30.733889,29.828333,09-10-2012,104.1,29.7,4.2
-26.648056,27.089444,09-10-2012,57.7,114.1,3.0
-26.970278,27.211111,09-10-2012,57.7,116.1,3.0
-26.880278,26.965,09-10-2012,55.4,120.0,2.9000000000000004
-27.802778,28.768333,09-10-2012,89.4,61.3,4.0
-26.98472222,26.63227778,09-10-2012,51.9,131.8,2.7
-29.160278,26.573333,09-10-2012,43.9,160.3,2.3000000000000003
-28.69485,28.23487,09-10-2012,82.0,73.4,3.4000000000000004
-28.883333,27.89,09-10-2012,80.8,81.9,3.3000000000000003
-28.068333,31.55,09-10-2012,144.90001,0.0,8.6
-30.830556,26.921389,10-10-2012,38.5,159.2,2.0
-25.20639,27.558,10-10-2012,70.9,105.6,3.7
-30.398056,30.601944,10-10-2012,110.200005,27.5,4.4
-27.00222,28.76528,10-10-2012,80.5,73.700005,4.2
-31.000833,26.353056,10-10-2012,30.800001,176.2,1.6
-28.768056,20.720556,10-10-2012,13.6,257.2,0.7000000000000001
-34.031944,22.053333,10-10-2012,28.800001,133.40001,1.5
-34.039722,22.133333,10-10-2012,29.800001,130.3,1.5
-34.405833,19.600556,10-10-2012,25.6,143.1,1.3
-34.005833,22.351111,10-10-2012,35.600002,117.5,1.8
-30.830556,26.921389,11-10-2012,38.5,159.2,2.0
-30.679722,26.7125,11-10-2012,35.9,169.3,1.9000000000000001
-30.160091,27.40124,11-10-2012,52.2,131.90001,2.7
-30.336111,27.359444,11-10-2012,50.9,134.90001,2.7
-28.404444,30.013056,12-10-2012,129.90001,21.800001,6.1000000000000005
-27.902778,24.615556,12-10-2012,46.0,183.7,2.4000000000000004
-29.658056,25.973333,12-10-2012,33.4,180.2,1.8
-31.000833,26.353056,12-10-2012,30.800001,176.2,1.6
-29.803611,30.516111,12-10-2012,111.700005,20.6,4.0
-25.99136,27.84208,15-10-2012,80.0,83.4,4.2
-26.45,28.085833,15-10-2012,72.0,88.700005,3.8000000000000003
-33.31388889,19.07472222,15-10-2012,11.900001,208.40001,0.5
-29.161667,23.696389,16-10-2012,27.0,215.5,1.4000000000000001
-27.01011111,26.69808333,16-10-2012,51.0,133.40001,2.7
-25.681111,31.783333,16-10-2012,134.6,0.0,8.5
-29.380556,30.2775,16-10-2012,122.9,9.1,5.6000000000000005
-26.648056,27.089444,16-10-2012,57.7,114.1,3.0
-26.970278,27.211111,16-10-2012,57.7,116.1,3.0
-26.880278,26.965,16-10-2012,55.4,120.0,2.9000000000000004
-26.98472222,26.63227778,16-10-2012,51.9,131.8,2.7
-27.935,26.126667,16-10-2012,44.0,154.6,2.3000000000000003
-29.160278,26.573333,16-10-2012,43.9,160.3,2.3000000000000003
-29.1825,23.575556,16-10-2012,25.6,216.8,1.3
-34.250556,20.9925,16-10-2012,21.800001,159.7,1.1
-33.7075,18.97444444,16-10-2012,17.4,196.90001,0.8
-25.45963889,28.26430556,16-10-2012,87.4,79.6,4.6000000000000005
-29.161667,23.696389,17-10-2012,27.0,215.5,1.4000000000000001
-25.81048333,27.90955222,17-10-2012,79.5,87.0,4.2
-24.768889,31.39,17-10-2012,137.40001,0.0,9.1
-24.9675,31.516667,17-10-2012,137.5,0.0,8.200000000000001
-27.937778,31.209444,17-10-2012,139.7,0.0,7.9
-27.169444,29.233889,17-10-2012,92.0,56.5,4.800000000000001
-27.00222,28.76528,17-10-2012,80.5,73.700005,4.2
-27.802778,28.768333,17-10-2012,89.4,61.3,4.0
-32.595833,19.009444,17-10-2012,3.7,233.7,0.2
-28.058889,30.373611,17-10-2012,139.3,4.5,7.0
-31.860278,18.6875,18-10-2012,1.2,234.2,0.1
-27.273889,28.49,18-10-2012,72.6,84.9,3.8000000000000003
-27.671111,27.236944,18-10-2012,50.5,131.3,2.7
-25.14944444,31.94055556,19-10-2012,129.7,0.0,8.700000000000001
-32.502778,19.535833,19-10-2012,2.5,235.0,0.1
-31.031389,28.883333,21-10-2012,74.5,70.8,3.9000000000000004
-24.679167,30.8025,22-10-2012,131.7,0.0,56.800000000000004
-26.861111,28.884722,22-10-2012,86.3,66.4,4.5
-26.45,28.085833,22-10-2012,72.0,88.700005,3.8000000000000003
-31.396,29.2651,22-10-2012,77.1,66.200005,3.9000000000000004
-31.554722,29.245556,22-10-2012,81.0,53.9,4.0
-27.01011111,26.69808333,23-10-2012,51.0,133.40001,2.7
-24.183889,30.823889,23-10-2012,145.3,2.7,7.6000000000000005
-25.127778,27.628889,23-10-2012,73.0,105.200005,3.8000000000000003
-25.20639,27.558,23-10-2012,70.9,105.6,3.7
-24.69514,27.40906,23-10-2012,81.0,97.700005,4.3
-28.747778,31.745833,23-10-2012,139.6,0.0,13.600000000000001
-26.648056,27.089444,23-10-2012,57.7,114.1,3.0
-26.970278,27.211111,23-10-2012,57.7,116.1,3.0
-26.880278,26.965,23-10-2012,55.4,120.0,2.9000000000000004
-27.802778,28.768333,23-10-2012,89.4,61.3,4.0
-27.38972222,26.46388889,23-10-2012,45.7,149.8,2.4000000000000004
-26.98472222,26.63227778,23-10-2012,51.9,131.8,2.7
-28.69485,28.23487,23-10-2012,82.0,73.4,3.4000000000000004
-30.568333,29.422778,23-10-2012,88.4,51.0,4.3
-30.570833,29.150556,23-10-2012,95.1,47.2,4.4
-31.104278,29.399722,23-10-2012,80.4,60.9,4.0
-33.501667,21.624167,23-10-2012,18.9,176.6,1.0
-29.161667,23.696389,24-10-2012,27.0,215.5,1.4000000000000001
-24.39619444,27.08983333,24-10-2012,74.200005,104.5,3.9000000000000004
-24.058889,31.237222,24-10-2012,143.90001,1.2,7.6000000000000005
-28.141944,26.417778,24-10-2012,45.100002,152.5,2.4000000000000004
-27.398611,26.614722,24-10-2012,46.600002,146.3,2.5
-27.671111,27.236944,24-10-2012,50.5,131.3,2.7
-30.679722,26.7125,24-10-2012,35.9,169.3,1.9000000000000001
-30.336111,27.359444,24-10-2012,50.9,134.90001,2.7
-28.768056,20.720556,24-10-2012,13.6,257.2,0.7000000000000001
-30.86013889,29.07125,24-10-2012,73.9,73.3,3.9000000000000004
-30.77586667,29.03221667,24-10-2012,77.4,70.6,4.0
-33.13083,18.86278,24-10-2012,9.2,206.8,0.4
-28.75,30.442778,25-10-2012,117.3,34.3,5.7
-29.161667,30.629722,25-10-2012,129.3,0.0,10.700000000000001
-27.38972222,26.46388889,25-10-2012,45.7,149.8,2.4000000000000004
-27.671111,27.236944,28-10-2012,50.5,131.3,2.7
-28.068333,31.55,28-10-2012,144.90001,0.0,8.6
-25.99136,27.84208,29-10-2012,80.0,83.4,4.2
-27.00222,28.76528,29-10-2012,80.5,73.700005,4.2
-26.45,28.085833,29-10-2012,72.0,88.700005,3.8000000000000003
-27.01011111,26.69808333,30-10-2012,51.0,133.40001,2.7
-26.648056,27.089444,30-10-2012,57.7,114.1,3.0
-26.970278,27.211111,30-10-2012,57.7,116.1,3.0
-26.880278,26.965,30-10-2012,55.4,120.0,2.9000000000000004
-26.98472222,26.63227778,30-10-2012,51.9,131.8,2.7
-29.160278,26.573333,30-10-2012,43.9,160.3,2.3000000000000003
-25.45963889,28.26430556,30-10-2012,87.4,79.6,4.6000000000000005
-28.338333,31.373611,30-10-2012,136.3,0.0,17.0
-25.57877778,29.12747222,30-10-2012,110.1,51.3,5.800000000000001
-29.161667,23.696389,31-10-2012,27.0,215.5,1.4000000000000001
-25.81048333,27.90955222,31-10-2012,79.5,87.0,4.2
-29.641944,30.6875,31-10-2012,115.3,19.800001,4.3
-22.769722,30.886944,31-10-2012,147.3,0.0,9.3
-28.44555556,32.325,21-02-2013,95.200005,33.600002,4.9
-26.73806,27.59194,31-10-2012,64.1,101.8,3.4000000000000004
-23.658056,31.05,01-11-2012,128.0,18.7,6.7
-29.161667,23.696389,02-11-2012,27.0,215.5,1.4000000000000001
-28.7115,24.07288889,02-11-2012,38.600002,197.40001,2.0
-29.1825,23.575556,02-11-2012,25.6,216.8,1.3
-29.7775,29.470833,05-11-2012,127.3,8.8,5.9
-29.987778,29.851667,05-11-2012,118.5,17.4,4.7
-29.744167,29.905833,05-11-2012,121.1,19.5,4.6000000000000005
-26.970278,27.211111,05-11-2012,57.7,116.1,3.0
-26.45,28.085833,05-11-2012,72.0,88.700005,3.8000000000000003
-33.818056,19.694722,05-11-2012,16.0,194.2,0.8
-33.897778,20.012778,05-11-2012,15.6,182.90001,0.8
-34.065833,20.404167,06-11-2012,16.7,177.0,0.8
-24.670833,28.560833,06-11-2012,104.6,59.3,5.5
-25.127778,27.628889,06-11-2012,73.0,105.200005,3.8000000000000003
-25.20639,27.558,06-11-2012,70.9,105.6,3.7
-24.39619444,27.08983333,06-11-2012,74.200005,104.5,3.9000000000000004
-24.69514,27.40906,06-11-2012,81.0,97.700005,4.3
-26.03611,30.99778,06-11-2012,144.3,0.0,81.5
-27.363611,31.783333,06-11-2012,137.6,1.3000001,7.2
-30.733889,29.828333,06-11-2012,104.1,29.7,4.2
-27.38972222,26.46388889,06-11-2012,45.7,149.8,2.4000000000000004
-27.398611,26.614722,06-11-2012,46.600002,146.3,2.5
-27.671111,27.236944,06-11-2012,50.5,131.3,2.7
-29.160278,26.573333,06-11-2012,43.9,160.3,2.3000000000000003
-28.69485,28.23487,06-11-2012,82.0,73.4,3.4000000000000004
-28.883333,27.89,06-11-2012,80.8,81.9,3.3000000000000003
-34.092222,21.295278,06-11-2012,22.4,156.6,1.1
-34.075556,20.145556,06-11-2012,18.0,177.2,0.9
-29.161667,23.696389,07-11-2012,27.0,215.5,1.4000000000000001
-22.935,28.004167,07-11-2012,97.700005,68.3,5.1000000000000005
-26.905,32.324722,07-11-2012,144.0,0.0,8.0
-30.398056,30.601944,07-11-2012,110.200005,27.5,4.4
-30.27402,30.69602,07-11-2012,113.0,23.7,4.4
-27.3,28.586944,07-11-2012,75.3,81.4,4.0
-29.615556,27.065278,07-11-2012,50.4,140.3,2.6
-34.405833,19.600556,07-11-2012,25.6,143.1,1.3
-27.01011111,26.69808333,08-11-2012,51.0,133.40001,2.7
-30.830556,26.921389,08-11-2012,38.5,159.2,2.0
-22.91028,29.61111,08-11-2012,145.3,0.0,7.800000000000001
-26.861111,28.884722,08-11-2012,86.3,66.4,4.5
-27.00222,28.76528,08-11-2012,80.5,73.700005,4.2
-27.02314,28.59389,08-11-2012,76.8,80.200005,4.0
-26.648056,27.089444,08-11-2012,57.7,114.1,3.0
-26.880278,26.965,08-11-2012,55.4,120.0,2.9000000000000004
-26.98472222,26.63227778,08-11-2012,51.9,131.8,2.7
-29.028629,24.638389,08-11-2012,37.7,193.90001,2.0
-30.679722,26.7125,08-11-2012,35.9,169.3,1.9000000000000001
-30.160091,27.40124,08-11-2012,52.2,131.90001,2.7
-30.336111,27.359444,08-11-2012,50.9,134.90001,2.7
-34.329722,18.990278,08-11-2012,30.9,133.1,1.4000000000000001
-29.658056,25.973333,09-11-2012,33.4,180.2,1.8
-31.000833,26.353056,09-11-2012,30.800001,176.2,1.6
-29.803611,30.516111,09-11-2012,111.700005,20.6,4.0
-25.99136,27.84208,12-11-2012,80.0,83.4,4.2
-26.861111,28.884722,12-11-2012,86.3,66.4,4.5
-26.45,28.085833,12-11-2012,72.0,88.700005,3.8000000000000003
-27.671111,27.236944,12-11-2012,50.5,131.3,2.7
-33.38056,19.30167,12-11-2012,13.5,194.8,0.6000000000000001
-32.502778,19.535833,12-11-2012,2.5,235.0,0.1
-27.01011111,26.69808333,13-11-2012,51.0,133.40001,2.7
-31.860278,18.6875,13-11-2012,1.2,234.2,0.1
-25.73411,27.21422,13-11-2012,71.4,95.9,3.8000000000000003
-22.43772222,31.07805556,13-11-2012,142.3,14.900001,7.5
-29.380556,30.2775,13-11-2012,122.9,9.1,5.6000000000000005
-27.169444,29.233889,13-11-2012,92.0,56.5,4.800000000000001
-27.00222,28.76528,13-11-2012,80.5,73.700005,4.2
-26.970278,27.211111,13-11-2012,57.7,116.1,3.0
-26.880278,26.965,13-11-2012,55.4,120.0,2.9000000000000004
-26.98472222,26.63227778,13-11-2012,51.9,131.8,2.7
-27.935,26.126667,13-11-2012,44.0,154.6,2.3000000000000003
-32.595833,19.009444,13-11-2012,3.7,233.7,0.2
-25.45963889,28.26430556,13-11-2012,87.4,79.6,4.6000000000000005
-29.161667,23.696389,14-11-2012,27.0,215.5,1.4000000000000001
-25.81048333,27.90955222,14-11-2012,79.5,87.0,4.2
-27.3,28.586944,14-11-2012,75.3,81.4,4.0
-33.31388889,19.07472222,14-11-2012,11.900001,208.40001,0.5
-33.13083,18.86278,14-11-2012,9.2,206.8,0.4
-27.5275,30.858056,15-11-2012,136.1,0.0,45.0
-33.7075,18.97444444,15-11-2012,17.4,196.90001,0.8
-34.250556,20.9925,16-11-2012,21.800001,159.7,1.1
-24.679167,30.8025,19-11-2012,131.7,0.0,56.800000000000004
-26.45,28.085833,19-11-2012,72.0,88.700005,3.8000000000000003
-28.116667,26.725278,19-11-2012,45.9,145.8,2.4000000000000004
-29.160278,26.573333,19-11-2012,43.9,160.3,2.3000000000000003
-27.01011111,26.69808333,20-11-2012,51.0,133.40001,2.7
-24.183889,30.823889,20-11-2012,145.3,2.7,7.6000000000000005
-25.127778,27.628889,20-11-2012,73.0,105.200005,3.8000000000000003
-25.20639,27.558,20-11-2012,70.9,105.6,3.7
-26.861111,28.884722,20-11-2012,86.3,66.4,4.5
-27.00222,28.76528,20-11-2012,80.5,73.700005,4.2
-26.648056,27.089444,20-11-2012,57.7,114.1,3.0
-26.970278,27.211111,20-11-2012,57.7,116.1,3.0
-26.880278,26.965,20-11-2012,55.4,120.0,2.9000000000000004
-26.98472222,26.63227778,20-11-2012,51.9,131.8,2.7
-31.396,29.2651,20-11-2012,77.1,66.200005,3.9000000000000004
-31.554722,29.245556,20-11-2012,81.0,53.9,4.0
-34.031944,22.053333,20-11-2012,28.800001,133.40001,1.5
-34.039722,22.133333,20-11-2012,29.800001,130.3,1.5
-29.161667,23.696389,21-11-2012,27.0,215.5,1.4000000000000001
-28.7115,24.07288889,21-11-2012,38.600002,197.40001,2.0
-28.747778,31.745833,21-11-2012,139.6,0.0,13.600000000000001
-28.141944,26.417778,21-11-2012,45.100002,152.5,2.4000000000000004
-30.27402,30.69602,10-10-2012,113.0,23.7,4.4
-29.160278,26.573333,21-11-2012,43.9,160.3,2.3000000000000003
-30.570833,29.150556,21-11-2012,95.1,47.2,4.4
-31.104278,29.399722,21-11-2012,80.4,60.9,4.0
-34.02861,22.22222,21-11-2012,30.9,125.700005,1.6
-34.005833,22.351111,21-11-2012,35.600002,117.5,1.8
-29.140556,31.391944,22-11-2012,135.7,0.0,34.9
-24.39619444,27.08983333,22-11-2012,74.200005,104.5,3.9000000000000004
-28.75,30.442778,22-11-2012,117.3,34.3,5.7
-27.38972222,26.46388889,22-11-2012,45.7,149.8,2.4000000000000004
-27.671111,27.236944,22-11-2012,50.5,131.3,2.7
-30.568333,29.422778,22-11-2012,88.4,51.0,4.3
-31.031389,28.883333,22-11-2012,74.5,70.8,3.9000000000000004
-30.86013889,29.07125,22-11-2012,73.9,73.3,3.9000000000000004
-30.77586667,29.03221667,22-11-2012,77.4,70.6,4.0
-25.99136,27.84208,26-11-2012,80.0,83.4,4.2
-26.73806,27.59194,26-11-2012,64.1,101.8,3.4000000000000004
-26.45,28.085833,26-11-2012,72.0,88.700005,3.8000000000000003
-33.818056,19.694722,26-11-2012,16.0,194.2,0.8
-33.897778,20.012778,26-11-2012,15.6,182.90001,0.8
-34.065833,20.404167,27-11-2012,16.7,177.0,0.8
-28.404444,30.013056,27-11-2012,129.90001,21.800001,6.1000000000000005
-27.169444,29.233889,27-11-2012,92.0,56.5,4.800000000000001
-26.861111,28.884722,27-11-2012,86.3,66.4,4.5
-27.3,28.586944,27-11-2012,75.3,81.4,4.0
-29.042222,24.6,27-11-2012,36.2,196.8,1.9000000000000001
-29.028629,24.638389,27-11-2012,37.7,193.90001,2.0
-33.501667,21.624167,27-11-2012,18.9,176.6,1.0
-34.075556,20.145556,27-11-2012,18.0,177.2,0.9
-25.45963889,28.26430556,27-11-2012,87.4,79.6,4.6000000000000005
-28.338333,31.373611,27-11-2012,136.3,0.0,17.0
-28.068333,31.55,27-11-2012,144.90001,0.0,8.6
-25.57877778,29.12747222,27-11-2012,110.1,51.3,5.800000000000001
-29.161667,23.696389,28-11-2012,27.0,215.5,1.4000000000000001
-27.01011111,26.69808333,28-11-2012,51.0,133.40001,2.7
-25.81048333,27.90955222,28-11-2012,79.5,87.0,4.2
-26.648056,27.089444,28-11-2012,57.7,114.1,3.0
-26.970278,27.211111,28-11-2012,57.7,116.1,3.0
-26.880278,26.965,28-11-2012,55.4,120.0,2.9000000000000004
-27.802778,28.768333,28-11-2012,89.4,61.3,4.0
-26.98472222,26.63227778,28-11-2012,51.9,131.8,2.7
-34.405833,19.600556,28-11-2012,25.6,143.1,1.3
-29.641944,30.6875,29-11-2012,115.3,19.800001,4.3
-25.73411,27.21422,29-11-2012,71.4,95.9,3.8000000000000003
-24.925278,29.324444,29-11-2012,98.6,68.200005,5.2
-27.398611,26.614722,29-11-2012,46.600002,146.3,2.5
-34.329722,18.990278,29-11-2012,30.9,133.1,1.4000000000000001
-29.7775,29.470833,03-12-2012,127.3,8.8,5.9
-29.987778,29.851667,03-12-2012,118.5,17.4,4.7
-29.744167,29.905833,03-12-2012,121.1,19.5,4.6000000000000005
-26.970278,27.211111,03-12-2012,57.7,116.1,3.0
-26.45,28.085833,03-12-2012,72.0,88.700005,3.8000000000000003
-33.31388889,19.07472222,03-12-2012,11.900001,208.40001,0.5
-25.127778,27.628889,04-12-2012,73.0,105.200005,3.8000000000000003
-25.20639,27.558,04-12-2012,70.9,105.6,3.7
-24.39619444,27.08983333,04-12-2012,74.200005,104.5,3.9000000000000004
-24.69514,27.40906,04-12-2012,81.0,97.700005,4.3
-22.769722,30.886944,04-12-2012,147.3,0.0,9.3
-27.363611,31.783333,04-12-2012,137.6,1.3000001,7.2
-30.733889,29.828333,04-12-2012,104.1,29.7,4.2
-26.861111,28.884722,04-12-2012,86.3,66.4,4.5
-27.02314,28.59389,04-12-2012,76.8,80.200005,4.0
-27.671111,27.236944,04-12-2012,50.5,131.3,2.7
-28.69485,28.23487,04-12-2012,82.0,73.4,3.4000000000000004
-29.615556,27.065278,04-12-2012,50.4,140.3,2.6
-34.092222,21.295278,04-12-2012,22.4,156.6,1.1
-33.13083,18.86278,04-12-2012,9.2,206.8,0.4
-33.7075,18.97444444,04-12-2012,17.4,196.90001,0.8
-29.161667,23.696389,05-12-2012,27.0,215.5,1.4000000000000001
-27.01011111,26.69808333,05-12-2012,51.0,133.40001,2.7
-30.398056,30.601944,05-12-2012,110.200005,27.5,4.4
-27.00222,28.76528,05-12-2012,80.5,73.700005,4.2
-26.648056,27.089444,05-12-2012,57.7,114.1,3.0
-26.880278,26.965,05-12-2012,55.4,120.0,2.9000000000000004
-27.273889,28.49,05-12-2012,72.6,84.9,3.8000000000000003
-27.3,28.586944,05-12-2012,75.3,81.4,4.0
-26.98472222,26.63227778,05-12-2012,51.9,131.8,2.7
-30.336111,27.359444,05-12-2012,50.9,134.90001,2.7
-28.768056,20.720556,05-12-2012,13.6,257.2,0.7000000000000001
-34.039722,22.133333,05-12-2012,29.800001,130.3,1.5
-32.595833,19.009444,05-12-2012,3.7,233.7,0.2
-31.860278,18.6875,06-12-2012,1.2,234.2,0.1
-30.830556,26.921389,06-12-2012,38.5,159.2,2.0
-23.658056,31.05,06-12-2012,128.0,18.7,6.7
-26.905,32.324722,06-12-2012,144.0,0.0,8.0
-26.98472222,26.63227778,06-12-2012,51.9,131.8,2.7
-31.000833,26.353056,06-12-2012,30.800001,176.2,1.6
-30.679722,26.7125,06-12-2012,35.9,169.3,1.9000000000000001
-33.501667,21.624167,06-12-2012,18.9,176.6,1.0
-33.38056,19.30167,06-12-2012,13.5,194.8,0.6000000000000001
-29.803611,30.516111,06-12-2012,111.700005,20.6,4.0
-29.658056,25.973333,07-12-2012,33.4,180.2,1.8
-28.96362,19.15486,08-12-2012,2.5,264.1,0.1
-25.99136,27.84208,10-12-2012,80.0,83.4,4.2
-29.380556,30.2775,10-12-2012,122.9,9.1,5.6000000000000005
-26.73806,27.59194,10-12-2012,64.1,101.8,3.4000000000000004
-26.45,28.085833,10-12-2012,72.0,88.700005,3.8000000000000003
-27.671111,27.236944,10-12-2012,50.5,131.3,2.7
-30.86013889,29.07125,10-12-2012,73.9,73.3,3.9000000000000004
-31.104278,29.399722,10-12-2012,80.4,60.9,4.0
-31.396,29.2651,10-12-2012,77.1,66.200005,3.9000000000000004
-31.554722,29.245556,10-12-2012,81.0,53.9,4.0
-34.005833,22.351111,10-12-2012,35.600002,117.5,1.8
-27.01011111,26.69808333,11-12-2012,51.0,133.40001,2.7
-26.861111,28.884722,11-12-2012,86.3,66.4,4.5
-27.00222,28.76528,11-12-2012,80.5,73.700005,4.2
-26.970278,27.211111,11-12-2012,57.7,116.1,3.0
-26.880278,26.965,11-12-2012,55.4,120.0,2.9000000000000004
-26.98472222,26.63227778,11-12-2012,51.9,131.8,2.7
-30.77586667,29.03221667,11-12-2012,77.4,70.6,4.0
-25.45963889,28.26430556,11-12-2012,87.4,79.6,4.6000000000000005
-25.81048333,27.90955222,12-12-2012,79.5,87.0,4.2
-27.5275,30.858056,12-12-2012,136.1,0.0,45.0
-28.141944,26.417778,12-12-2012,45.100002,152.5,2.4000000000000004
-28.1175,26.719444,12-12-2012,45.9,145.8,2.4000000000000004
-30.568333,29.422778,12-12-2012,88.4,51.0,4.3
-31.031389,28.883333,12-12-2012,74.5,70.8,3.9000000000000004
-30.570833,29.150556,12-12-2012,95.1,47.2,4.4
-34.250556,20.9925,12-12-2012,21.800001,159.7,1.1
-24.670833,28.560833,13-12-2012,104.6,59.3,5.5
-27.937778,31.209444,13-12-2012,139.7,0.0,7.9
-27.398611,26.614722,13-12-2012,46.600002,146.3,2.5
-27.671111,27.236944,13-12-2012,50.5,131.3,2.7
-22.43772222,31.07805556,14-12-2012,142.3,14.900001,7.5
-28.96362,19.15486,15-12-2012,2.5,264.1,0.1
-28.735556,29.820556,17-12-2012,132.1,19.1,5.6000000000000005
-28.7115,24.07288889,18-12-2012,38.600002,197.40001,2.0
-25.127778,27.628889,18-12-2012,73.0,105.200005,3.8000000000000003
-25.20639,27.558,18-12-2012,70.9,105.6,3.7
-24.69514,27.40906,18-12-2012,81.0,97.700005,4.3
-26.45,28.085833,18-12-2012,72.0,88.700005,3.8000000000000003
-29.1825,23.575556,18-12-2012,25.6,216.8,1.3
-33.501667,21.624167,18-12-2012,18.9,176.6,1.0
-29.161667,23.696389,19-12-2012,27.0,215.5,1.4000000000000001
-27.01011111,26.69808333,19-12-2012,51.0,133.40001,2.7
-24.39619444,27.08983333,19-12-2012,74.200005,104.5,3.9000000000000004
-28.404444,30.013056,19-12-2012,129.90001,21.800001,6.1000000000000005
-26.861111,28.884722,19-12-2012,86.3,66.4,4.5
-27.00222,28.76528,19-12-2012,80.5,73.700005,4.2
-26.648056,27.089444,19-12-2012,57.7,114.1,3.0
-26.970278,27.211111,19-12-2012,57.7,116.1,3.0
-26.880278,26.965,19-12-2012,55.4,120.0,2.9000000000000004
-26.98472222,26.63227778,19-12-2012,51.9,131.8,2.7
-28.768056,20.720556,19-12-2012,13.6,257.2,0.7000000000000001
-28.75,30.442778,20-12-2012,117.3,34.3,5.7
-29.161667,30.629722,20-12-2012,129.3,0.0,10.700000000000001
-28.96362,19.15486,22-12-2012,2.5,264.1,0.1
-28.96362,19.15486,29-12-2012,2.5,264.1,0.1
-25.14944444,31.94055556,01-01-2013,129.7,0.0,8.700000000000001
-27.00222,28.76528,01-01-2013,80.5,73.700005,4.2
-25.127778,27.628889,02-01-2013,32.8,131.0,1.7000000000000002
-25.99136,27.84208,02-01-2013,32.2,117.9,1.7000000000000002
-25.20639,27.558,02-01-2013,34.0,129.2,1.8
-30.160091,27.40124,02-01-2013,56.3,104.6,3.0
-28.96362,19.15486,02-01-2013,0.4,221.8,0.0
-25.81048333,27.90955222,03-01-2013,22.800001,122.200005,1.2000000000000002
-26.73806,27.59194,03-01-2013,26.9,114.200005,1.4000000000000001
-27.398611,26.614722,03-01-2013,39.8,117.8,2.1
-27.671111,27.236944,03-01-2013,39.5,106.700005,2.1
-25.45963889,28.26430556,03-01-2013,21.1,128.7,1.1
-27.01011111,26.69808333,04-01-2013,37.4,78.6,2.0
-26.648056,27.089444,04-01-2013,51.8,56.5,2.7
-26.970278,27.211111,04-01-2013,48.2,61.0,2.5
-26.880278,26.965,04-01-2013,46.0,64.200005,2.4000000000000004
-26.98472222,26.63227778,04-01-2013,38.600002,77.1,2.0
-28.96362,19.15486,05-01-2013,0.8,111.6,0.0
-25.99136,27.84208,07-01-2013,0.2,80.1,0.0
-28.747778,31.745833,07-01-2013,39.9,31.800001,2.0
-29.7775,29.470833,07-01-2013,4.1,57.4,0.1
-29.744167,29.905833,07-01-2013,4.2000003,62.3,0.1
-26.45,28.085833,07-01-2013,0.6,77.700005,0.0
-28.768056,20.720556,07-01-2013,21.2,60.9,1.1
-27.01011111,26.69808333,08-01-2013,0.0,116.0,0.0
-23.658056,31.05,08-01-2013,0.6,101.9,0.0
-27.169444,29.233889,08-01-2013,1.3000001,98.4,0.1
-26.861111,28.884722,08-01-2013,0.7,102.9,0.0
-26.648056,27.089444,08-01-2013,0.0,113.6,0.0
-26.970278,27.211111,08-01-2013,0.0,115.700005,0.0
-26.880278,26.965,08-01-2013,0.0,115.0,0.0
-26.98472222,26.63227778,08-01-2013,0.0,116.700005,0.0
-29.160278,26.573333,08-01-2013,0.1,104.700005,0.0
-28.883333,27.89,08-01-2013,0.5,94.700005,0.0
-25.45963889,28.26430556,08-01-2013,0.1,119.8,0.0
-25.81048333,27.90955222,09-01-2013,2.0,147.90001,0.1
-22.769722,30.886944,09-01-2013,8.1,130.3,0.4
-29.744167,29.905833,09-01-2013,1.4,114.5,0.0
-30.398056,30.601944,09-01-2013,2.4,102.8,0.1
-30.27402,30.69602,09-01-2013,2.1000001,101.9,0.1
-27.00222,28.76528,09-01-2013,3.1000001,133.3,0.2
-27.02314,28.59389,09-01-2013,3.0,135.8,0.2
-27.273889,28.49,09-01-2013,2.9,133.5,0.2
-27.4275,28.525833,09-01-2013,3.0,131.90001,0.1
-27.3,28.586944,09-01-2013,3.0,132.3,0.2
-30.830556,26.921389,10-01-2013,41.2,119.3,2.2
-30.733889,29.828333,10-01-2013,71.0,54.2,3.7
-29.042222,24.6,10-01-2013,18.1,177.90001,1.0
-29.028629,24.638389,10-01-2013,18.300001,177.0,1.0
-30.679722,26.7125,10-01-2013,37.9,126.8,2.0
-30.160091,27.40124,10-01-2013,48.100002,114.0,2.5
-30.336111,27.359444,10-01-2013,51.3,111.4,2.7
-24.39619444,27.08983333,11-01-2013,72.200005,129.5,3.8000000000000003
-29.658056,25.973333,11-01-2013,31.6,173.5,1.7000000000000002
-31.000833,26.353056,11-01-2013,33.100002,152.5,1.7000000000000002
-30.534167,24.961944,11-01-2013,37.4,176.2,2.0
-34.250556,20.9925,11-01-2013,38.3,109.3,2.0
-29.803611,30.516111,11-01-2013,61.9,67.4,3.2
-29.140556,31.391944,13-01-2013,129.90001,0.0,7.0
-31.396,29.2651,14-01-2013,126.3,0.0,26.5
-31.554722,29.245556,14-01-2013,117.5,0.0,42.900000000000006
-33.818056,19.694722,14-01-2013,10.0,193.90001,0.5
-27.01011111,26.69808333,15-01-2013,132.40001,38.2,7.0
-34.065833,20.404167,15-01-2013,8.400001,173.90001,0.4
-25.20639,27.558,15-01-2013,148.8,16.4,7.800000000000001
-28.747778,31.745833,15-01-2013,128.3,9.6,6.7
-26.648056,27.089444,15-01-2013,145.0,13.8,7.6000000000000005
-26.970278,27.211111,15-01-2013,139.6,20.4,7.300000000000001
-26.880278,26.965,15-01-2013,138.7,23.9,7.300000000000001
-26.98472222,26.63227778,15-01-2013,134.0,35.100002,7.1000000000000005
-30.568333,29.422778,15-01-2013,126.8,0.0,24.700000000000003
-30.570833,29.150556,15-01-2013,128.2,0.0,37.7
-31.104278,29.399722,15-01-2013,124.5,0.0,31.1
-34.075556,20.145556,15-01-2013,9.6,176.3,0.4
-29.161667,23.696389,16-01-2013,61.9,148.2,3.3000000000000003
-29.140556,31.391944,16-01-2013,129.90001,0.0,7.0
-24.39619444,27.08983333,16-01-2013,141.90001,30.9,7.5
-26.45,28.085833,16-01-2013,143.1,4.7000003,7.5
-27.802778,28.768333,16-01-2013,140.1,0.0,8.4
-28.768056,20.720556,16-01-2013,18.300001,234.3,1.0
-31.031389,28.883333,16-01-2013,129.5,0.0,19.0
-30.86013889,29.07125,16-01-2013,130.2,0.0,21.5
-30.77586667,29.03221667,16-01-2013,130.8,0.0,28.200000000000003
-33.501667,21.624167,16-01-2013,10.3,175.90001,0.5
-34.405833,19.600556,16-01-2013,11.5,151.3,0.4
-28.801278,31.955389,17-01-2013,108.3,27.0,5.7
-28.75,30.442778,17-01-2013,146.2,0.0,8.1
-29.161667,30.629722,17-01-2013,124.700005,0.0,9.5
-26.861111,28.884722,17-01-2013,134.8,8.400001,7.1000000000000005
-27.00222,28.76528,17-01-2013,140.90001,2.5,7.4
-27.4275,28.525833,17-01-2013,145.0,0.0,8.1
-34.329722,18.990278,17-01-2013,16.7,147.5,0.4
-25.99136,27.84208,21-01-2013,149.40001,0.0,8.200000000000001
-26.73806,27.59194,21-01-2013,146.0,7.9,7.7
-26.45,28.085833,21-01-2013,143.1,4.7000003,7.5
-27.01011111,26.69808333,22-01-2013,132.40001,38.2,7.0
-28.747778,31.745833,22-01-2013,128.3,9.6,6.7
-26.861111,28.884722,22-01-2013,134.8,8.400001,7.1000000000000005
-26.648056,27.089444,22-01-2013,145.0,13.8,7.6000000000000005
-26.970278,27.211111,22-01-2013,139.6,20.4,7.300000000000001
-26.880278,26.965,22-01-2013,138.7,23.9,7.300000000000001
-26.98472222,26.63227778,22-01-2013,134.0,35.100002,7.1000000000000005
-27.935,26.126667,22-01-2013,98.3,84.8,5.2
-28.1175,26.719444,22-01-2013,114.1,60.9,6.0
-30.160091,27.40124,22-01-2013,136.8,22.9,7.2
-34.031944,22.053333,22-01-2013,10.7,145.0,0.6000000000000001
-34.039722,22.133333,22-01-2013,11.0,142.90001,0.6000000000000001
-25.45963889,28.26430556,22-01-2013,140.5,14.5,7.4
-28.338333,31.373611,22-01-2013,127.6,5.5,6.7
-28.068333,31.55,22-01-2013,102.700005,38.100002,5.4
-29.161667,23.696389,23-01-2013,61.9,148.2,3.3000000000000003
-25.81048333,27.90955222,23-01-2013,150.7,2.7,7.9
-29.744167,29.905833,23-01-2013,129.0,0.0,56.6
-27.00222,28.76528,23-01-2013,140.90001,2.5,7.4
-27.38972222,26.46388889,23-01-2013,118.6,61.0,6.2
-28.141944,26.417778,23-01-2013,110.6,69.5,5.800000000000001
-27.398611,26.614722,23-01-2013,120.3,57.600002,6.300000000000001
-30.336111,27.359444,23-01-2013,132.6,28.9,7.0
-24.058889,31.237222,24-01-2013,106.1,31.5,5.6000000000000005
-28.44555556,32.325,21-03-2013,95.200005,33.600002,4.9
-28.1175,26.719444,24-01-2013,114.1,60.9,6.0
-27.671111,27.236944,24-01-2013,127.8,39.4,6.7
-29.641944,30.6875,28-01-2013,127.200005,0.0,10.600000000000001
-29.758889,30.935278,28-01-2013,122.700005,0.0,9.0
-30.398056,30.601944,28-01-2013,124.1,0.0,39.900000000000006
-30.27402,30.69602,28-01-2013,123.6,0.0,38.400000000000006
-26.45,28.085833,28-01-2013,143.1,4.7000003,7.5
-34.02861,22.22222,28-01-2013,11.900001,138.5,0.6000000000000001
-33.31388889,19.07472222,28-01-2013,14.2,198.6,0.6000000000000001
-27.01011111,26.69808333,29-01-2013,132.40001,38.2,7.0
-25.127778,27.628889,29-01-2013,146.6,18.1,7.7
-25.20639,27.558,29-01-2013,148.8,16.4,7.800000000000001
-24.39619444,27.08983333,29-01-2013,141.90001,30.9,7.5
-24.69514,27.40906,29-01-2013,149.90001,22.800001,7.9
-27.363611,31.783333,29-01-2013,87.5,45.3,4.6000000000000005
-28.735556,29.820556,29-01-2013,143.3,0.0,8.8
-26.861111,28.884722,29-01-2013,134.8,8.400001,7.1000000000000005
-26.98472222,26.63227778,29-01-2013,134.0,35.100002,7.1000000000000005
-27.398611,26.614722,29-01-2013,120.3,57.600002,6.300000000000001
-33.7075,18.97444444,29-01-2013,14.6,194.3,0.5
-34.005833,22.351111,29-01-2013,13.3,133.8,0.7000000000000001
-29.641944,30.6875,30-01-2013,127.200005,0.0,10.600000000000001
-29.380556,30.2775,30-01-2013,122.4,0.0,15.8
-26.648056,27.089444,30-01-2013,145.0,13.8,7.6000000000000005
-29.042222,24.6,30-01-2013,72.8,133.0,3.8000000000000003
-29.028629,24.638389,30-01-2013,74.200005,130.7,3.9000000000000004
-32.595833,19.009444,30-01-2013,10.400001,212.2,0.5
-33.13083,18.86278,30-01-2013,12.7,202.90001,0.5
-26.905,32.324722,31-01-2013,68.8,64.200005,3.6
-27.935,26.126667,31-01-2013,98.3,84.8,5.2
-28.1175,26.719444,31-01-2013,114.1,60.9,6.0
-27.902778,24.615556,31-01-2013,89.200005,109.200005,4.7
-30.160091,27.40124,31-01-2013,136.8,22.9,7.2
-33.38056,19.30167,31-01-2013,13.5,185.5,0.6000000000000001
-32.502778,19.535833,01-02-2013,8.6,225.5,0.4
-25.99136,27.84208,04-02-2013,149.40001,0.0,8.200000000000001
-26.73806,27.59194,04-02-2013,146.0,7.9,7.7
-26.45,28.085833,04-02-2013,143.1,4.7000003,7.5
-23.658056,31.05,05-02-2013,95.200005,46.600002,5.0
-23.281,30.54305556,05-02-2013,105.6,37.100002,5.5
-25.14944444,31.94055556,05-02-2013,90.700005,31.300001,4.7
-27.169444,29.233889,05-02-2013,138.3,0.0,7.4
-26.861111,28.884722,05-02-2013,134.8,8.400001,7.1000000000000005
-27.398611,26.614722,05-02-2013,120.3,57.600002,6.300000000000001
-27.671111,27.236944,05-02-2013,127.8,39.4,6.7
-29.160278,26.573333,05-02-2013,111.0,67.6,5.800000000000001
-34.031944,22.053333,05-02-2013,10.7,145.0,0.6000000000000001
-25.45963889,28.26430556,05-02-2013,140.5,14.5,7.4
-27.01011111,26.69808333,06-02-2013,132.40001,38.2,7.0
-25.81048333,27.90955222,06-02-2013,150.7,2.7,7.9
-22.769722,30.886944,06-02-2013,126.3,21.800001,6.6000000000000005
-29.744167,29.905833,06-02-2013,129.0,0.0,56.6
-27.02314,28.59389,06-02-2013,142.8,2.5,7.5
-26.648056,27.089444,06-02-2013,145.0,13.8,7.6000000000000005
-26.970278,27.211111,06-02-2013,139.6,20.4,7.300000000000001
-27.273889,28.49,06-02-2013,146.2,0.0,7.800000000000001
-27.4275,28.525833,06-02-2013,145.0,0.0,8.1
-27.3,28.586944,06-02-2013,144.8,0.0,7.800000000000001
-26.98472222,26.63227778,06-02-2013,134.0,35.100002,7.1000000000000005
-28.69485,28.23487,06-02-2013,144.8,0.0,8.4
-29.615556,27.065278,06-02-2013,133.0,33.5,7.0
-28.883333,27.89,06-02-2013,149.2,0.0,8.5
-28.75,30.442778,07-02-2013,146.2,0.0,8.1
-29.161667,30.629722,07-02-2013,124.700005,0.0,9.5
-27.00222,28.76528,07-02-2013,140.90001,2.5,7.4
-30.679722,26.7125,07-02-2013,99.9,73.8,5.300000000000001
-30.160091,27.40124,07-02-2013,136.8,22.9,7.2
-30.336111,27.359444,07-02-2013,132.6,28.9,7.0
-27.935,26.126667,08-02-2013,98.3,84.8,5.2
-28.1175,26.719444,08-02-2013,114.1,60.9,6.0
-29.160278,26.573333,08-02-2013,111.0,67.6,5.800000000000001
-29.658056,25.973333,08-02-2013,84.6,96.200005,4.5
-31.000833,26.353056,08-02-2013,79.200005,95.4,4.2
-28.96362,19.15486,09-02-2013,2.3,248.8,0.1
-23.281,30.54305556,10-02-2013,105.6,37.100002,5.5
-24.058889,31.237222,11-02-2013,106.1,31.5,5.6000000000000005
-26.970278,27.211111,11-02-2013,139.6,20.4,7.300000000000001
-26.45,28.085833,11-02-2013,143.1,4.7000003,7.5
-31.031389,28.883333,11-02-2013,129.5,0.0,19.0
-30.86013889,29.07125,11-02-2013,130.2,0.0,21.5
-30.77586667,29.03221667,11-02-2013,130.8,0.0,28.200000000000003
-33.818056,19.694722,11-02-2013,10.0,193.90001,0.5
-27.01011111,26.69808333,12-02-2013,132.40001,38.2,7.0
-34.065833,20.404167,12-02-2013,8.400001,173.90001,0.4
-24.670833,28.560833,12-02-2013,152.8,0.0,8.8
-25.127778,27.628889,12-02-2013,146.6,18.1,7.7
-25.20639,27.558,12-02-2013,148.8,16.4,7.800000000000001
-24.69514,27.40906,12-02-2013,149.90001,22.800001,7.9
-28.747778,31.745833,12-02-2013,128.3,9.6,6.7
-29.380556,30.2775,12-02-2013,122.4,0.0,15.8
-26.861111,28.884722,12-02-2013,134.8,8.400001,7.1000000000000005
-26.648056,27.089444,12-02-2013,145.0,13.8,7.6000000000000005
-26.880278,26.965,12-02-2013,138.7,23.9,7.300000000000001
-26.98472222,26.63227778,12-02-2013,134.0,35.100002,7.1000000000000005
-29.042222,24.6,12-02-2013,72.8,133.0,3.8000000000000003
-34.075556,20.145556,12-02-2013,9.6,176.3,0.4
-28.058889,30.373611,12-02-2013,139.90001,0.0,8.3
-29.161667,23.696389,13-02-2013,61.9,148.2,3.3000000000000003
-24.282222,28.090278,13-02-2013,152.2,1.4,8.0
-24.39619444,27.08983333,13-02-2013,141.90001,30.9,7.5
-24.925278,29.324444,13-02-2013,144.8,9.3,7.6000000000000005
-28.747778,31.745833,13-02-2013,128.3,9.6,6.7
-27.937778,31.209444,13-02-2013,118.3,18.300001,6.2
-28.404444,30.013056,13-02-2013,144.7,0.0,8.3
-28.768056,20.720556,13-02-2013,18.300001,234.3,1.0
-31.396,29.2651,13-02-2013,126.3,0.0,26.5
-31.554722,29.245556,13-02-2013,117.5,0.0,42.900000000000006
-33.897778,20.012778,13-02-2013,8.900001,188.40001,0.4
-28.801278,31.955389,14-02-2013,108.3,27.0,5.7
-27.5275,30.858056,14-02-2013,130.6,0.0,8.200000000000001
-27.671111,27.236944,14-02-2013,127.8,39.4,6.7
-27.573056,24.746389,14-02-2013,95.700005,104.700005,5.0
-30.568333,29.422778,14-02-2013,126.8,0.0,24.700000000000003
-30.570833,29.150556,14-02-2013,128.2,0.0,37.7
-31.104278,29.399722,14-02-2013,124.5,0.0,31.1
-34.329722,18.990278,14-02-2013,16.7,147.5,0.4
-29.744167,29.905833,16-02-2013,129.0,0.0,56.6
-25.99136,27.84208,18-02-2013,149.40001,0.0,8.200000000000001
-29.7775,29.470833,18-02-2013,125.5,0.0,125.30000000000001
-26.880278,26.965,18-02-2013,138.7,23.9,7.300000000000001
-27.01011111,26.69808333,19-02-2013,132.40001,38.2,7.0
-30.733889,29.828333,19-02-2013,121.5,0.0,46.6
-26.648056,27.089444,19-02-2013,145.0,13.8,7.6000000000000005
-26.970278,27.211111,19-02-2013,139.6,20.4,7.300000000000001
-26.98472222,26.63227778,19-02-2013,134.0,35.100002,7.1000000000000005
-25.45963889,28.26430556,19-02-2013,140.5,14.5,7.4
-28.068333,31.55,19-02-2013,102.700005,38.100002,5.4
-29.161667,23.696389,20-02-2013,61.9,148.2,3.3000000000000003
-25.81048333,27.90955222,20-02-2013,150.7,2.7,7.9
-29.744167,29.905833,20-02-2013,129.0,0.0,56.6
-30.27402,30.69602,20-02-2013,123.6,0.0,38.400000000000006
-27.38972222,26.46388889,20-02-2013,118.6,61.0,6.2
-28.141944,26.417778,20-02-2013,110.6,69.5,5.800000000000001
-28.1175,26.719444,20-02-2013,114.1,60.9,6.0
-34.250556,20.9925,20-02-2013,9.900001,167.40001,0.5
-28.44555556,32.325,18-04-2013,95.200005,33.600002,4.9
-30.13573889,30.67422222,21-02-2013,125.1,0.0,29.3
-27.398611,26.614722,21-02-2013,120.3,57.600002,6.300000000000001
-27.671111,27.236944,21-02-2013,127.8,39.4,6.7
-28.96362,19.15486,23-02-2013,2.3,248.8,0.1
-28.735556,29.820556,25-02-2013,143.3,0.0,8.8
-26.45,28.085833,25-02-2013,143.1,4.7000003,7.5
-33.501667,21.624167,25-02-2013,10.3,175.90001,0.5
-33.38056,19.30167,25-02-2013,13.5,185.5,0.6000000000000001
-33.31388889,19.07472222,25-02-2013,14.2,198.6,0.6000000000000001
-27.01011111,26.69808333,26-02-2013,132.40001,38.2,7.0
-22.935,28.004167,26-02-2013,88.9,79.0,4.7
-23.763056,27.908611,26-02-2013,127.1,32.0,6.7
-22.548889,28.898056,26-02-2013,87.9,72.4,4.6000000000000005
-22.91028,29.61111,26-02-2013,125.1,20.0,6.6000000000000005
-25.127778,27.628889,26-02-2013,146.6,18.1,7.7
-25.20639,27.558,26-02-2013,148.8,16.4,7.800000000000001
-24.39619444,27.08983333,26-02-2013,141.90001,30.9,7.5
-24.69514,27.40906,26-02-2013,149.90001,22.800001,7.9
-25.73411,27.21422,26-02-2013,156.2,0.0,8.8
-27.363611,31.783333,26-02-2013,87.5,45.3,4.6000000000000005
-26.861111,28.884722,26-02-2013,134.8,8.400001,7.1000000000000005
-26.648056,27.089444,26-02-2013,145.0,13.8,7.6000000000000005
-26.970278,27.211111,26-02-2013,139.6,20.4,7.300000000000001
-26.880278,26.965,26-02-2013,138.7,23.9,7.300000000000001
-26.98472222,26.63227778,26-02-2013,134.0,35.100002,7.1000000000000005
-33.7075,18.97444444,26-02-2013,14.6,194.3,0.5
-29.161667,23.696389,27-02-2013,61.9,148.2,3.3000000000000003
-29.641944,30.6875,27-02-2013,127.200005,0.0,10.600000000000001
-24.282222,28.090278,27-02-2013,152.2,1.4,8.0
-24.670833,28.560833,27-02-2013,152.8,0.0,8.8
-27.602222,29.942778,27-02-2013,146.2,0.0,8.3
-27.00222,28.76528,27-02-2013,140.90001,2.5,7.4
-32.595833,19.009444,27-02-2013,10.400001,212.2,0.5
-33.08883333,19.21878333,27-02-2013,13.1,187.90001,0.6000000000000001
-33.13083,18.86278,27-02-2013,12.7,202.90001,0.5
-32.94583,18.33667,27-02-2013,8.3,191.90001,0.4
-26.905,32.324722,28-02-2013,68.8,64.200005,3.6
-34.092222,21.295278,28-02-2013,10.5,161.7,0.5
-27.902778,24.615556,01-03-2013,89.200005,109.200005,4.7
-25.99136,27.84208,04-03-2013,149.40001,0.0,8.200000000000001
-26.73806,27.59194,04-03-2013,146.0,7.9,7.7
-26.45,28.085833,04-03-2013,143.1,4.7000003,7.5
-23.658056,31.05,05-03-2013,95.200005,46.600002,5.0
-23.281,30.54305556,05-03-2013,105.6,37.100002,5.5
-27.169444,29.233889,05-03-2013,138.3,0.0,7.4
-26.861111,28.884722,05-03-2013,134.8,8.400001,7.1000000000000005
-27.398611,26.614722,05-03-2013,120.3,57.600002,6.300000000000001
-28.69485,28.23487,05-03-2013,144.8,0.0,8.4
-28.883333,27.89,05-03-2013,149.2,0.0,8.5
-25.45963889,28.26430556,05-03-2013,140.5,14.5,7.4
-27.01011111,26.69808333,06-03-2013,132.40001,38.2,7.0
-25.81048333,27.90955222,06-03-2013,150.7,2.7,7.9
-29.744167,29.905833,06-03-2013,129.0,0.0,56.6
-26.648056,27.089444,06-03-2013,145.0,13.8,7.6000000000000005
-26.970278,27.211111,06-03-2013,139.6,20.4,7.300000000000001
-26.880278,26.965,06-03-2013,138.7,23.9,7.300000000000001
-26.98472222,26.63227778,06-03-2013,134.0,35.100002,7.1000000000000005
-29.160278,26.573333,06-03-2013,111.0,67.6,5.800000000000001
-29.615556,27.065278,06-03-2013,133.0,33.5,7.0
-34.031944,22.053333,06-03-2013,10.7,145.0,0.6000000000000001
-34.039722,22.133333,06-03-2013,11.0,142.90001,0.6000000000000001
-30.830556,26.921389,07-03-2013,104.5,64.200005,5.5
-28.75,30.442778,07-03-2013,146.2,0.0,8.1
-29.161667,30.629722,07-03-2013,124.700005,0.0,9.5
-30.160091,27.40124,07-03-2013,136.8,22.9,7.2
-30.336111,27.359444,07-03-2013,132.6,28.9,7.0
-29.042222,24.6,08-03-2013,72.8,133.0,3.8000000000000003
-31.000833,26.353056,08-03-2013,79.200005,95.4,4.2
-30.679722,26.7125,08-03-2013,99.9,73.8,5.300000000000001
-34.005833,22.351111,08-03-2013,13.3,133.8,0.7000000000000001
-28.735556,29.820556,11-03-2013,143.3,0.0,8.8
-26.970278,27.211111,11-03-2013,139.6,20.4,7.300000000000001
-26.45,28.085833,11-03-2013,143.1,4.7000003,7.5
-29.1825,23.575556,11-03-2013,57.9,157.6,3.0
-33.818056,19.694722,11-03-2013,10.0,193.90001,0.5
-27.01011111,26.69808333,12-03-2013,132.40001,38.2,7.0
-34.065833,20.404167,12-03-2013,8.400001,173.90001,0.4
-25.127778,27.628889,12-03-2013,146.6,18.1,7.7
-25.20639,27.558,12-03-2013,148.8,16.4,7.800000000000001
-24.69514,27.40906,12-03-2013,149.90001,22.800001,7.9
-28.747778,31.745833,12-03-2013,128.3,9.6,6.7
-28.404444,30.013056,12-03-2013,144.7,0.0,8.3
-29.380556,30.2775,12-03-2013,122.4,0.0,15.8
-26.861111,28.884722,12-03-2013,134.8,8.400001,7.1000000000000005
-26.648056,27.089444,12-03-2013,145.0,13.8,7.6000000000000005
-26.880278,26.965,12-03-2013,138.7,23.9,7.300000000000001
-26.98472222,26.63227778,12-03-2013,134.0,35.100002,7.1000000000000005
-28.376944,24.303056,12-03-2013,82.6,118.3,4.3
-34.075556,20.145556,12-03-2013,9.6,176.3,0.4
-29.140556,31.391944,13-03-2013,129.90001,0.0,7.0
-24.39619444,27.08983333,13-03-2013,141.90001,30.9,7.5
-22.769722,30.886944,13-03-2013,126.3,21.800001,6.6000000000000005
-28.404444,30.013056,13-03-2013,144.7,0.0,8.3
-29.161667,30.629722,13-03-2013,124.700005,0.0,9.5
-27.00222,28.76528,13-03-2013,140.90001,2.5,7.4
-27.02314,28.59389,13-03-2013,142.8,2.5,7.5
-27.273889,28.49,13-03-2013,146.2,0.0,7.800000000000001
-27.4275,28.525833,13-03-2013,145.0,0.0,8.1
-27.3,28.586944,13-03-2013,144.8,0.0,7.800000000000001
-28.141944,26.417778,13-03-2013,110.6,69.5,5.800000000000001
-28.1175,26.719444,13-03-2013,114.1,60.9,6.0
-29.160278,26.573333,13-03-2013,111.0,67.6,5.800000000000001
-28.768056,20.720556,13-03-2013,18.300001,234.3,1.0
-34.250556,20.9925,13-03-2013,9.900001,167.40001,0.5
-28.058889,30.373611,13-03-2013,139.90001,0.0,8.3
-25.57877778,29.12747222,13-03-2013,141.0,9.0,7.4
-28.801278,31.955389,14-03-2013,108.3,27.0,5.7
-27.937778,31.209444,14-03-2013,118.3,18.300001,6.2
-27.5275,30.858056,14-03-2013,130.6,0.0,8.200000000000001
-27.935,26.126667,14-03-2013,98.3,84.8,5.2
-28.1175,26.719444,14-03-2013,114.1,60.9,6.0
-27.902778,24.615556,14-03-2013,89.200005,109.200005,4.7
-29.042222,24.6,14-03-2013,72.8,133.0,3.8000000000000003
-29.028629,24.638389,14-03-2013,74.200005,130.7,3.9000000000000004
-34.329722,18.990278,14-03-2013,16.7,147.5,0.4
-24.925278,29.324444,15-03-2013,144.8,9.3,7.6000000000000005
-27.671111,27.236944,15-03-2013,127.8,39.4,6.7
-27.573056,24.746389,15-03-2013,95.700005,104.700005,5.0
-26.970278,27.211111,16-03-2013,139.6,20.4,7.300000000000001
-28.96362,19.15486,16-03-2013,2.3,248.8,0.1
-33.08883333,19.21878333,16-03-2013,13.1,187.90001,0.6000000000000001
-26.648056,27.089444,23-04-2014,113.200005,55.4,5.9
-26.648056,27.089444,01-05-2014,113.200005,55.4,5.9
-25.99136,27.84208,18-03-2013,149.40001,0.0,8.200000000000001
-29.7775,29.470833,18-03-2013,125.5,0.0,125.30000000000001
-29.744167,29.905833,18-03-2013,129.0,0.0,56.6
-26.970278,27.211111,18-03-2013,139.6,20.4,7.300000000000001
-26.73806,27.59194,18-03-2013,146.0,7.9,7.7
-26.45,28.085833,18-03-2013,143.1,4.7000003,7.5
-30.570833,29.150556,18-03-2013,128.2,0.0,37.7
-31.396,29.2651,18-03-2013,126.3,0.0,26.5
-31.554722,29.245556,18-03-2013,117.5,0.0,42.900000000000006
-27.01011111,26.69808333,19-03-2013,132.40001,38.2,7.0
-30.733889,29.828333,19-03-2013,121.5,0.0,46.6
-29.987778,29.851667,19-03-2013,123.8,0.0,57.300000000000004
-26.861111,28.884722,19-03-2013,134.8,8.400001,7.1000000000000005
-27.00222,28.76528,19-03-2013,140.90001,2.5,7.4
-26.648056,27.089444,19-03-2013,145.0,13.8,7.6000000000000005
-26.880278,26.965,19-03-2013,138.7,23.9,7.300000000000001
-26.98472222,26.63227778,19-03-2013,134.0,35.100002,7.1000000000000005
-30.568333,29.422778,19-03-2013,126.8,0.0,24.700000000000003
-30.570833,29.150556,19-03-2013,128.2,0.0,37.7
-31.104278,29.399722,19-03-2013,124.5,0.0,31.1
-33.31388889,19.07472222,19-03-2013,14.2,198.6,0.6000000000000001
-25.45963889,28.26430556,19-03-2013,140.5,14.5,7.4
-28.338333,31.373611,19-03-2013,127.6,5.5,6.7
-28.068333,31.55,19-03-2013,102.700005,38.100002,5.4
-29.161667,23.696389,20-03-2013,61.9,148.2,3.3000000000000003
-25.81048333,27.90955222,20-03-2013,150.7,2.7,7.9
-24.058889,31.237222,20-03-2013,106.1,31.5,5.6000000000000005
-30.13573889,30.67422222,20-03-2013,125.1,0.0,29.3
-30.398056,30.601944,20-03-2013,124.1,0.0,39.900000000000006
-30.27402,30.69602,20-03-2013,123.6,0.0,38.400000000000006
-27.38972222,26.46388889,20-03-2013,118.6,61.0,6.2
-28.1175,26.719444,20-03-2013,114.1,60.9,6.0
-31.031389,28.883333,20-03-2013,129.5,0.0,19.0
-30.86013889,29.07125,20-03-2013,130.2,0.0,21.5
-30.77586667,29.03221667,20-03-2013,130.8,0.0,28.200000000000003
-33.7075,18.97444444,20-03-2013,14.6,194.3,0.5
-24.183889,30.823889,21-03-2013,131.5,6.1,6.9
-28.44555556,32.325,16-05-2013,95.200005,33.600002,4.9
-27.935,26.126667,21-03-2013,98.3,84.8,5.2
-28.1175,26.719444,21-03-2013,114.1,60.9,6.0
-27.398611,26.614722,21-03-2013,120.3,57.600002,6.300000000000001
-24.679167,30.8025,22-03-2013,127.5,0.0,10.600000000000001
-29.744167,29.905833,22-03-2013,129.0,0.0,56.6
-28.116667,26.725278,22-03-2013,114.1,60.9,6.0
-29.803611,30.516111,22-03-2013,122.4,0.0,41.2
-26.45,28.085833,25-03-2013,143.1,4.7000003,7.5
-31.436944,20.474722,25-03-2013,15.2,216.40001,0.8
-29.1825,23.575556,25-03-2013,57.9,157.6,3.0
-33.38056,19.30167,25-03-2013,13.5,185.5,0.6000000000000001
-27.01011111,26.69808333,26-03-2013,132.40001,38.2,7.0
-25.127778,27.628889,26-03-2013,146.6,18.1,7.7
-24.39619444,27.08983333,26-03-2013,141.90001,30.9,7.5
-24.69514,27.40906,26-03-2013,149.90001,22.800001,7.9
-25.73411,27.21422,26-03-2013,156.2,0.0,8.8
-30.398056,30.601944,26-03-2013,124.1,0.0,39.900000000000006
-30.27402,30.69602,26-03-2013,123.6,0.0,38.400000000000006
-26.861111,28.884722,26-03-2013,134.8,8.400001,7.1000000000000005
-27.00222,28.76528,26-03-2013,140.90001,2.5,7.4
-26.648056,27.089444,26-03-2013,145.0,13.8,7.6000000000000005
-26.970278,27.211111,26-03-2013,139.6,20.4,7.300000000000001
-26.880278,26.965,26-03-2013,138.7,23.9,7.300000000000001
-26.98472222,26.63227778,26-03-2013,134.0,35.100002,7.1000000000000005
-29.651389,22.746389,26-03-2013,37.8,198.2,2.0
-29.1825,23.575556,26-03-2013,57.9,157.6,3.0
-32.595833,19.009444,26-03-2013,10.400001,212.2,0.5
-33.08883333,19.21878333,26-03-2013,13.1,187.90001,0.6000000000000001
-29.161667,23.696389,27-03-2013,61.9,148.2,3.3000000000000003
-29.641944,30.6875,27-03-2013,127.200005,0.0,10.600000000000001
-25.20639,27.558,27-03-2013,148.8,16.4,7.800000000000001
-27.602222,29.942778,27-03-2013,146.2,0.0,8.3
-29.380556,30.2775,27-03-2013,122.4,0.0,15.8
-29.161667,30.629722,27-03-2013,124.700005,0.0,9.5
-29.651389,22.746389,27-03-2013,37.8,198.2,2.0
-33.13083,18.86278,27-03-2013,12.7,202.90001,0.5
-32.94583,18.33667,27-03-2013,8.3,191.90001,0.4
-29.641944,30.6875,28-03-2013,127.200005,0.0,10.600000000000001
-29.758889,30.935278,28-03-2013,122.700005,0.0,9.0
-32.502778,19.535833,28-03-2013,8.6,225.5,0.4
-28.96362,19.15486,30-03-2013,2.3,248.8,0.1
-25.99136,27.84208,02-04-2013,149.40001,0.0,8.200000000000001
-26.73806,27.59194,02-04-2013,146.0,7.9,7.7
-26.45,28.085833,02-04-2013,143.1,4.7000003,7.5
-29.160278,26.573333,02-04-2013,111.0,67.6,5.800000000000001
-31.396,29.2651,02-04-2013,126.3,0.0,26.5
-31.554722,29.245556,02-04-2013,117.5,0.0,42.900000000000006
-27.01011111,26.69808333,03-04-2013,132.40001,38.2,7.0
-29.744167,29.905833,03-04-2013,129.0,0.0,56.6
-26.861111,28.884722,03-04-2013,134.8,8.400001,7.1000000000000005
-26.98472222,26.63227778,03-04-2013,134.0,35.100002,7.1000000000000005
-27.398611,26.614722,03-04-2013,120.3,57.600002,6.300000000000001
-27.671111,27.236944,03-04-2013,127.8,39.4,6.7
-30.568333,29.422778,03-04-2013,126.8,0.0,24.700000000000003
-31.104278,29.399722,03-04-2013,124.5,0.0,31.1
-34.031944,22.053333,03-04-2013,10.7,145.0,0.6000000000000001
-25.45963889,28.26430556,03-04-2013,140.5,14.5,7.4
-25.81048333,27.90955222,04-04-2013,150.7,2.7,7.9
-28.75,30.442778,04-04-2013,146.2,0.0,8.1
-27.00222,28.76528,04-04-2013,140.90001,2.5,7.4
-27.02314,28.59389,04-04-2013,142.8,2.5,7.5
-26.648056,27.089444,04-04-2013,145.0,13.8,7.6000000000000005
-26.970278,27.211111,04-04-2013,139.6,20.4,7.300000000000001
-26.880278,26.965,04-04-2013,138.7,23.9,7.300000000000001
-27.273889,28.49,04-04-2013,146.2,0.0,7.800000000000001
-27.4275,28.525833,04-04-2013,145.0,0.0,8.1
-27.3,28.586944,04-04-2013,144.8,0.0,7.800000000000001
-30.570833,29.150556,04-04-2013,128.2,0.0,37.7
-31.031389,28.883333,05-04-2013,129.5,0.0,19.0
-30.86013889,29.07125,05-04-2013,130.2,0.0,21.5
-30.77586667,29.03221667,05-04-2013,130.8,0.0,28.200000000000003
-34.02861,22.22222,05-04-2013,11.900001,138.5,0.6000000000000001
-28.96362,19.15486,06-04-2013,2.3,248.8,0.1
-27.3,28.586944,07-04-2013,144.8,0.0,7.800000000000001
-28.768056,20.720556,08-04-2013,18.300001,234.3,1.0
-33.818056,19.694722,08-04-2013,10.0,193.90001,0.5
-26.970278,27.211111,28-01-2013,139.6,20.4,7.300000000000001
-34.065833,20.404167,09-04-2013,8.400001,173.90001,0.4
-24.183889,30.823889,09-04-2013,131.5,6.1,6.9
-25.127778,27.628889,09-04-2013,146.6,18.1,7.7
-25.20639,27.558,09-04-2013,148.8,16.4,7.800000000000001
-24.69514,27.40906,09-04-2013,149.90001,22.800001,7.9
-28.747778,31.745833,09-04-2013,128.3,9.6,6.7
-28.801278,31.955389,09-04-2013,108.3,27.0,5.7
-27.3,28.586944,09-04-2013,144.8,0.0,7.800000000000001
-29.160278,26.573333,09-04-2013,111.0,67.6,5.800000000000001
-28.69485,28.23487,09-04-2013,144.8,0.0,8.4
-34.075556,20.145556,09-04-2013,9.6,176.3,0.4
-29.140556,31.391944,10-04-2013,129.90001,0.0,7.0
-24.282222,28.090278,10-04-2013,152.2,1.4,8.0
-24.670833,28.560833,10-04-2013,152.8,0.0,8.8
-24.39619444,27.08983333,10-04-2013,141.90001,30.9,7.5
-23.658056,31.05,10-04-2013,95.200005,46.600002,5.0
-27.937778,31.209444,10-04-2013,118.3,18.300001,6.2
-28.404444,30.013056,10-04-2013,144.7,0.0,8.3
-29.380556,30.2775,10-04-2013,122.4,0.0,15.8
-26.970278,27.211111,16-07-2013,64.5,108.200005,3.4000000000000004
-26.45,28.085833,10-04-2013,143.1,4.7000003,7.5
-27.671111,27.236944,10-04-2013,127.8,39.4,6.7
-29.615556,27.065278,10-04-2013,133.0,33.5,7.0
-28.883333,27.89,10-04-2013,149.2,0.0,8.5
-34.092222,21.295278,10-04-2013,10.5,161.7,0.5
-28.058889,30.373611,10-04-2013,139.90001,0.0,8.3
-27.01011111,26.69808333,11-04-2013,132.40001,38.2,7.0
-30.830556,26.921389,11-04-2013,104.5,64.200005,5.5
-23.23572222,27.717,11-04-2013,91.8,77.700005,4.800000000000001
-22.769722,30.886944,11-04-2013,126.3,21.800001,6.6000000000000005
-28.801278,31.955389,11-04-2013,108.3,27.0,5.7
-26.861111,28.884722,11-04-2013,134.8,8.400001,7.1000000000000005
-27.00222,28.76528,11-04-2013,140.90001,2.5,7.4
-26.970278,27.211111,11-04-2013,139.6,20.4,7.300000000000001
-26.880278,26.965,11-04-2013,138.7,23.9,7.300000000000001
-26.98472222,26.63227778,11-04-2013,134.0,35.100002,7.1000000000000005
-27.902778,24.615556,11-04-2013,89.200005,109.200005,4.7
-30.160091,27.40124,11-04-2013,136.8,22.9,7.2
-30.336111,27.359444,11-04-2013,132.6,28.9,7.0
-33.897778,20.012778,11-04-2013,8.900001,188.40001,0.4
-24.679167,30.8025,12-04-2013,127.5,0.0,10.600000000000001
-22.91028,29.61111,12-04-2013,125.1,20.0,6.6000000000000005
-31.000833,26.353056,12-04-2013,79.200005,95.4,4.2
-30.679722,26.7125,12-04-2013,99.9,73.8,5.300000000000001
-31.436944,20.474722,12-04-2013,15.2,216.40001,0.8
-31.394444,20.947222,12-04-2013,17.5,217.3,0.9
-28.96362,19.15486,13-04-2013,2.3,248.8,0.1
-25.81048333,27.90955222,15-04-2013,150.7,2.7,7.9
-25.99136,27.84208,15-04-2013,149.40001,0.0,8.200000000000001
-29.7775,29.470833,15-04-2013,125.5,0.0,125.30000000000001
-29.987778,29.851667,15-04-2013,123.8,0.0,57.300000000000004
-29.744167,29.905833,15-04-2013,129.0,0.0,56.6
-26.45,28.085833,15-04-2013,143.1,4.7000003,7.5
-27.01011111,26.69808333,16-04-2013,132.40001,38.2,7.0
-26.861111,28.884722,16-04-2013,134.8,8.400001,7.1000000000000005
-27.00222,28.76528,16-04-2013,140.90001,2.5,7.4
-26.648056,27.089444,16-04-2013,145.0,13.8,7.6000000000000005
-26.970278,27.211111,16-04-2013,139.6,20.4,7.300000000000001
-26.880278,26.965,16-04-2013,138.7,23.9,7.300000000000001
-26.98472222,26.63227778,16-04-2013,134.0,35.100002,7.1000000000000005
-28.883333,27.89,16-04-2013,149.2,0.0,8.5
-33.970833,22.548333,16-04-2013,19.7,124.3,0.8
-25.45963889,28.26430556,16-04-2013,140.5,14.5,7.4
-28.338333,31.373611,16-04-2013,127.6,5.5,6.7
-29.161667,23.696389,17-04-2013,61.9,148.2,3.3000000000000003
-30.733889,29.828333,17-04-2013,121.5,0.0,46.6
-29.744167,29.905833,17-04-2013,129.0,0.0,56.6
-30.398056,30.601944,17-04-2013,124.1,0.0,39.900000000000006
-26.970278,27.211111,28-07-2014,43.7,132.40001,2.3000000000000003
-26.73806,27.59194,17-04-2013,146.0,7.9,7.7
-28.69485,28.23487,17-04-2013,144.8,0.0,8.4
-34.250556,20.9925,17-04-2013,9.900001,167.40001,0.5
-25.49037,30.6986,18-04-2013,128.40001,0.0,8.200000000000001
-28.44555556,32.325,13-06-2013,95.200005,33.600002,4.9
-30.27402,30.69602,18-04-2013,123.6,0.0,38.400000000000006
-29.042222,24.6,18-04-2013,72.8,133.0,3.8000000000000003
-29.028629,24.638389,18-04-2013,74.200005,130.7,3.9000000000000004
-29.033333,23.983333,18-04-2013,69.4,136.0,3.7
-25.447222,30.711667,18-04-2013,129.90001,0.0,8.0
-28.116667,26.725278,19-04-2013,114.1,60.9,6.0
-29.803611,30.516111,19-04-2013,122.4,0.0,41.2
-28.96362,19.15486,20-04-2013,2.3,248.8,0.1
-25.20639,27.558,22-04-2013,148.8,16.4,7.800000000000001
-23.838611,31.640833,22-04-2013,92.4,52.4,4.9
-26.648056,27.089444,22-04-2013,145.0,13.8,7.6000000000000005
-26.45,28.085833,22-04-2013,143.1,4.7000003,7.5
-33.38056,19.30167,22-04-2013,13.5,185.5,0.6000000000000001
-32.502778,19.535833,22-04-2013,8.6,225.5,0.4
-31.860278,18.6875,23-04-2013,7.0,214.2,0.4
-25.127778,27.628889,23-04-2013,146.6,18.1,7.7
-24.69514,27.40906,23-04-2013,149.90001,22.800001,7.9
-28.735556,29.820556,23-04-2013,143.3,0.0,8.8
-27.00222,28.76528,23-04-2013,140.90001,2.5,7.4
-26.970278,27.211111,23-04-2013,139.6,20.4,7.300000000000001
-26.880278,26.965,23-04-2013,138.7,23.9,7.300000000000001
-26.98472222,26.63227778,23-04-2013,134.0,35.100002,7.1000000000000005
-28.141944,26.417778,23-04-2013,110.6,69.5,5.800000000000001
-33.501667,21.624167,23-04-2013,10.3,175.90001,0.5
-32.595833,19.009444,23-04-2013,10.400001,212.2,0.5
-28.760833,17.730278,24-04-2013,0.3,243.90001,0.0
-29.161667,23.696389,24-04-2013,61.9,148.2,3.3000000000000003
-29.641944,30.6875,24-04-2013,127.200005,0.0,10.600000000000001
-27.363611,31.783333,24-04-2013,87.5,45.3,4.6000000000000005
-28.141944,26.417778,24-04-2013,110.6,69.5,5.800000000000001
-33.08883333,19.21878333,24-04-2013,13.1,187.90001,0.6000000000000001
-33.31388889,19.07472222,24-04-2013,14.2,198.6,0.6000000000000001
-33.13083,18.86278,24-04-2013,12.7,202.90001,0.5
-32.94583,18.33667,24-04-2013,8.3,191.90001,0.4
-26.905,32.324722,25-04-2013,68.8,64.200005,3.6
-27.602222,29.942778,25-04-2013,146.2,0.0,8.3
-27.38972222,26.46388889,25-04-2013,118.6,61.0,6.2
-33.7075,18.97444444,25-04-2013,14.6,194.3,0.5
-33.464444,18.740556,25-04-2013,12.6,197.0,0.5
-33.72266667,18.61691667,25-04-2013,11.3,187.2,0.4
-27.356667,27.286389,25-04-2013,129.90001,36.3,6.800000000000001
-27.902778,24.615556,26-04-2013,89.200005,109.200005,4.7
-28.068333,31.55,26-04-2013,102.700005,38.100002,5.4
-28.96362,19.15486,27-04-2013,2.3,248.8,0.1
-26.45,28.085833,29-04-2013,143.1,4.7000003,7.5
-27.01011111,26.69808333,30-04-2013,132.40001,38.2,7.0
-27.169444,29.233889,30-04-2013,138.3,0.0,7.4
-26.861111,28.884722,30-04-2013,134.8,8.400001,7.1000000000000005
-27.00222,28.76528,30-04-2013,140.90001,2.5,7.4
-26.648056,27.089444,30-04-2013,145.0,13.8,7.6000000000000005
-26.970278,27.211111,30-04-2013,139.6,20.4,7.300000000000001
-26.880278,26.965,30-04-2013,138.7,23.9,7.300000000000001
-26.98472222,26.63227778,30-04-2013,134.0,35.100002,7.1000000000000005
-25.45963889,28.26430556,30-04-2013,140.5,14.5,7.4
-29.161667,23.696389,01-05-2013,61.9,148.2,3.3000000000000003
-25.81048333,27.90955222,01-05-2013,150.7,2.7,7.9
-28.75,30.442778,01-05-2013,146.2,0.0,8.1
-29.161667,30.629722,01-05-2013,124.700005,0.0,9.5
-29.033333,23.983333,01-05-2013,69.4,136.0,3.7
-29.744167,29.905833,02-05-2013,129.0,0.0,56.6
-32.94583,18.33667,02-05-2013,8.3,191.90001,0.4
-27.671111,27.236944,04-05-2013,127.8,39.4,6.7
-28.96362,19.15486,04-05-2013,2.3,248.8,0.1
-26.45,28.085833,06-05-2013,143.1,4.7000003,7.5
-33.818056,19.694722,06-05-2013,10.0,193.90001,0.5
-34.065833,20.404167,07-05-2013,8.400001,173.90001,0.4
-25.127778,27.628889,07-05-2013,146.6,18.1,7.7
-25.20639,27.558,07-05-2013,148.8,16.4,7.800000000000001
-24.69514,27.40906,07-05-2013,149.90001,22.800001,7.9
-23.658056,31.05,07-05-2013,95.200005,46.600002,5.0
-28.747778,31.745833,07-05-2013,128.3,9.6,6.7
-28.735556,29.820556,07-05-2013,143.3,0.0,8.8
-29.380556,30.2775,07-05-2013,122.4,0.0,15.8
-26.861111,28.884722,07-05-2013,134.8,8.400001,7.1000000000000005
-26.98472222,26.63227778,07-05-2013,134.0,35.100002,7.1000000000000005
-27.398611,26.614722,07-05-2013,120.3,57.600002,6.300000000000001
-27.671111,27.236944,07-05-2013,127.8,39.4,6.7
-29.160278,26.573333,07-05-2013,111.0,67.6,5.800000000000001
-28.768056,20.720556,07-05-2013,18.300001,234.3,1.0
-34.02861,22.22222,07-05-2013,11.900001,138.5,0.6000000000000001
-34.075556,20.145556,07-05-2013,9.6,176.3,0.4
-29.161667,23.696389,08-05-2013,61.9,148.2,3.3000000000000003
-24.39619444,27.08983333,08-05-2013,141.90001,30.9,7.5
-28.404444,30.013056,08-05-2013,144.7,0.0,8.3
-27.00222,28.76528,08-05-2013,140.90001,2.5,7.4
-27.02314,28.59389,08-05-2013,142.8,2.5,7.5
-26.648056,27.089444,08-05-2013,145.0,13.8,7.6000000000000005
-26.970278,27.211111,08-05-2013,139.6,20.4,7.300000000000001
-26.880278,26.965,08-05-2013,138.7,23.9,7.300000000000001
-27.273889,28.49,08-05-2013,146.2,0.0,7.800000000000001
-27.4275,28.525833,08-05-2013,145.0,0.0,8.1
-28.69485,28.23487,08-05-2013,144.8,0.0,8.4
-29.615556,27.065278,08-05-2013,133.0,33.5,7.0
-28.883333,27.89,08-05-2013,149.2,0.0,8.5
-30.77586667,29.03221667,08-05-2013,130.8,0.0,28.200000000000003
-31.396,29.2651,08-05-2013,126.3,0.0,26.5
-34.039722,22.133333,08-05-2013,11.0,142.90001,0.6000000000000001
-28.058889,30.373611,08-05-2013,139.90001,0.0,8.3
-33.897778,20.012778,08-05-2013,8.900001,188.40001,0.4
-29.140556,31.391944,09-05-2013,129.90001,0.0,7.0
-27.671111,27.236944,09-05-2013,127.8,39.4,6.7
-30.160091,27.40124,09-05-2013,136.8,22.9,7.2
-30.336111,27.359444,09-05-2013,132.6,28.9,7.0
-34.005833,22.351111,09-05-2013,13.3,133.8,0.7000000000000001
-30.830556,26.921389,10-05-2013,104.5,64.200005,5.5
-28.116667,26.725278,10-05-2013,114.1,60.9,6.0
-27.573056,24.746389,10-05-2013,95.700005,104.700005,5.0
-31.000833,26.353056,10-05-2013,79.200005,95.4,4.2
-30.679722,26.7125,10-05-2013,99.9,73.8,5.300000000000001
-28.96362,19.15486,11-05-2013,2.3,248.8,0.1
-25.99136,27.84208,13-05-2013,149.40001,0.0,8.200000000000001
-29.7775,29.470833,13-05-2013,125.5,0.0,125.30000000000001
-29.744167,29.905833,13-05-2013,129.0,0.0,56.6
-26.45,28.085833,13-05-2013,143.1,4.7000003,7.5
-31.554722,29.245556,13-05-2013,117.5,0.0,42.900000000000006
-27.01011111,26.69808333,14-05-2013,132.40001,38.2,7.0
-24.679167,30.8025,14-05-2013,127.5,0.0,10.600000000000001
-30.830556,26.921389,14-05-2013,104.5,64.200005,5.5
-25.73411,27.21422,14-05-2013,156.2,0.0,8.8
-23.281,30.54305556,14-05-2013,105.6,37.100002,5.5
-30.733889,29.828333,14-05-2013,121.5,0.0,46.6
-29.987778,29.851667,14-05-2013,123.8,0.0,57.300000000000004
-27.169444,29.233889,14-05-2013,138.3,0.0,7.4
-26.861111,28.884722,14-05-2013,134.8,8.400001,7.1000000000000005
-27.00222,28.76528,14-05-2013,140.90001,2.5,7.4
-26.648056,27.089444,14-05-2013,145.0,13.8,7.6000000000000005
-26.970278,27.211111,14-05-2013,139.6,20.4,7.300000000000001
-26.880278,26.965,14-05-2013,138.7,23.9,7.300000000000001
-26.98472222,26.63227778,14-05-2013,134.0,35.100002,7.1000000000000005
-31.000833,26.353056,14-05-2013,79.200005,95.4,4.2
-31.104278,29.399722,14-05-2013,124.5,0.0,31.1
-25.45963889,28.26430556,14-05-2013,140.5,14.5,7.4
-28.338333,31.373611,14-05-2013,127.6,5.5,6.7
-28.068333,31.55,14-05-2013,102.700005,38.100002,5.4
-29.161667,23.696389,15-05-2013,61.9,148.2,3.3000000000000003
-25.81048333,27.90955222,15-05-2013,150.7,2.7,7.9
-24.183889,30.823889,15-05-2013,131.5,6.1,6.9
-22.91028,29.61111,15-05-2013,125.1,20.0,6.6000000000000005
-22.769722,30.886944,15-05-2013,126.3,21.800001,6.6000000000000005
-29.744167,29.905833,15-05-2013,129.0,0.0,56.6
-30.398056,30.601944,15-05-2013,124.1,0.0,39.900000000000006
-30.27402,30.69602,15-05-2013,123.6,0.0,38.400000000000006
-29.033333,23.983333,15-05-2013,69.4,136.0,3.7
-30.160091,27.40124,15-05-2013,136.8,22.9,7.2
-30.336111,27.359444,15-05-2013,132.6,28.9,7.0
-30.568333,29.422778,15-05-2013,126.8,0.0,24.700000000000003
-30.86013889,29.07125,15-05-2013,130.2,0.0,21.5
-30.570833,29.150556,15-05-2013,128.2,0.0,37.7
-34.092222,21.295278,15-05-2013,10.5,161.7,0.5
-23.23572222,27.717,16-05-2013,91.8,77.700005,4.800000000000001
-22.548889,28.898056,16-05-2013,87.9,72.4,4.6000000000000005
-28.44555556,32.325,08-08-2013,73.6,80.3,3.8000000000000003
-30.13573889,30.67422222,16-05-2013,125.1,0.0,29.3
-29.160278,26.573333,16-05-2013,111.0,67.6,5.800000000000001
-31.031389,28.883333,16-05-2013,129.5,0.0,19.0
-22.225556,29.990556,17-05-2013,80.8,76.1,4.3
-22.43772222,31.07805556,17-05-2013,113.5,47.9,6.0
-26.98472222,26.63227778,17-05-2013,134.0,35.100002,7.1000000000000005
-29.803611,30.516111,17-05-2013,122.4,0.0,41.2
-33.38056,19.30167,20-05-2013,13.5,185.5,0.6000000000000001
-32.502778,19.535833,20-05-2013,8.6,225.5,0.4
-27.01011111,26.69808333,21-05-2013,132.40001,38.2,7.0
-31.860278,18.6875,21-05-2013,7.0,214.2,0.4
-24.69514,27.40906,21-05-2013,149.90001,22.800001,7.9
-25.398889,31.610556,21-05-2013,105.3,18.1,5.5
-26.648056,27.089444,21-05-2013,145.0,13.8,7.6000000000000005
-26.970278,27.211111,21-05-2013,139.6,20.4,7.300000000000001
-26.880278,26.965,21-05-2013,138.7,23.9,7.300000000000001
-26.98472222,26.63227778,21-05-2013,134.0,35.100002,7.1000000000000005
-34.250556,20.9925,21-05-2013,9.900001,167.40001,0.5
-32.595833,19.009444,21-05-2013,10.400001,212.2,0.5
-29.161667,23.696389,22-05-2013,61.9,148.2,3.3000000000000003
-26.880278,26.965,13-05-2014,99.700005,72.700005,5.2
-29.641944,30.6875,22-05-2013,127.200005,0.0,10.600000000000001
-25.20639,27.558,22-05-2013,148.8,16.4,7.800000000000001
-25.681111,31.783333,22-05-2013,101.1,23.300001,5.300000000000001
-25.513889,31.224444,22-05-2013,128.2,0.0,7.5
-26.861111,28.884722,22-05-2013,134.8,8.400001,7.1000000000000005
-26.73806,27.59194,22-05-2013,146.0,7.9,7.7
-26.45,28.085833,22-05-2013,143.1,4.7000003,7.5
-33.13083,18.86278,22-05-2013,12.7,202.90001,0.5
-33.7075,18.97444444,22-05-2013,14.6,194.3,0.5
-26.905,32.324722,23-05-2013,68.8,64.200005,3.6
-27.602222,29.942778,23-05-2013,146.2,0.0,8.3
-27.169444,29.233889,23-05-2013,138.3,0.0,7.4
-27.00222,28.76528,23-05-2013,140.90001,2.5,7.4
-27.273889,28.49,23-05-2013,146.2,0.0,7.800000000000001
-33.31388889,19.07472222,23-05-2013,14.2,198.6,0.6000000000000001
-28.141944,26.417778,24-05-2013,110.6,69.5,5.800000000000001
-28.1175,26.719444,24-05-2013,114.1,60.9,6.0
-28.116667,26.725278,24-05-2013,114.1,60.9,6.0
-28.96362,19.15486,25-05-2013,2.3,248.8,0.1
-25.99136,27.84208,27-05-2013,149.40001,0.0,8.200000000000001
-26.45,28.085833,27-05-2013,143.1,4.7000003,7.5
-29.042222,24.6,27-05-2013,72.8,133.0,3.8000000000000003
-30.830556,26.921389,28-05-2013,104.5,64.200005,5.5
-24.670833,28.560833,28-05-2013,152.8,0.0,8.8
-25.73411,27.21422,28-05-2013,156.2,0.0,8.8
-26.861111,28.884722,28-05-2013,134.8,8.400001,7.1000000000000005
-27.00222,28.76528,28-05-2013,140.90001,2.5,7.4
-30.679722,26.7125,28-05-2013,99.9,73.8,5.300000000000001
-33.501667,21.624167,28-05-2013,10.3,175.90001,0.5
-25.45963889,28.26430556,28-05-2013,140.5,14.5,7.4
-29.161667,23.696389,29-05-2013,61.9,148.2,3.3000000000000003
-27.01011111,26.69808333,29-05-2013,132.40001,38.2,7.0
-25.81048333,27.90955222,29-05-2013,150.7,2.7,7.9
-24.282222,28.090278,29-05-2013,152.2,1.4,8.0
-26.648056,27.089444,29-05-2013,145.0,13.8,7.6000000000000005
-26.970278,27.211111,29-05-2013,139.6,20.4,7.300000000000001
-26.880278,26.965,29-05-2013,138.7,23.9,7.300000000000001
-27.3,28.586944,29-05-2013,144.8,0.0,7.800000000000001
-26.98472222,26.63227778,29-05-2013,134.0,35.100002,7.1000000000000005
-29.033333,23.983333,29-05-2013,69.4,136.0,3.7
-22.935,28.004167,30-05-2013,88.9,79.0,4.7
-27.273889,28.49,30-05-2013,146.2,0.0,7.800000000000001
-27.38972222,26.46388889,30-05-2013,118.6,61.0,6.2
-27.398611,26.614722,30-05-2013,120.3,57.600002,6.300000000000001
-27.671111,27.236944,30-05-2013,127.8,39.4,6.7
-29.042222,24.6,30-05-2013,72.8,133.0,3.8000000000000003
-29.028629,24.638389,30-05-2013,74.200005,130.7,3.9000000000000004
-29.033333,23.983333,30-05-2013,69.4,136.0,3.7
-29.744167,29.905833,31-05-2013,129.0,0.0,56.6
-28.404444,30.013056,03-06-2013,144.7,0.0,8.3
-26.73806,27.59194,03-06-2013,146.0,7.9,7.7
-26.45,28.085833,03-06-2013,143.1,4.7000003,7.5
-29.160278,26.573333,03-06-2013,111.0,67.6,5.800000000000001
-34.065833,20.404167,04-06-2013,8.400001,173.90001,0.4
-25.20639,27.558,04-06-2013,148.8,16.4,7.800000000000001
-24.69514,27.40906,04-06-2013,149.90001,22.800001,7.9
-28.747778,31.745833,04-06-2013,128.3,9.6,6.7
-29.380556,30.2775,04-06-2013,122.4,0.0,15.8
-27.169444,29.233889,04-06-2013,138.3,0.0,7.4
-26.861111,28.884722,04-06-2013,134.8,8.400001,7.1000000000000005
-27.398611,26.614722,04-06-2013,120.3,57.600002,6.300000000000001
-34.031944,22.053333,04-06-2013,10.7,145.0,0.6000000000000001
-34.039722,22.133333,04-06-2013,11.0,142.90001,0.6000000000000001
-34.075556,20.145556,04-06-2013,9.6,176.3,0.4
-29.161667,23.696389,05-06-2013,61.9,148.2,3.3000000000000003
-27.01011111,26.69808333,05-06-2013,132.40001,38.2,7.0
-29.140556,31.391944,05-06-2013,129.90001,0.0,7.0
-24.39619444,27.08983333,05-06-2013,141.90001,30.9,7.5
-23.658056,31.05,05-06-2013,95.200005,46.600002,5.0
-23.281,30.54305556,05-06-2013,105.6,37.100002,5.5
-27.00222,28.76528,05-06-2013,140.90001,2.5,7.4
-27.02314,28.59389,05-06-2013,142.8,2.5,7.5
-26.648056,27.089444,05-06-2013,145.0,13.8,7.6000000000000005
-26.970278,27.211111,05-06-2013,139.6,20.4,7.300000000000001
-26.880278,26.965,05-06-2013,138.7,23.9,7.300000000000001
-27.273889,28.49,05-06-2013,146.2,0.0,7.800000000000001
-27.4275,28.525833,05-06-2013,145.0,0.0,8.1
-27.3,28.586944,05-06-2013,144.8,0.0,7.800000000000001
-26.98472222,26.63227778,05-06-2013,134.0,35.100002,7.1000000000000005
-34.405833,19.600556,05-06-2013,11.5,151.3,0.4
-28.058889,30.373611,05-06-2013,139.90001,0.0,8.3
-22.769722,30.886944,06-06-2013,126.3,21.800001,6.6000000000000005
-28.801278,31.955389,06-06-2013,108.3,27.0,5.7
-27.937778,31.209444,06-06-2013,118.3,18.300001,6.2
-27.5275,30.858056,06-06-2013,130.6,0.0,8.200000000000001
-31.394444,20.947222,06-06-2013,17.5,217.3,0.9
-29.651389,22.746389,06-06-2013,37.8,198.2,2.0
-34.005833,22.351111,06-06-2013,13.3,133.8,0.7000000000000001
-28.116667,26.725278,07-06-2013,114.1,60.9,6.0
-27.902778,24.615556,07-06-2013,89.200005,109.200005,4.7
-25.99136,27.84208,10-06-2013,149.40001,0.0,8.200000000000001
-29.7775,29.470833,10-06-2013,125.5,0.0,125.30000000000001
-29.744167,29.905833,10-06-2013,129.0,0.0,56.6
-26.45,28.085833,10-06-2013,143.1,4.7000003,7.5
-27.671111,27.236944,10-06-2013,127.8,39.4,6.7
-29.042222,24.6,10-06-2013,72.8,133.0,3.8000000000000003
-31.396,29.2651,10-06-2013,126.3,0.0,26.5
-31.554722,29.245556,10-06-2013,117.5,0.0,42.900000000000006
-27.01011111,26.69808333,11-06-2013,132.40001,38.2,7.0
-24.183889,30.823889,11-06-2013,131.5,6.1,6.9
-30.733889,29.828333,11-06-2013,121.5,0.0,46.6
-26.861111,28.884722,11-06-2013,134.8,8.400001,7.1000000000000005
-27.00222,28.76528,11-06-2013,140.90001,2.5,7.4
-26.648056,27.089444,11-06-2013,145.0,13.8,7.6000000000000005
-26.970278,27.211111,11-06-2013,139.6,20.4,7.300000000000001
-26.880278,26.965,11-06-2013,138.7,23.9,7.300000000000001
-26.98472222,26.63227778,11-06-2013,134.0,35.100002,7.1000000000000005
-28.69485,28.23487,11-06-2013,144.8,0.0,8.4
-30.568333,29.422778,11-06-2013,126.8,0.0,24.700000000000003
-30.570833,29.150556,11-06-2013,128.2,0.0,37.7
-31.104278,29.399722,11-06-2013,124.5,0.0,31.1
-25.45963889,28.26430556,11-06-2013,140.5,14.5,7.4
-28.338333,31.373611,11-06-2013,127.6,5.5,6.7
-28.068333,31.55,11-06-2013,102.700005,38.100002,5.4
-25.81048333,27.90955222,12-06-2013,150.7,2.7,7.9
-24.39619444,27.08983333,12-06-2013,141.90001,30.9,7.5
-24.058889,31.237222,12-06-2013,106.1,31.5,5.6000000000000005
-30.398056,30.601944,12-06-2013,124.1,0.0,39.900000000000006
-27.802778,28.768333,12-06-2013,140.1,0.0,8.4
-29.033333,23.983333,12-06-2013,69.4,136.0,3.7
-29.615556,27.065278,12-06-2013,133.0,33.5,7.0
-28.883333,27.89,12-06-2013,149.2,0.0,8.5
-31.031389,28.883333,12-06-2013,129.5,0.0,19.0
-30.86013889,29.07125,12-06-2013,130.2,0.0,21.5
-30.77586667,29.03221667,12-06-2013,130.8,0.0,28.200000000000003
-34.092222,21.295278,12-06-2013,10.5,161.7,0.5
-28.44555556,32.325,05-09-2013,73.6,80.3,3.8000000000000003
-24.679167,30.8025,14-06-2013,127.5,0.0,10.600000000000001
-29.744167,29.905833,14-06-2013,129.0,0.0,56.6
-26.98472222,26.63227778,14-06-2013,134.0,35.100002,7.1000000000000005
-29.803611,30.516111,14-06-2013,122.4,0.0,41.2
-28.96362,19.15486,15-06-2013,2.3,248.8,0.1
-28.735556,29.820556,17-06-2013,143.3,0.0,8.8
-32.502778,19.535833,17-06-2013,8.6,225.5,0.4
-31.860278,18.6875,18-06-2013,7.0,214.2,0.4
-25.20639,27.558,18-06-2013,148.8,16.4,7.800000000000001
-24.39619444,27.08983333,18-06-2013,141.90001,30.9,7.5
-24.69514,27.40906,18-06-2013,149.90001,22.800001,7.9
-26.73806,27.59194,18-06-2013,146.0,7.9,7.7
-26.45,28.085833,18-06-2013,143.1,4.7000003,7.5
-33.38056,19.30167,18-06-2013,13.5,185.5,0.6000000000000001
-32.595833,19.009444,18-06-2013,10.400001,212.2,0.5
-29.161667,23.696389,19-06-2013,61.9,148.2,3.3000000000000003
-29.641944,30.6875,19-06-2013,127.200005,0.0,10.600000000000001
-25.127778,27.628889,19-06-2013,146.6,18.1,7.7
-23.838611,31.640833,19-06-2013,92.4,52.4,4.9
-27.363611,31.783333,19-06-2013,87.5,45.3,4.6000000000000005
-26.861111,28.884722,19-06-2013,134.8,8.400001,7.1000000000000005
-31.5653,18.3306,19-06-2013,4.5,207.1,0.2
-32.601389,18.750556,19-06-2013,10.0,212.8,0.5
-33.7075,18.97444444,19-06-2013,14.6,194.3,0.5
-29.161667,23.696389,20-06-2013,61.9,148.2,3.3000000000000003
-28.7115,24.07288889,20-06-2013,73.3,130.7,3.9000000000000004
-27.602222,29.942778,20-06-2013,146.2,0.0,8.3
-29.1825,23.575556,20-06-2013,57.9,157.6,3.0
-34.250556,20.9925,20-06-2013,9.900001,167.40001,0.5
-33.31388889,19.07472222,20-06-2013,14.2,198.6,0.6000000000000001
-33.13083,18.86278,20-06-2013,12.7,202.90001,0.5
-32.94583,18.33667,20-06-2013,8.3,191.90001,0.4
-27.573056,24.746389,21-06-2013,95.700005,104.700005,5.0
-28.96362,19.15486,22-06-2013,2.3,248.8,0.1
-29.803611,30.516111,22-06-2013,122.4,0.0,41.2
-25.99136,27.84208,24-06-2013,149.40001,0.0,8.200000000000001
-26.45,28.085833,24-06-2013,143.1,4.7000003,7.5
-33.501667,21.624167,24-06-2013,10.3,175.90001,0.5
-27.01011111,26.69808333,25-06-2013,132.40001,38.2,7.0
-26.861111,28.884722,25-06-2013,134.8,8.400001,7.1000000000000005
-27.00222,28.76528,25-06-2013,140.90001,2.5,7.4
-26.648056,27.089444,25-06-2013,145.0,13.8,7.6000000000000005
-26.970278,27.211111,25-06-2013,139.6,20.4,7.300000000000001
-26.880278,26.965,25-06-2013,138.7,23.9,7.300000000000001
-26.98472222,26.63227778,25-06-2013,134.0,35.100002,7.1000000000000005
-29.042222,24.6,25-06-2013,72.8,133.0,3.8000000000000003
-29.028629,24.638389,25-06-2013,74.200005,130.7,3.9000000000000004
-29.033333,23.983333,25-06-2013,69.4,136.0,3.7
-29.161667,23.696389,26-06-2013,61.9,148.2,3.3000000000000003
-25.81048333,27.90955222,26-06-2013,150.7,2.7,7.9
-28.75,30.442778,26-06-2013,146.2,0.0,8.1
-29.161667,30.629722,26-06-2013,124.700005,0.0,9.5
-28.141944,26.417778,26-06-2013,110.6,69.5,5.800000000000001
-28.1175,26.719444,26-06-2013,114.1,60.9,6.0
-28.116667,26.725278,26-06-2013,114.1,60.9,6.0
-29.160278,26.573333,26-06-2013,111.0,67.6,5.800000000000001
-29.033333,23.983333,26-06-2013,69.4,136.0,3.7
-27.38972222,26.46388889,27-06-2013,118.6,61.0,6.2
-27.398611,26.614722,27-06-2013,120.3,57.600002,6.300000000000001
-27.671111,27.236944,27-06-2013,127.8,39.4,6.7
-28.760833,17.730278,28-06-2013,0.3,243.90001,0.0
-29.744167,29.905833,28-06-2013,129.0,0.0,56.6
-28.96362,19.15486,29-06-2013,2.3,248.8,0.1
-26.73806,27.59194,01-07-2013,146.0,7.9,7.7
-26.45,28.085833,01-07-2013,143.1,4.7000003,7.5
-34.065833,20.404167,02-07-2013,8.400001,173.90001,0.4
-25.20639,27.558,02-07-2013,148.8,16.4,7.800000000000001
-24.69514,27.40906,02-07-2013,149.90001,22.800001,7.9
-28.747778,31.745833,02-07-2013,128.3,9.6,6.7
-27.937778,31.209444,02-07-2013,118.3,18.300001,6.2
-29.380556,30.2775,02-07-2013,122.4,0.0,15.8
-27.169444,29.233889,02-07-2013,138.3,0.0,7.4
-26.861111,28.884722,02-07-2013,134.8,8.400001,7.1000000000000005
-27.398611,26.614722,02-07-2013,120.3,57.600002,6.300000000000001
-28.69485,28.23487,02-07-2013,144.8,0.0,8.4
-34.031944,22.053333,02-07-2013,10.7,145.0,0.6000000000000001
-34.075556,20.145556,02-07-2013,9.6,176.3,0.4
-29.161667,23.696389,03-07-2013,61.9,148.2,3.3000000000000003
-27.01011111,26.69808333,03-07-2013,132.40001,38.2,7.0
-25.127778,27.628889,03-07-2013,146.6,18.1,7.7
-24.39619444,27.08983333,03-07-2013,141.90001,30.9,7.5
-27.00222,28.76528,03-07-2013,140.90001,2.5,7.4
-27.02314,28.59389,03-07-2013,142.8,2.5,7.5
-26.648056,27.089444,03-07-2013,145.0,13.8,7.6000000000000005
-26.970278,27.211111,03-07-2013,139.6,20.4,7.300000000000001
-26.880278,26.965,03-07-2013,138.7,23.9,7.300000000000001
-27.273889,28.49,03-07-2013,146.2,0.0,7.800000000000001
-27.4275,28.525833,03-07-2013,145.0,0.0,8.1
-27.3,28.586944,03-07-2013,144.8,0.0,7.800000000000001
-26.98472222,26.63227778,03-07-2013,134.0,35.100002,7.1000000000000005
-34.039722,22.133333,03-07-2013,11.0,142.90001,0.6000000000000001
-34.405833,19.600556,03-07-2013,11.5,151.3,0.4
-33.870833,20.003333,03-07-2013,9.6,185.40001,0.4
-25.57877778,29.12747222,03-07-2013,141.0,9.0,7.4
-22.769722,30.886944,04-07-2013,126.3,21.800001,6.6000000000000005
-28.801278,31.955389,04-07-2013,108.3,27.0,5.7
-27.5275,30.858056,04-07-2013,130.6,0.0,8.200000000000001
-26.98472222,26.63227778,04-07-2013,134.0,35.100002,7.1000000000000005
-31.394444,20.947222,04-07-2013,17.5,217.3,0.9
-34.329722,18.990278,04-07-2013,16.7,147.5,0.4
-23.281,30.54305556,05-07-2013,105.6,37.100002,5.5
-27.937778,31.209444,05-07-2013,118.3,18.300001,6.2
-29.161667,30.629722,05-07-2013,124.700005,0.0,9.5
-27.902778,24.615556,05-07-2013,89.200005,109.200005,4.7
-25.99136,27.84208,08-07-2013,149.40001,0.0,8.200000000000001
-29.7775,29.470833,08-07-2013,125.5,0.0,125.30000000000001
-29.987778,29.851667,08-07-2013,123.8,0.0,57.300000000000004
-29.744167,29.905833,08-07-2013,129.0,0.0,56.6
-27.00222,28.76528,08-07-2013,140.90001,2.5,7.4
-26.45,28.085833,08-07-2013,143.1,4.7000003,7.5
-27.01011111,26.69808333,09-07-2013,66.1,114.9,3.5
-24.670833,28.560833,09-07-2013,75.700005,91.1,3.8000000000000003
-30.733889,29.828333,09-07-2013,106.9,43.3,3.3000000000000003
-26.648056,27.089444,09-07-2013,71.5,99.6,3.8000000000000003
-26.970278,27.211111,09-07-2013,64.5,108.200005,3.4000000000000004
-26.880278,26.965,09-07-2013,67.700005,106.0,3.6
-26.98472222,26.63227778,09-07-2013,69.0,111.4,3.6
-29.160278,26.573333,09-07-2013,30.1,162.5,1.6
-28.883333,27.89,09-07-2013,52.4,107.700005,2.4000000000000004
-31.396,29.2651,09-07-2013,95.8,59.8,3.4000000000000004
-31.554722,29.245556,09-07-2013,99.6,47.4,3.6
-25.45963889,28.26430556,09-07-2013,75.1,95.6,3.9000000000000004
-28.338333,31.373611,09-07-2013,64.6,92.0,3.4000000000000004
-28.068333,31.55,09-07-2013,60.8,101.700005,3.2
-25.81048333,27.90955222,10-07-2013,83.1,85.8,4.4
-22.225556,29.990556,10-07-2013,91.200005,63.5,4.800000000000001
-30.398056,30.601944,10-07-2013,118.9,37.7,3.6
-30.27402,30.69602,10-07-2013,114.5,41.3,3.4000000000000004
-28.69485,28.23487,10-07-2013,56.600002,98.700005,2.6
-29.615556,27.065278,10-07-2013,34.3,145.3,1.8
-30.568333,29.422778,10-07-2013,100.700005,50.100002,3.2
-30.570833,29.150556,10-07-2013,94.200005,56.0,3.3000000000000003
-31.104278,29.399722,10-07-2013,98.8,55.2,3.3000000000000003
-34.092222,21.295278,10-07-2013,53.0,110.8,2.8000000000000003
-24.282222,28.090278,11-07-2013,91.1,71.3,4.800000000000001
-30.13573889,30.67422222,11-07-2013,105.700005,50.8,2.9000000000000004
-30.160091,27.40124,11-07-2013,38.5,134.2,2.0
-30.336111,27.359444,11-07-2013,39.3,135.7,2.1
-31.031389,28.883333,11-07-2013,96.200005,55.3,3.2
-30.86013889,29.07125,11-07-2013,91.1,63.9,3.1
-30.77586667,29.03221667,11-07-2013,90.1,65.0,3.1
-30.830556,26.921389,12-07-2013,33.7,153.0,1.8
-31.000833,26.353056,12-07-2013,30.1,164.6,1.6
-30.160091,27.40124,12-07-2013,38.5,134.2,2.0
-28.75,30.442778,13-07-2013,50.100002,117.1,2.5
-28.735556,29.820556,15-07-2013,64.200005,98.3,2.7
-26.73806,27.59194,15-07-2013,70.1,96.1,3.7
-26.45,28.085833,15-07-2013,71.5,92.1,3.8000000000000003
-33.38056,19.30167,15-07-2013,36.4,154.2,1.8
-27.01011111,26.69808333,16-07-2013,66.1,114.9,3.5
-24.679167,30.8025,16-07-2013,129.6,10.5,6.1000000000000005
-25.127778,27.628889,16-07-2013,72.8,107.4,3.8000000000000003
-24.39619444,27.08983333,16-07-2013,73.3,107.200005,3.9000000000000004
-24.69514,27.40906,16-07-2013,77.9,102.4,4.1000000000000005
-23.658056,31.05,16-07-2013,65.8,86.4,3.5
-27.169444,29.233889,16-07-2013,66.6,88.9,3.5
-26.861111,28.884722,16-07-2013,69.1,89.1,3.6
-27.00222,28.76528,16-07-2013,66.1,92.700005,3.5
-26.648056,27.089444,16-07-2013,71.5,99.6,3.8000000000000003
-26.880278,26.965,16-07-2013,67.700005,106.0,3.6
-26.98472222,26.63227778,16-07-2013,69.0,111.4,3.6
-28.141944,26.417778,16-07-2013,41.4,147.6,2.2
-28.1175,26.719444,16-07-2013,41.4,143.3,2.2
-29.641944,30.6875,17-07-2013,78.3,75.5,1.5
-22.91028,29.61111,17-07-2013,99.5,46.2,5.2
-25.20639,27.558,17-07-2013,73.8,104.6,3.9000000000000004
-24.058889,31.237222,17-07-2013,69.700005,82.6,3.7
-27.363611,31.783333,17-07-2013,52.4,101.9,2.7
-27.38972222,26.46388889,17-07-2013,55.9,133.5,2.9000000000000004
-28.768056,20.720556,17-07-2013,27.4,226.3,1.4000000000000001
-33.13083,18.86278,17-07-2013,26.800001,166.8,1.3
-32.94583,18.33667,17-07-2013,17.800001,173.90001,0.9
-22.935,28.004167,18-07-2013,78.5,87.0,4.1000000000000005
-24.183889,30.823889,18-07-2013,72.1,82.8,3.8000000000000003
-23.23572222,27.717,18-07-2013,77.8,92.4,4.1000000000000005
-26.905,32.324722,18-07-2013,54.9,101.5,2.9000000000000004
-27.602222,29.942778,18-07-2013,74.0,87.700005,3.7
-29.744167,29.905833,18-07-2013,104.200005,50.9,2.8000000000000003
-27.935,26.126667,18-07-2013,45.7,143.90001,2.4000000000000004
-28.141944,26.417778,18-07-2013,41.4,147.6,2.2
-27.902778,24.615556,19-07-2013,56.0,155.90001,2.9000000000000004
-28.96362,19.15486,20-07-2013,23.6,227.90001,1.2000000000000002
-25.99136,27.84208,22-07-2013,86.4,79.4,4.5
-32.502778,19.535833,22-07-2013,14.900001,199.90001,0.8
-31.860278,18.6875,23-07-2013,14.2,203.3,0.7000000000000001
-26.45,28.085833,23-07-2013,71.5,92.1,3.8000000000000003
-28.141944,26.417778,23-07-2013,41.4,147.6,2.2
-28.1175,26.719444,23-07-2013,41.4,143.3,2.2
-32.595833,19.009444,23-07-2013,18.2,197.1,0.9
-25.45963889,28.26430556,23-07-2013,75.1,95.6,3.9000000000000004
-29.161667,23.696389,24-07-2013,31.6,193.90001,1.7000000000000002
-25.81048333,27.90955222,24-07-2013,83.1,85.8,4.4
-26.861111,28.884722,24-07-2013,69.1,89.1,3.6
-27.00222,28.76528,24-07-2013,66.1,92.700005,3.5
-26.970278,27.211111,24-07-2013,64.5,108.200005,3.4000000000000004
-27.671111,27.236944,24-07-2013,48.8,129.6,2.6
-33.501667,21.624167,24-07-2013,49.9,129.2,2.6
-33.7075,18.97444444,24-07-2013,36.9,158.8,1.8
-27.01011111,26.69808333,25-07-2013,66.1,114.9,3.5
-23.838611,31.640833,25-07-2013,62.5,92.6,3.3000000000000003
-29.744167,29.905833,25-07-2013,104.200005,50.9,2.8000000000000003
-26.648056,27.089444,25-07-2013,71.5,99.6,3.8000000000000003
-26.880278,26.965,25-07-2013,67.700005,106.0,3.6
-27.38972222,26.46388889,25-07-2013,55.9,133.5,2.9000000000000004
-26.98472222,26.63227778,25-07-2013,69.0,111.4,3.6
-27.398611,26.614722,25-07-2013,55.600002,131.8,2.9000000000000004
-33.31388889,19.07472222,25-07-2013,30.9,169.2,1.5
-29.140556,31.391944,29-07-2013,63.100002,94.0,3.3000000000000003
-34.065833,20.404167,30-07-2013,39.100002,136.40001,2.0
-25.127778,27.628889,30-07-2013,72.8,107.4,3.8000000000000003
-25.20639,27.558,30-07-2013,73.8,104.6,3.9000000000000004
-24.69514,27.40906,30-07-2013,77.9,102.4,4.1000000000000005
-28.404444,30.013056,30-07-2013,62.2,101.5,3.0
-29.380556,30.2775,30-07-2013,100.3,47.5,2.7
-26.648056,27.089444,30-07-2013,71.5,99.6,3.8000000000000003
-26.970278,27.211111,30-07-2013,64.5,108.200005,3.4000000000000004
-26.880278,26.965,30-07-2013,67.700005,106.0,3.6
-26.98472222,26.63227778,30-07-2013,69.0,111.4,3.6
-29.160278,26.573333,30-07-2013,30.1,162.5,1.6
-28.69485,28.23487,30-07-2013,56.600002,98.700005,2.6
-28.883333,27.89,30-07-2013,52.4,107.700005,2.4000000000000004
-34.075556,20.145556,30-07-2013,41.8,136.2,2.2
-28.058889,30.373611,30-07-2013,71.8,86.1,3.4000000000000004
-29.161667,23.696389,31-07-2013,31.6,193.90001,1.7000000000000002
-24.39619444,27.08983333,31-07-2013,73.3,107.200005,3.9000000000000004
-28.747778,31.745833,31-07-2013,59.7,100.4,3.1
-28.801278,31.955389,31-07-2013,61.4,97.700005,3.2
-29.615556,27.065278,31-07-2013,34.3,145.3,1.8
-34.405833,19.600556,31-07-2013,53.0,103.6,2.7
-27.5275,30.858056,01-08-2013,89.0,62.7,4.1000000000000005
-27.902778,24.615556,01-08-2013,56.0,155.90001,2.9000000000000004
-30.160091,27.40124,01-08-2013,38.5,134.2,2.0
-30.336111,27.359444,01-08-2013,39.3,135.7,2.1
-29.651389,22.746389,01-08-2013,24.2,204.7,1.3
-29.1825,23.575556,01-08-2013,30.800001,194.1,1.6
-33.897778,20.012778,01-08-2013,37.3,143.3,1.9000000000000001
-29.744167,29.905833,02-08-2013,104.200005,50.9,2.8000000000000003
-28.068333,31.55,03-08-2013,60.8,101.700005,3.2
-25.99136,27.84208,05-08-2013,86.4,79.4,4.5
-29.7775,29.470833,05-08-2013,100.1,45.9,3.8000000000000003
-29.987778,29.851667,05-08-2013,111.700005,38.9,3.1
-29.744167,29.905833,05-08-2013,104.200005,50.9,2.8000000000000003
-26.45,28.085833,05-08-2013,71.5,92.1,3.8000000000000003
-31.396,29.2651,05-08-2013,95.8,59.8,3.4000000000000004
-31.554722,29.245556,05-08-2013,99.6,47.4,3.6
-27.169444,29.233889,06-08-2013,66.6,88.9,3.5
-30.570833,29.150556,06-08-2013,94.200005,56.0,3.3000000000000003
-31.104278,29.399722,06-08-2013,98.8,55.2,3.3000000000000003
-25.45963889,28.26430556,06-08-2013,75.1,95.6,3.9000000000000004
-28.338333,31.373611,06-08-2013,64.6,92.0,3.4000000000000004
-28.068333,31.55,06-08-2013,60.8,101.700005,3.2
-29.161667,23.696389,07-08-2013,31.6,193.90001,1.7000000000000002
-25.81048333,27.90955222,07-08-2013,83.1,85.8,4.4
-30.830556,26.921389,07-08-2013,33.7,153.0,1.8
-30.398056,30.601944,07-08-2013,118.9,37.7,3.6
-27.02314,28.59389,07-08-2013,65.8,95.0,3.5
-27.273889,28.49,07-08-2013,64.3,95.8,3.4000000000000004
-27.4275,28.525833,07-08-2013,65.0,94.0,3.3000000000000003
-27.3,28.586944,07-08-2013,64.3,95.5,3.3000000000000003
-27.398611,26.614722,07-08-2013,55.600002,131.8,2.9000000000000004
-29.033333,23.983333,07-08-2013,36.4,183.40001,1.9000000000000001
-31.031389,28.883333,07-08-2013,96.200005,55.3,3.2
-30.86013889,29.07125,07-08-2013,91.1,63.9,3.1
-30.77586667,29.03221667,07-08-2013,90.1,65.0,3.1
-27.01011111,26.69808333,08-08-2013,66.1,114.9,3.5
-28.44555556,32.325,01-10-2013,73.6,80.3,3.8000000000000003
-26.648056,27.089444,08-08-2013,71.5,99.6,3.8000000000000003
-26.970278,27.211111,08-08-2013,64.5,108.200005,3.4000000000000004
-26.98472222,26.63227778,08-08-2013,69.0,111.4,3.6
-27.573056,24.746389,08-08-2013,63.0,140.0,3.3000000000000003
-31.000833,26.353056,08-08-2013,30.1,164.6,1.6
-30.679722,26.7125,08-08-2013,31.2,160.90001,1.6
-30.570833,29.150556,08-08-2013,94.200005,56.0,3.3000000000000003
-25.57877778,29.12747222,08-08-2013,79.700005,87.700005,4.2
-29.803611,30.516111,09-08-2013,92.5,57.7,2.1
-28.735556,29.820556,12-08-2013,64.200005,98.3,2.7
-26.73806,27.59194,12-08-2013,70.1,96.1,3.7
-26.45,28.085833,12-08-2013,71.5,92.1,3.8000000000000003
-26.98472222,26.63227778,12-08-2013,69.0,111.4,3.6
-33.38056,19.30167,12-08-2013,36.4,154.2,1.8
-28.760833,17.730278,13-08-2013,15.1,225.2,0.8
-22.225556,29.990556,13-08-2013,91.200005,63.5,4.800000000000001
-25.127778,27.628889,13-08-2013,72.8,107.4,3.8000000000000003
-24.39619444,27.08983333,13-08-2013,73.3,107.200005,3.9000000000000004
-24.69514,27.40906,13-08-2013,77.9,102.4,4.1000000000000005
-23.658056,31.05,13-08-2013,65.8,86.4,3.5
-23.281,30.54305556,13-08-2013,115.9,31.5,6.1000000000000005
-27.169444,29.233889,13-08-2013,66.6,88.9,3.5
-27.00222,28.76528,13-08-2013,66.1,92.700005,3.5
-26.970278,27.211111,13-08-2013,64.5,108.200005,3.4000000000000004
-29.1825,23.575556,13-08-2013,30.800001,194.1,1.6
-34.039722,22.133333,13-08-2013,69.8,80.4,3.7
-34.02861,22.22222,13-08-2013,71.9,76.0,3.8000000000000003
-31.5653,18.3306,13-08-2013,9.0,202.90001,0.5
-29.161667,23.696389,14-08-2013,31.6,193.90001,1.7000000000000002
-27.01011111,26.69808333,14-08-2013,66.1,114.9,3.5
-29.641944,30.6875,14-08-2013,78.3,75.5,1.5
-24.183889,30.823889,14-08-2013,72.1,82.8,3.8000000000000003
-25.20639,27.558,14-08-2013,73.8,104.6,3.9000000000000004
-22.769722,30.886944,14-08-2013,115.200005,32.8,6.0
-23.838611,31.640833,14-08-2013,62.5,92.6,3.3000000000000003
-24.058889,31.237222,14-08-2013,69.700005,82.6,3.7
-27.363611,31.783333,14-08-2013,52.4,101.9,2.7
-26.648056,27.089444,14-08-2013,71.5,99.6,3.8000000000000003
-26.880278,26.965,14-08-2013,67.700005,106.0,3.6
-27.38972222,26.46388889,14-08-2013,55.9,133.5,2.9000000000000004
-26.98472222,26.63227778,14-08-2013,69.0,111.4,3.6
-28.141944,26.417778,14-08-2013,41.4,147.6,2.2
-28.1175,26.719444,14-08-2013,41.4,143.3,2.2
-29.033333,23.983333,14-08-2013,36.4,183.40001,1.9000000000000001
-28.768056,20.720556,14-08-2013,27.4,226.3,1.4000000000000001
-34.092222,21.295278,14-08-2013,53.0,110.8,2.8000000000000003
-33.13083,18.86278,14-08-2013,26.800001,166.8,1.3
-26.905,32.324722,15-08-2013,54.9,101.5,2.9000000000000004
-27.602222,29.942778,15-08-2013,74.0,87.700005,3.7
-27.398611,26.614722,15-08-2013,55.600002,131.8,2.9000000000000004
-27.671111,27.236944,15-08-2013,48.8,129.6,2.6
-27.902778,24.615556,15-08-2013,56.0,155.90001,2.9000000000000004
-24.679167,30.8025,16-08-2013,129.6,10.5,6.1000000000000005
-29.744167,29.905833,16-08-2013,104.200005,50.9,2.8000000000000003
-25.447222,30.711667,18-08-2013,89.6,61.600002,4.3
-25.99136,27.84208,19-08-2013,86.4,79.4,4.5
-29.160278,26.573333,19-08-2013,30.1,162.5,1.6
-32.502778,19.535833,19-08-2013,14.900001,199.90001,0.8
-31.860278,18.6875,20-08-2013,14.2,203.3,0.7000000000000001
-22.91028,29.61111,20-08-2013,99.5,46.2,5.2
-25.45963889,28.26430556,20-08-2013,75.1,95.6,3.9000000000000004
-25.81048333,27.90955222,21-08-2013,83.1,85.8,4.4
-22.935,28.004167,21-08-2013,78.5,87.0,4.1000000000000005
-26.03611,30.99778,21-08-2013,121.700005,33.8,5.2
-28.75,30.442778,21-08-2013,50.100002,117.1,2.5
-29.161667,30.629722,21-08-2013,83.1,63.7,2.5
-26.45,28.085833,21-08-2013,71.5,92.1,3.8000000000000003
-27.671111,27.236944,21-08-2013,48.8,129.6,2.6
-33.7075,18.97444444,21-08-2013,36.9,158.8,1.8
-27.01011111,26.69808333,22-08-2013,66.1,114.9,3.5
-24.282222,28.090278,22-08-2013,91.1,71.3,4.800000000000001
-27.00222,28.76528,22-08-2013,66.1,92.700005,3.5
-26.98472222,26.63227778,22-08-2013,69.0,111.4,3.6
-28.116667,26.725278,22-08-2013,41.4,143.3,2.2
-33.31388889,19.07472222,22-08-2013,30.9,169.2,1.5
-26.648056,27.089444,23-08-2013,71.5,99.6,3.8000000000000003
-26.970278,27.211111,23-08-2013,64.5,108.200005,3.4000000000000004
-26.880278,26.965,23-08-2013,67.700005,106.0,3.6
-30.398056,30.601944,24-08-2013,118.9,37.7,3.6
-24.99328,30.81444,26-08-2013,120.4,10.8,5.6000000000000005
-29.380556,30.2775,26-08-2013,100.3,47.5,2.7
-26.73806,27.59194,26-08-2013,70.1,96.1,3.7
-26.45,28.085833,26-08-2013,71.5,92.1,3.8000000000000003
-33.818056,19.694722,26-08-2013,37.100002,156.3,1.9000000000000001
-34.065833,20.404167,27-08-2013,39.100002,136.40001,2.0
-25.127778,27.628889,27-08-2013,72.8,107.4,3.8000000000000003
-24.69514,27.40906,27-08-2013,77.9,102.4,4.1000000000000005
-22.43772222,31.07805556,27-08-2013,99.3,56.8,5.2
-25.681111,31.783333,27-08-2013,62.9,83.8,3.3000000000000003
-25.67386,31.57527,27-08-2013,64.5,83.3,3.4000000000000004
-28.747778,31.745833,27-08-2013,59.7,100.4,3.1
-27.169444,29.233889,27-08-2013,66.6,88.9,3.5
-27.00222,28.76528,27-08-2013,66.1,92.700005,3.5
-27.273889,28.49,27-08-2013,64.3,95.8,3.4000000000000004
-29.042222,24.6,27-08-2013,40.4,176.2,2.1
-29.028629,24.638389,27-08-2013,41.9,173.3,2.2
-29.033333,23.983333,27-08-2013,36.4,183.40001,1.9000000000000001
-28.760833,17.730278,28-08-2013,15.1,225.2,0.8
-29.161667,23.696389,28-08-2013,31.6,193.90001,1.7000000000000002
-25.436111,31.982222,28-08-2013,66.9,73.9,3.5
-23.838611,31.640833,28-08-2013,62.5,92.6,3.3000000000000003
-25.398889,31.610556,28-08-2013,63.600002,80.4,3.3000000000000003
-25.14944444,31.94055556,28-08-2013,66.700005,74.5,3.5
-28.801278,31.955389,28-08-2013,61.4,97.700005,3.2
-27.937778,31.209444,28-08-2013,62.600002,95.700005,3.3000000000000003
-28.69485,28.23487,28-08-2013,56.600002,98.700005,2.6
-28.883333,27.89,28-08-2013,52.4,107.700005,2.4000000000000004
-34.405833,19.600556,28-08-2013,53.0,103.6,2.7
-28.058889,30.373611,28-08-2013,71.8,86.1,3.4000000000000004
-27.5275,30.858056,29-08-2013,89.0,62.7,4.1000000000000005
-26.970278,27.211111,29-08-2013,64.5,108.200005,3.4000000000000004
-33.501667,21.624167,29-08-2013,49.9,129.2,2.6
-34.075556,20.145556,29-08-2013,41.8,136.2,2.2
-33.897778,20.012778,29-08-2013,37.3,143.3,1.9000000000000001
-27.01011111,26.69808333,30-08-2013,66.1,114.9,3.5
-29.744167,29.905833,30-08-2013,104.200005,50.9,2.8000000000000003
-26.648056,27.089444,30-08-2013,71.5,99.6,3.8000000000000003
-26.880278,26.965,30-08-2013,67.700005,106.0,3.6
-26.98472222,26.63227778,30-08-2013,69.0,111.4,3.6
-25.99136,27.84208,02-09-2013,86.4,79.4,4.5
-30.733889,29.828333,02-09-2013,106.9,43.3,3.3000000000000003
-29.7775,29.470833,02-09-2013,100.1,45.9,3.8000000000000003
-29.987778,29.851667,02-09-2013,111.700005,38.9,3.1
-29.744167,29.905833,02-09-2013,104.200005,50.9,2.8000000000000003
-26.45,28.085833,02-09-2013,71.5,92.1,3.8000000000000003
-27.671111,27.236944,02-09-2013,48.8,129.6,2.6
-31.396,29.2651,02-09-2013,95.8,59.8,3.4000000000000004
-31.554722,29.245556,02-09-2013,99.6,47.4,3.6
-25.73411,27.21422,03-09-2013,93.8,74.8,4.800000000000001
-27.398611,26.614722,03-09-2013,55.600002,131.8,2.9000000000000004
-29.160278,26.573333,03-09-2013,30.1,162.5,1.6
-30.568333,29.422778,03-09-2013,100.700005,50.100002,3.2
-30.570833,29.150556,03-09-2013,94.200005,56.0,3.3000000000000003
-31.104278,29.399722,03-09-2013,98.8,55.2,3.3000000000000003
-25.45963889,28.26430556,03-09-2013,75.1,95.6,3.9000000000000004
-28.338333,31.373611,03-09-2013,64.6,92.0,3.4000000000000004
-27.495556,26.074722,03-09-2013,55.2,137.2,2.9000000000000004
-29.161667,23.696389,04-09-2013,31.6,193.90001,1.7000000000000002
-27.01011111,26.69808333,04-09-2013,66.1,114.9,3.5
-25.81048333,27.90955222,04-09-2013,83.1,85.8,4.4
-23.658056,31.05,04-09-2013,65.8,86.4,3.5
-25.49037,30.6986,04-09-2013,96.0,52.4,4.5
-27.00222,28.76528,04-09-2013,66.1,92.700005,3.5
-26.648056,27.089444,04-09-2013,71.5,99.6,3.8000000000000003
-26.970278,27.211111,04-09-2013,64.5,108.200005,3.4000000000000004
-26.880278,26.965,04-09-2013,67.700005,106.0,3.6
-27.273889,28.49,04-09-2013,64.3,95.8,3.4000000000000004
-27.3,28.586944,04-09-2013,64.3,95.5,3.3000000000000003
-26.98472222,26.63227778,04-09-2013,69.0,111.4,3.6
-29.033333,23.983333,04-09-2013,36.4,183.40001,1.9000000000000001
-30.336111,27.359444,04-09-2013,39.3,135.7,2.1
-29.615556,27.065278,04-09-2013,34.3,145.3,1.8
-31.031389,28.883333,04-09-2013,96.200005,55.3,3.2
-30.86013889,29.07125,04-09-2013,91.1,63.9,3.1
-30.77586667,29.03221667,04-09-2013,90.1,65.0,3.1
-34.031944,22.053333,04-09-2013,67.6,84.0,3.6
-34.039722,22.133333,04-09-2013,69.8,80.4,3.7
-33.08883333,19.21878333,04-09-2013,31.1,158.7,1.6
-30.830556,26.921389,05-09-2013,33.7,153.0,1.8
-28.44555556,32.325,03-10-2013,73.6,80.3,3.8000000000000003
-29.744167,29.905833,05-09-2013,104.200005,50.9,2.8000000000000003
-30.13573889,30.67422222,05-09-2013,105.700005,50.8,2.9000000000000004
-29.160278,26.573333,05-09-2013,30.1,162.5,1.6
-30.679722,26.7125,05-09-2013,31.2,160.90001,1.6
-30.160091,27.40124,05-09-2013,38.5,134.2,2.0
-34.02861,22.22222,05-09-2013,71.9,76.0,3.8000000000000003
-24.058889,31.237222,06-09-2013,69.700005,82.6,3.7
-27.573056,24.746389,06-09-2013,63.0,140.0,3.3000000000000003
-31.000833,26.353056,06-09-2013,30.1,164.6,1.6
-29.803611,30.516111,06-09-2013,92.5,57.7,2.1
-28.735556,29.820556,09-09-2013,64.200005,98.3,2.7
-26.73806,27.59194,09-09-2013,70.1,96.1,3.7
-26.45,28.085833,09-09-2013,71.5,92.1,3.8000000000000003
-33.38056,19.30167,09-09-2013,36.4,154.2,1.8
-32.502778,19.535833,09-09-2013,14.900001,199.90001,0.8
-34.005833,22.351111,09-09-2013,81.4,63.4,4.3
-31.860278,18.6875,10-09-2013,14.2,203.3,0.7000000000000001
-25.127778,27.628889,10-09-2013,72.8,107.4,3.8000000000000003
-24.69514,27.40906,10-09-2013,77.9,102.4,4.1000000000000005
-22.769722,30.886944,10-09-2013,115.200005,32.8,6.0
-23.281,30.54305556,10-09-2013,115.9,31.5,6.1000000000000005
-27.802778,28.768333,10-09-2013,71.0,83.3,3.1
-32.595833,19.009444,10-09-2013,18.2,197.1,0.9
-29.161667,23.696389,11-09-2013,31.6,193.90001,1.7000000000000002
-27.01011111,26.69808333,11-09-2013,66.1,114.9,3.5
-29.641944,30.6875,11-09-2013,78.3,75.5,1.5
-25.20639,27.558,11-09-2013,73.8,104.6,3.9000000000000004
-27.363611,31.783333,11-09-2013,52.4,101.9,2.7
-26.970278,27.211111,11-09-2013,64.5,108.200005,3.4000000000000004
-26.880278,26.965,11-09-2013,67.700005,106.0,3.6
-26.98472222,26.63227778,11-09-2013,69.0,111.4,3.6
-28.768056,20.720556,11-09-2013,27.4,226.3,1.4000000000000001
-34.092222,21.295278,11-09-2013,53.0,110.8,2.8000000000000003
-33.13083,18.86278,11-09-2013,26.800001,166.8,1.3
-33.7075,18.97444444,11-09-2013,36.9,158.8,1.8
-32.94583,18.33667,11-09-2013,17.800001,173.90001,0.9
-26.905,32.324722,12-09-2013,54.9,101.5,2.9000000000000004
-27.602222,29.942778,12-09-2013,74.0,87.700005,3.7
-33.31388889,19.07472222,12-09-2013,30.9,169.2,1.5
-26.98472222,26.63227778,13-09-2013,69.0,111.4,3.6
-27.902778,24.615556,13-09-2013,56.0,155.90001,2.9000000000000004
-25.99136,27.84208,16-09-2013,86.4,79.4,4.5
-26.03611,30.99778,16-09-2013,121.700005,33.8,5.2
-26.45,28.085833,16-09-2013,71.5,92.1,3.8000000000000003
-25.447222,30.711667,16-09-2013,89.6,61.600002,4.3
-28.760833,17.730278,17-09-2013,15.1,225.2,0.8
-27.01011111,26.69808333,17-09-2013,66.1,114.9,3.5
-25.73411,27.21422,17-09-2013,93.8,74.8,4.800000000000001
-27.00222,28.76528,17-09-2013,66.1,92.700005,3.5
-26.648056,27.089444,17-09-2013,71.5,99.6,3.8000000000000003
-26.970278,27.211111,17-09-2013,64.5,108.200005,3.4000000000000004
-26.880278,26.965,17-09-2013,67.700005,106.0,3.6
-26.98472222,26.63227778,17-09-2013,69.0,111.4,3.6
-29.042222,24.6,17-09-2013,40.4,176.2,2.1
-29.028629,24.638389,17-09-2013,41.9,173.3,2.2
-29.033333,23.983333,17-09-2013,36.4,183.40001,1.9000000000000001
-25.45963889,28.26430556,17-09-2013,75.1,95.6,3.9000000000000004
-25.57877778,29.12747222,17-09-2013,79.700005,87.700005,4.2
-28.760833,17.730278,18-09-2013,15.1,225.2,0.8
-29.161667,23.696389,18-09-2013,31.6,193.90001,1.7000000000000002
-25.81048333,27.90955222,18-09-2013,83.1,85.8,4.4
-25.398889,31.610556,18-09-2013,63.600002,80.4,3.3000000000000003
-27.935,26.126667,18-09-2013,45.7,143.90001,2.4000000000000004
-27.671111,27.236944,18-09-2013,48.8,129.6,2.6
-29.033333,23.983333,18-09-2013,36.4,183.40001,1.9000000000000001
-28.75,30.442778,19-09-2013,50.100002,117.1,2.5
-27.38972222,26.46388889,19-09-2013,55.9,133.5,2.9000000000000004
-34.250556,20.9925,19-09-2013,49.3,118.8,2.6
-29.744167,29.905833,20-09-2013,104.200005,50.9,2.8000000000000003
-27.671111,27.236944,20-09-2013,48.8,129.6,2.6
-27.573056,24.746389,20-09-2013,63.0,140.0,3.3000000000000003
-28.760833,17.730278,23-09-2013,15.1,225.2,0.8
-29.380556,30.2775,23-09-2013,100.3,47.5,2.7
-33.818056,19.694722,23-09-2013,37.100002,156.3,1.9000000000000001
-34.065833,20.404167,24-09-2013,39.100002,136.40001,2.0
-24.670833,28.560833,24-09-2013,75.700005,91.1,3.8000000000000003
-25.681111,31.783333,24-09-2013,62.9,83.8,3.3000000000000003
-25.67386,31.57527,24-09-2013,64.5,83.3,3.4000000000000004
-28.747778,31.745833,24-09-2013,59.7,100.4,3.1
-29.140556,31.391944,25-09-2013,63.100002,94.0,3.3000000000000003
-25.127778,27.628889,25-09-2013,72.8,107.4,3.8000000000000003
-24.69514,27.40906,25-09-2013,77.9,102.4,4.1000000000000005
-27.937778,31.209444,25-09-2013,62.600002,95.700005,3.3000000000000003
-28.404444,30.013056,25-09-2013,62.2,101.5,3.0
-26.73806,27.59194,25-09-2013,70.1,96.1,3.7
-26.45,28.085833,25-09-2013,71.5,92.1,3.8000000000000003
-33.501667,21.624167,25-09-2013,49.9,129.2,2.6
-27.01011111,26.69808333,26-09-2013,66.1,114.9,3.5
-22.225556,29.990556,26-09-2013,91.200005,63.5,4.800000000000001
-25.436111,31.982222,26-09-2013,66.9,73.9,3.5
-25.20639,27.558,26-09-2013,73.8,104.6,3.9000000000000004
-28.801278,31.955389,26-09-2013,61.4,97.700005,3.2
-27.169444,29.233889,26-09-2013,66.6,88.9,3.5
-27.00222,28.76528,26-09-2013,66.1,92.700005,3.5
-26.648056,27.089444,26-09-2013,71.5,99.6,3.8000000000000003
-26.970278,27.211111,26-09-2013,64.5,108.200005,3.4000000000000004
-26.880278,26.965,26-09-2013,67.700005,106.0,3.6
-28.141944,26.417778,26-09-2013,41.4,147.6,2.2
-28.058889,30.373611,26-09-2013,71.8,86.1,3.4000000000000004
-26.861111,28.884722,27-09-2013,69.1,89.1,3.6
-27.902778,24.615556,27-09-2013,56.0,155.90001,2.9000000000000004
-25.99136,27.84208,30-09-2013,86.4,79.4,4.5
-29.7775,29.470833,30-09-2013,100.1,45.9,3.8000000000000003
-29.987778,29.851667,30-09-2013,111.700005,38.9,3.1
-29.744167,29.905833,30-09-2013,104.200005,50.9,2.8000000000000003
-26.45,28.085833,30-09-2013,71.5,92.1,3.8000000000000003
-31.396,29.2651,30-09-2013,95.8,59.8,3.4000000000000004
-31.554722,29.245556,30-09-2013,99.6,47.4,3.6
-24.183889,30.823889,01-10-2013,72.1,82.8,3.8000000000000003
-25.73411,27.21422,01-10-2013,93.8,74.8,4.800000000000001
-28.44555556,32.325,31-10-2013,73.6,80.3,3.8000000000000003
-27.671111,27.236944,01-10-2013,48.8,129.6,2.6
-30.568333,29.422778,01-10-2013,100.700005,50.100002,3.2
-30.570833,29.150556,01-10-2013,94.200005,56.0,3.3000000000000003
-31.104278,29.399722,01-10-2013,98.8,55.2,3.3000000000000003
-34.031944,22.053333,01-10-2013,67.6,84.0,3.6
-34.005833,22.351111,01-10-2013,81.4,63.4,4.3
-25.45963889,28.26430556,01-10-2013,75.1,95.6,3.9000000000000004
-28.068333,31.55,01-10-2013,60.8,101.700005,3.2
-29.161667,23.696389,02-10-2013,31.6,193.90001,1.7000000000000002
-27.01011111,26.69808333,02-10-2013,66.1,114.9,3.5
-25.81048333,27.90955222,02-10-2013,83.1,85.8,4.4
-24.058889,31.237222,02-10-2013,69.700005,82.6,3.7
-30.733889,29.828333,02-10-2013,106.9,43.3,3.3000000000000003
-30.398056,30.601944,02-10-2013,118.9,37.7,3.6
-27.00222,28.76528,02-10-2013,66.1,92.700005,3.5
-27.02314,28.59389,02-10-2013,65.8,95.0,3.5
-27.273889,28.49,02-10-2013,64.3,95.8,3.4000000000000004
-27.3,28.586944,02-10-2013,64.3,95.5,3.3000000000000003
-27.802778,28.768333,02-10-2013,71.0,83.3,3.1
-26.98472222,26.63227778,02-10-2013,69.0,111.4,3.6
-27.398611,26.614722,02-10-2013,55.600002,131.8,2.9000000000000004
-27.671111,27.236944,02-10-2013,48.8,129.6,2.6
-29.160278,26.573333,02-10-2013,30.1,162.5,1.6
-29.615556,27.065278,02-10-2013,34.3,145.3,1.8
-28.883333,27.89,02-10-2013,52.4,107.700005,2.4000000000000004
-31.031389,28.883333,02-10-2013,96.200005,55.3,3.2
-30.86013889,29.07125,02-10-2013,91.1,63.9,3.1
-30.77586667,29.03221667,02-10-2013,90.1,65.0,3.1
-34.039722,22.133333,02-10-2013,69.8,80.4,3.7
-34.02861,22.22222,02-10-2013,71.9,76.0,3.8000000000000003
-27.495556,26.074722,02-10-2013,55.2,137.2,2.9000000000000004
-28.44555556,32.325,16-01-2014,140.7,0.0,16.400000000000002
-29.744167,29.905833,03-10-2013,104.200005,50.9,2.8000000000000003
-26.648056,27.089444,03-10-2013,71.5,99.6,3.8000000000000003
-26.970278,27.211111,03-10-2013,64.5,108.200005,3.4000000000000004
-26.880278,26.965,03-10-2013,67.700005,106.0,3.6
-27.3,28.586944,03-10-2013,64.3,95.5,3.3000000000000003
-30.160091,27.40124,03-10-2013,38.5,134.2,2.0
-30.336111,27.359444,03-10-2013,39.3,135.7,2.1
-29.615556,27.065278,03-10-2013,34.3,145.3,1.8
-30.830556,26.921389,04-10-2013,33.7,153.0,1.8
-30.679722,26.7125,04-10-2013,31.2,160.90001,1.6
-29.803611,30.516111,04-10-2013,92.5,57.7,2.1
-26.73806,27.59194,07-10-2013,70.1,96.1,3.7
-26.45,28.085833,07-10-2013,71.5,92.1,3.8000000000000003
-31.436944,20.474722,07-10-2013,30.2,187.1,1.6
-29.1825,23.575556,07-10-2013,30.800001,194.1,1.6
-33.38056,19.30167,07-10-2013,36.4,154.2,1.8
-32.502778,19.535833,07-10-2013,14.900001,199.90001,0.8
-31.860278,18.6875,08-10-2013,14.2,203.3,0.7000000000000001
-25.127778,27.628889,08-10-2013,72.8,107.4,3.8000000000000003
-24.69514,27.40906,08-10-2013,77.9,102.4,4.1000000000000005
-22.769722,30.886944,08-10-2013,115.200005,32.8,6.0
-28.735556,29.820556,08-10-2013,64.200005,98.3,2.7
-27.169444,29.233889,08-10-2013,66.6,88.9,3.5
-26.861111,28.884722,08-10-2013,69.1,89.1,3.6
-27.00222,28.76528,08-10-2013,66.1,92.700005,3.5
-34.092222,21.295278,08-10-2013,53.0,110.8,2.8000000000000003
-33.13083,18.86278,08-10-2013,26.800001,166.8,1.3
-32.94583,18.33667,08-10-2013,17.800001,173.90001,0.9
-29.161667,23.696389,09-10-2013,31.6,193.90001,1.7000000000000002
-29.641944,30.6875,09-10-2013,78.3,75.5,1.5
-25.20639,27.558,09-10-2013,73.8,104.6,3.9000000000000004
-26.905,32.324722,09-10-2013,54.9,101.5,2.9000000000000004
-27.602222,29.942778,09-10-2013,74.0,87.700005,3.7
-33.7075,18.97444444,09-10-2013,36.9,158.8,1.8
-23.658056,31.05,10-10-2013,65.8,86.4,3.5
-27.363611,31.783333,10-10-2013,52.4,101.9,2.7
-26.970278,27.211111,10-10-2013,64.5,108.200005,3.4000000000000004
-33.31388889,19.07472222,10-10-2013,30.9,169.2,1.5
-27.01011111,26.69808333,11-10-2013,66.1,114.9,3.5
-26.648056,27.089444,11-10-2013,71.5,99.6,3.8000000000000003
-26.880278,26.965,11-10-2013,67.700005,106.0,3.6
-26.98472222,26.63227778,11-10-2013,69.0,111.4,3.6
-27.902778,24.615556,11-10-2013,56.0,155.90001,2.9000000000000004
-26.861111,28.884722,13-10-2013,69.1,89.1,3.6
-25.99136,27.84208,14-10-2013,86.4,79.4,4.5
-26.45,28.085833,14-10-2013,71.5,92.1,3.8000000000000003
-27.01011111,26.69808333,15-10-2013,66.1,114.9,3.5
-25.73411,27.21422,15-10-2013,93.8,74.8,4.800000000000001
-24.99328,30.81444,15-10-2013,120.4,10.8,5.6000000000000005
-27.5275,30.858056,15-10-2013,89.0,62.7,4.1000000000000005
-26.861111,28.884722,15-10-2013,69.1,89.1,3.6
-27.00222,28.76528,15-10-2013,66.1,92.700005,3.5
-26.648056,27.089444,15-10-2013,71.5,99.6,3.8000000000000003
-26.970278,27.211111,15-10-2013,64.5,108.200005,3.4000000000000004
-26.880278,26.965,15-10-2013,67.700005,106.0,3.6
-26.98472222,26.63227778,15-10-2013,69.0,111.4,3.6
-25.45963889,28.26430556,15-10-2013,75.1,95.6,3.9000000000000004
-29.161667,23.696389,16-10-2013,31.6,193.90001,1.7000000000000002
-25.81048333,27.90955222,16-10-2013,83.1,85.8,4.4
-24.670833,28.560833,16-10-2013,75.700005,91.1,3.8000000000000003
-28.75,30.442778,16-10-2013,50.100002,117.1,2.5
-29.161667,30.629722,16-10-2013,83.1,63.7,2.5
-29.160278,26.573333,16-10-2013,30.1,162.5,1.6
-29.033333,23.983333,16-10-2013,36.4,183.40001,1.9000000000000001
-28.768056,20.720556,16-10-2013,27.4,226.3,1.4000000000000001
-29.161667,23.696389,17-10-2013,31.6,193.90001,1.7000000000000002
-29.744167,29.905833,17-10-2013,104.200005,50.9,2.8000000000000003
-27.671111,27.236944,17-10-2013,48.8,129.6,2.6
-34.250556,20.9925,17-10-2013,49.3,118.8,2.6
-29.380556,30.2775,21-10-2013,100.3,47.5,2.7
-33.818056,19.694722,21-10-2013,37.100002,156.3,1.9000000000000001
-27.01011111,26.69808333,22-10-2013,66.1,114.9,3.5
-34.065833,20.404167,22-10-2013,39.100002,136.40001,2.0
-25.127778,27.628889,22-10-2013,72.8,107.4,3.8000000000000003
-25.20639,27.558,22-10-2013,73.8,104.6,3.9000000000000004
-24.69514,27.40906,22-10-2013,77.9,102.4,4.1000000000000005
-26.648056,27.089444,22-10-2013,71.5,99.6,3.8000000000000003
-26.970278,27.211111,22-10-2013,64.5,108.200005,3.4000000000000004
-26.880278,26.965,22-10-2013,67.700005,106.0,3.6
-26.73806,27.59194,22-10-2013,70.1,96.1,3.7
-26.45,28.085833,22-10-2013,71.5,92.1,3.8000000000000003
-26.98472222,26.63227778,22-10-2013,69.0,111.4,3.6
-28.141944,26.417778,22-10-2013,41.4,147.6,2.2
-29.042222,24.6,22-10-2013,40.4,176.2,2.1
-29.028629,24.638389,22-10-2013,41.9,173.3,2.2
-33.501667,21.624167,22-10-2013,49.9,129.2,2.6
-34.075556,20.145556,22-10-2013,41.8,136.2,2.2
-28.760833,17.730278,23-10-2013,15.1,225.2,0.8
-29.161667,23.696389,23-10-2013,31.6,193.90001,1.7000000000000002
-29.140556,31.391944,23-10-2013,63.100002,94.0,3.3000000000000003
-28.801278,31.955389,23-10-2013,61.4,97.700005,3.2
-27.169444,29.233889,23-10-2013,66.6,88.9,3.5
-26.861111,28.884722,23-10-2013,69.1,89.1,3.6
-27.00222,28.76528,23-10-2013,66.1,92.700005,3.5
-26.970278,27.211111,23-10-2013,64.5,108.200005,3.4000000000000004
-27.38972222,26.46388889,23-10-2013,55.9,133.5,2.9000000000000004
-26.98472222,26.63227778,23-10-2013,69.0,111.4,3.6
-27.398611,26.614722,23-10-2013,55.600002,131.8,2.9000000000000004
-27.671111,27.236944,23-10-2013,48.8,129.6,2.6
-34.405833,19.600556,23-10-2013,53.0,103.6,2.7
-28.058889,30.373611,23-10-2013,71.8,86.1,3.4000000000000004
-33.897778,20.012778,23-10-2013,37.3,143.3,1.9000000000000001
-28.747778,31.745833,24-10-2013,59.7,100.4,3.1
-27.5275,30.858056,24-10-2013,89.0,62.7,4.1000000000000005
-28.116667,26.725278,24-10-2013,41.4,143.3,2.2
-34.329722,18.990278,24-10-2013,56.9,98.0,2.7
-27.573056,24.746389,25-10-2013,63.0,140.0,3.3000000000000003
-25.99136,27.84208,28-10-2013,86.4,79.4,4.5
-29.7775,29.470833,28-10-2013,100.1,45.9,3.8000000000000003
-29.987778,29.851667,28-10-2013,111.700005,38.9,3.1
-29.744167,29.905833,28-10-2013,104.200005,50.9,2.8000000000000003
-26.45,28.085833,28-10-2013,71.5,92.1,3.8000000000000003
-27.01011111,26.69808333,29-10-2013,66.1,114.9,3.5
-25.73411,27.21422,29-10-2013,93.8,74.8,4.800000000000001
-30.733889,29.828333,29-10-2013,106.9,43.3,3.3000000000000003
-27.00222,28.76528,29-10-2013,66.1,92.700005,3.5
-26.648056,27.089444,29-10-2013,71.5,99.6,3.8000000000000003
-26.970278,27.211111,29-10-2013,64.5,108.200005,3.4000000000000004
-26.880278,26.965,29-10-2013,67.700005,106.0,3.6
-27.802778,28.768333,29-10-2013,71.0,83.3,3.1
-26.98472222,26.63227778,29-10-2013,69.0,111.4,3.6
-25.45963889,28.26430556,29-10-2013,75.1,95.6,3.9000000000000004
-28.338333,31.373611,29-10-2013,64.6,92.0,3.4000000000000004
-28.068333,31.55,29-10-2013,60.8,101.700005,3.2
-25.81048333,27.90955222,30-10-2013,83.1,85.8,4.4
-30.830556,26.921389,30-10-2013,33.7,153.0,1.8
-30.398056,30.601944,30-10-2013,118.9,37.7,3.6
-30.160091,27.40124,30-10-2013,38.5,134.2,2.0
-30.336111,27.359444,30-10-2013,39.3,135.7,2.1
-28.883333,27.89,30-10-2013,52.4,107.700005,2.4000000000000004
-28.768056,20.720556,30-10-2013,27.4,226.3,1.4000000000000001
-31.104278,29.399722,30-10-2013,98.8,55.2,3.3000000000000003
-31.396,29.2651,30-10-2013,95.8,59.8,3.4000000000000004
-31.554722,29.245556,30-10-2013,99.6,47.4,3.6
-28.44555556,32.325,13-02-2014,140.7,0.0,16.400000000000002
-30.13573889,30.67422222,31-10-2013,105.700005,50.8,2.9000000000000004
-28.69485,28.23487,31-10-2013,56.600002,98.700005,2.6
-28.883333,27.89,31-10-2013,52.4,107.700005,2.4000000000000004
-31.436944,20.474722,31-10-2013,30.2,187.1,1.6
-30.570833,29.150556,31-10-2013,94.200005,56.0,3.3000000000000003
-29.744167,29.905833,01-11-2013,104.200005,50.9,2.8000000000000003
-30.568333,29.422778,01-11-2013,100.700005,50.100002,3.2
-31.031389,28.883333,01-11-2013,96.200005,55.3,3.2
-30.77586667,29.03221667,01-11-2013,90.1,65.0,3.1
-29.803611,30.516111,01-11-2013,92.5,57.7,2.1
-26.73806,27.59194,04-11-2013,70.1,96.1,3.7
-26.45,28.085833,04-11-2013,71.5,92.1,3.8000000000000003
-27.3,28.586944,04-11-2013,64.3,95.5,3.3000000000000003
-26.98472222,26.63227778,04-11-2013,69.0,111.4,3.6
-33.38056,19.30167,04-11-2013,36.4,154.2,1.8
-32.502778,19.535833,04-11-2013,14.900001,199.90001,0.8
-27.01011111,26.69808333,05-11-2013,66.1,114.9,3.5
-31.860278,18.6875,05-11-2013,14.2,203.3,0.7000000000000001
-24.679167,30.8025,05-11-2013,129.6,10.5,6.1000000000000005
-33.980556,21.653333,05-11-2013,52.9,109.700005,2.8000000000000003
-25.127778,27.628889,05-11-2013,72.8,107.4,3.8000000000000003
-24.39619444,27.08983333,05-11-2013,73.3,107.200005,3.9000000000000004
-24.69514,27.40906,05-11-2013,77.9,102.4,4.1000000000000005
-27.169444,29.233889,05-11-2013,66.6,88.9,3.5
-26.861111,28.884722,05-11-2013,69.1,89.1,3.6
-26.98472222,26.63227778,05-11-2013,69.0,111.4,3.6
-27.398611,26.614722,05-11-2013,55.600002,131.8,2.9000000000000004
-27.671111,27.236944,05-11-2013,48.8,129.6,2.6
-32.595833,19.009444,05-11-2013,18.2,197.1,0.9
-29.641944,30.6875,06-11-2013,78.3,75.5,1.5
-25.20639,27.558,06-11-2013,73.8,104.6,3.9000000000000004
-27.00222,28.76528,06-11-2013,66.1,92.700005,3.5
-27.02314,28.59389,06-11-2013,65.8,95.0,3.5
-26.970278,27.211111,06-11-2013,64.5,108.200005,3.4000000000000004
-26.880278,26.965,06-11-2013,67.700005,106.0,3.6
-27.273889,28.49,06-11-2013,64.3,95.8,3.4000000000000004
-27.4275,28.525833,06-11-2013,65.0,94.0,3.3000000000000003
-33.13083,18.86278,06-11-2013,26.800001,166.8,1.3
-33.7075,18.97444444,06-11-2013,36.9,158.8,1.8
-32.94583,18.33667,06-11-2013,17.800001,173.90001,0.9
-24.058889,31.237222,07-11-2013,69.700005,82.6,3.7
-27.602222,29.942778,07-11-2013,74.0,87.700005,3.7
-27.3,28.586944,07-11-2013,64.3,95.5,3.3000000000000003
-27.902778,24.615556,07-11-2013,56.0,155.90001,2.9000000000000004
-28.69485,28.23487,07-11-2013,56.600002,98.700005,2.6
-33.31388889,19.07472222,07-11-2013,30.9,169.2,1.5
-27.573056,24.746389,08-11-2013,63.0,140.0,3.3000000000000003
-27.573056,24.746389,10-11-2013,63.0,140.0,3.3000000000000003
-28.760833,17.730278,11-11-2013,15.1,225.2,0.8
-29.161667,23.696389,11-11-2013,31.6,193.90001,1.7000000000000002
-25.99136,27.84208,11-11-2013,86.4,79.4,4.5
-26.861111,28.884722,11-11-2013,69.1,89.1,3.6
-30.86013889,29.07125,11-11-2013,91.1,63.9,3.1
-27.01011111,26.69808333,12-11-2013,66.1,114.9,3.5
-25.73411,27.21422,12-11-2013,93.8,74.8,4.800000000000001
-22.769722,30.886944,12-11-2013,115.200005,32.8,6.0
-27.00222,28.76528,12-11-2013,66.1,92.700005,3.5
-26.648056,27.089444,12-11-2013,71.5,99.6,3.8000000000000003
-26.970278,27.211111,12-11-2013,64.5,108.200005,3.4000000000000004
-26.880278,26.965,12-11-2013,67.700005,106.0,3.6
-26.98472222,26.63227778,12-11-2013,69.0,111.4,3.6
-33.08883333,19.21878333,12-11-2013,31.1,158.7,1.6
-25.45963889,28.26430556,12-11-2013,75.1,95.6,3.9000000000000004
-29.161667,23.696389,13-11-2013,31.6,193.90001,1.7000000000000002
-25.81048333,27.90955222,13-11-2013,83.1,85.8,4.4
-22.43772222,31.07805556,13-11-2013,99.3,56.8,5.2
-28.75,30.442778,13-11-2013,50.100002,117.1,2.5
-29.161667,30.629722,13-11-2013,83.1,63.7,2.5
-28.141944,26.417778,13-11-2013,41.4,147.6,2.2
-28.1175,26.719444,13-11-2013,41.4,143.3,2.2
-29.160278,26.573333,13-11-2013,30.1,162.5,1.6
-29.033333,23.983333,13-11-2013,36.4,183.40001,1.9000000000000001
-34.02861,22.22222,13-11-2013,71.9,76.0,3.8000000000000003
-34.005833,22.351111,13-11-2013,81.4,63.4,4.3
-23.658056,31.05,14-11-2013,65.8,86.4,3.5
-29.744167,29.905833,14-11-2013,104.200005,50.9,2.8000000000000003
-27.273889,28.49,14-11-2013,64.3,95.8,3.4000000000000004
-27.4275,28.525833,14-11-2013,65.0,94.0,3.3000000000000003
-27.3,28.586944,14-11-2013,64.3,95.5,3.3000000000000003
-27.398611,26.614722,14-11-2013,55.600002,131.8,2.9000000000000004
-27.671111,27.236944,14-11-2013,48.8,129.6,2.6
-34.031944,22.053333,15-11-2013,67.6,84.0,3.6
-34.039722,22.133333,15-11-2013,69.8,80.4,3.7
-24.925278,29.324444,18-11-2013,62.4,109.9,3.3000000000000003
-29.380556,30.2775,18-11-2013,100.3,47.5,2.7
-26.73806,27.59194,18-11-2013,70.1,96.1,3.7
-26.45,28.085833,18-11-2013,71.5,92.1,3.8000000000000003
-33.870833,20.003333,18-11-2013,35.3,145.1,1.8
-33.818056,19.694722,18-11-2013,37.100002,156.3,1.9000000000000001
-27.01011111,26.69808333,19-11-2013,66.1,114.9,3.5
-34.065833,20.404167,19-11-2013,39.100002,136.40001,2.0
-25.20639,27.558,19-11-2013,73.8,104.6,3.9000000000000004
-24.69514,27.40906,19-11-2013,77.9,102.4,4.1000000000000005
-28.747778,31.745833,19-11-2013,59.7,100.4,3.1
-27.169444,29.233889,19-11-2013,66.6,88.9,3.5
-26.861111,28.884722,19-11-2013,69.1,89.1,3.6
-27.00222,28.76528,19-11-2013,66.1,92.700005,3.5
-26.648056,27.089444,19-11-2013,71.5,99.6,3.8000000000000003
-26.970278,27.211111,19-11-2013,64.5,108.200005,3.4000000000000004
-26.880278,26.965,19-11-2013,67.700005,106.0,3.6
-27.3,28.586944,19-11-2013,64.3,95.5,3.3000000000000003
-26.98472222,26.63227778,19-11-2013,69.0,111.4,3.6
-27.671111,27.236944,19-11-2013,48.8,129.6,2.6
-31.396,29.2651,19-11-2013,95.8,59.8,3.4000000000000004
-31.554722,29.245556,19-11-2013,99.6,47.4,3.6
-34.075556,20.145556,19-11-2013,41.8,136.2,2.2
-29.161667,23.696389,20-11-2013,31.6,193.90001,1.7000000000000002
-25.127778,27.628889,20-11-2013,72.8,107.4,3.8000000000000003
-28.801278,31.955389,20-11-2013,61.4,97.700005,3.2
-27.937778,31.209444,20-11-2013,62.600002,95.700005,3.3000000000000003
-28.404444,30.013056,20-11-2013,62.2,101.5,3.0
-27.273889,28.49,20-11-2013,64.3,95.8,3.4000000000000004
-28.883333,27.89,20-11-2013,52.4,107.700005,2.4000000000000004
-30.568333,29.422778,20-11-2013,100.700005,50.100002,3.2
-31.104278,29.399722,20-11-2013,98.8,55.2,3.3000000000000003
-34.250556,20.9925,20-11-2013,49.3,118.8,2.6
-34.329722,18.990278,20-11-2013,56.9,98.0,2.7
-25.57877778,29.12747222,20-11-2013,79.700005,87.700005,4.2
-27.5275,30.858056,21-11-2013,89.0,62.7,4.1000000000000005
-28.116667,26.725278,21-11-2013,41.4,143.3,2.2
-28.69485,28.23487,21-11-2013,56.600002,98.700005,2.6
-30.86013889,29.07125,21-11-2013,91.1,63.9,3.1
-30.570833,29.150556,21-11-2013,94.200005,56.0,3.3000000000000003
-30.77586667,29.03221667,21-11-2013,90.1,65.0,3.1
-34.405833,19.600556,21-11-2013,53.0,103.6,2.7
-33.897778,20.012778,21-11-2013,37.3,143.3,1.9000000000000001
-27.902778,24.615556,22-11-2013,56.0,155.90001,2.9000000000000004
-31.031389,28.883333,22-11-2013,96.200005,55.3,3.2
-28.058889,30.373611,22-11-2013,71.8,86.1,3.4000000000000004
-25.99136,27.84208,25-11-2013,86.4,79.4,4.5
-29.7775,29.470833,25-11-2013,100.1,45.9,3.8000000000000003
-29.744167,29.905833,25-11-2013,104.200005,50.9,2.8000000000000003
-26.45,28.085833,25-11-2013,71.5,92.1,3.8000000000000003
-29.042222,24.6,25-11-2013,40.4,176.2,2.1
-33.38056,19.30167,25-11-2013,36.4,154.2,1.8
-32.502778,19.535833,25-11-2013,14.900001,199.90001,0.8
-28.338333,31.373611,25-11-2013,64.6,92.0,3.4000000000000004
-28.068333,31.55,25-11-2013,60.8,101.700005,3.2
-28.1175,26.719444,26-07-2011,50.0,143.3,2.6
-28.1175,26.719444,23-08-2011,50.0,143.3,2.6
-28.1175,26.719444,30-08-2011,50.0,143.3,2.6
-28.1175,26.719444,21-09-2011,50.0,143.3,2.6
-28.1175,26.719444,29-09-2011,50.0,143.3,2.6
-28.1175,26.719444,17-11-2011,50.0,143.3,2.6
-27.01011111,26.69808333,26-11-2013,66.1,114.9,3.5
-31.860278,18.6875,26-11-2013,14.2,203.3,0.7000000000000001
-25.73411,27.21422,26-11-2013,93.8,74.8,4.800000000000001
-30.733889,29.828333,26-11-2013,106.9,43.3,3.3000000000000003
-29.987778,29.851667,26-11-2013,111.700005,38.9,3.1
-27.00222,28.76528,26-11-2013,66.1,92.700005,3.5
-28.1175,26.719444,07-06-2012,129.40001,50.0,6.800000000000001
-26.970278,27.211111,26-11-2013,64.5,108.200005,3.4000000000000004
-26.880278,26.965,26-11-2013,67.700005,106.0,3.6
-26.98472222,26.63227778,26-11-2013,69.0,111.4,3.6
-29.160278,26.573333,26-11-2013,30.1,162.5,1.6
-29.028629,24.638389,26-11-2013,41.9,173.3,2.2
-28.69485,28.23487,26-11-2013,56.600002,98.700005,2.6
-28.1175,26.719444,17-07-2012,45.9,145.8,2.4000000000000004
-33.501667,21.624167,26-11-2013,49.9,129.2,2.6
-32.595833,19.009444,26-11-2013,18.2,197.1,0.9
-28.1175,26.719444,17-09-2012,45.9,145.8,2.4000000000000004
-25.45963889,28.26430556,26-11-2013,75.1,95.6,3.9000000000000004
-29.161667,23.696389,27-11-2013,31.6,193.90001,1.7000000000000002
-25.81048333,27.90955222,27-11-2013,83.1,85.8,4.4
-24.670833,28.560833,27-11-2013,75.700005,91.1,3.8000000000000003
-30.398056,30.601944,27-11-2013,118.9,37.7,3.6
-26.861111,28.884722,27-11-2013,69.1,89.1,3.6
-29.033333,23.983333,27-11-2013,36.4,183.40001,1.9000000000000001
-28.69485,28.23487,27-11-2013,56.600002,98.700005,2.6
-29.615556,27.065278,27-11-2013,34.3,145.3,1.8
-28.883333,27.89,27-11-2013,52.4,107.700005,2.4000000000000004
-33.7075,18.97444444,27-11-2013,36.9,158.8,1.8
-32.94583,18.33667,27-11-2013,17.800001,173.90001,0.9
-24.282222,28.090278,28-11-2013,91.1,71.3,4.800000000000001
-30.13573889,30.67422222,28-11-2013,105.700005,50.8,2.9000000000000004
-28.1175,26.719444,18-07-2013,41.4,143.3,2.2
-33.31388889,19.07472222,28-11-2013,30.9,169.2,1.5
-33.13083,18.86278,28-11-2013,26.800001,166.8,1.3
-29.744167,29.905833,29-11-2013,104.200005,50.9,2.8000000000000003
-29.803611,30.516111,29-11-2013,92.5,57.7,2.1
-26.73806,27.59194,01-12-2013,70.1,96.1,3.7
-28.735556,29.820556,02-12-2013,64.200005,98.3,2.7
-26.45,28.085833,02-12-2013,71.5,92.1,3.8000000000000003
-25.127778,27.628889,03-12-2013,72.8,107.4,3.8000000000000003
-24.69514,27.40906,03-12-2013,77.9,102.4,4.1000000000000005
-27.273889,28.49,03-12-2013,64.3,95.8,3.4000000000000004
-27.4275,28.525833,03-12-2013,65.0,94.0,3.3000000000000003
-27.3,28.586944,03-12-2013,64.3,95.5,3.3000000000000003
-27.398611,26.614722,03-12-2013,55.600002,131.8,2.9000000000000004
-30.160091,27.40124,03-12-2013,38.5,134.2,2.0
-30.336111,27.359444,03-12-2013,39.3,135.7,2.1
-33.08883333,19.21878333,03-12-2013,31.1,158.7,1.6
-27.4,26.624722,03-12-2013,55.600002,131.8,2.9000000000000004
-29.161667,23.696389,04-12-2013,31.6,193.90001,1.7000000000000002
-27.01011111,26.69808333,04-12-2013,66.1,114.9,3.5
-29.641944,30.6875,04-12-2013,78.3,75.5,1.5
-28.1175,26.719444,19-05-2014,61.3,124.9,3.2
-28.1175,26.719444,03-06-2014,61.3,124.9,3.2
-25.20639,27.558,04-12-2013,73.8,104.6,3.9000000000000004
-27.363611,31.783333,04-12-2013,52.4,101.9,2.7
-26.648056,27.089444,04-12-2013,71.5,99.6,3.8000000000000003
-26.970278,27.211111,04-12-2013,64.5,108.200005,3.4000000000000004
-26.880278,26.965,04-12-2013,67.700005,106.0,3.6
-26.98472222,26.63227778,04-12-2013,69.0,111.4,3.6
-31.000833,26.353056,04-12-2013,30.1,164.6,1.6
-30.679722,26.7125,04-12-2013,31.2,160.90001,1.6
-28.1175,26.719444,06-08-2014,36.100002,155.40001,1.9000000000000001
-34.039722,22.133333,04-12-2013,69.8,80.4,3.7
-28.760833,17.730278,05-12-2013,15.1,225.2,0.8
-26.905,32.324722,05-12-2013,54.9,101.5,2.9000000000000004
-28.116667,26.725278,05-12-2013,41.4,143.3,2.2
-34.250556,20.9925,05-12-2013,49.3,118.8,2.6
-34.092222,21.295278,05-12-2013,53.0,110.8,2.8000000000000003
-23.658056,31.05,06-12-2013,65.8,86.4,3.5
-23.281,30.54305556,06-12-2013,115.9,31.5,6.1000000000000005
-27.02314,28.59389,07-12-2013,65.8,95.0,3.5
-25.99136,27.84208,09-12-2013,86.4,79.4,4.5
-27.935,26.126667,09-12-2013,45.7,143.90001,2.4000000000000004
-28.141944,26.417778,09-12-2013,41.4,147.6,2.2
-28.1175,26.719444,09-12-2013,41.4,143.3,2.2
-28.116667,26.725278,09-12-2013,41.4,143.3,2.2
-25.73411,27.21422,10-12-2013,93.8,74.8,4.800000000000001
-25.45963889,28.26430556,10-12-2013,75.1,95.6,3.9000000000000004
-27.01011111,26.69808333,11-12-2013,66.1,114.9,3.5
-25.81048333,27.90955222,11-12-2013,83.1,85.8,4.4
-28.116667,26.725278,22-02-2011,80.1,108.6,4.2
-24.183889,30.823889,11-12-2013,72.1,82.8,3.8000000000000003
-24.058889,31.237222,11-12-2013,69.700005,82.6,3.7
-28.116667,26.725278,26-07-2011,50.0,143.3,2.6
-28.116667,26.725278,23-08-2011,50.0,143.3,2.6
-28.116667,26.725278,21-09-2011,50.0,143.3,2.6
-28.116667,26.725278,18-10-2011,50.0,143.3,2.6
-28.116667,26.725278,14-12-2011,50.0,143.3,2.6
-28.116667,26.725278,18-01-2012,129.40001,50.0,6.800000000000001
-28.116667,26.725278,15-02-2012,129.40001,50.0,6.800000000000001
-28.116667,26.725278,14-03-2012,129.40001,50.0,6.800000000000001
-26.03611,30.99778,11-12-2013,121.700005,33.8,5.2
-27.5275,30.858056,11-12-2013,89.0,62.7,4.1000000000000005
-28.75,30.442778,11-12-2013,50.100002,117.1,2.5
-28.116667,26.725278,09-05-2012,129.40001,50.0,6.800000000000001
-28.116667,26.725278,29-05-2012,129.40001,50.0,6.800000000000001
-28.116667,26.725278,06-06-2012,129.40001,50.0,6.800000000000001
-28.116667,26.725278,14-06-2012,129.40001,50.0,6.800000000000001
-28.116667,26.725278,21-06-2012,129.40001,50.0,6.800000000000001
-28.116667,26.725278,04-07-2012,129.40001,50.0,6.800000000000001
-28.116667,26.725278,01-08-2012,45.9,145.8,2.4000000000000004
-28.116667,26.725278,29-08-2012,45.9,145.8,2.4000000000000004
-28.116667,26.725278,17-09-2012,45.9,145.8,2.4000000000000004
-28.116667,26.725278,24-10-2012,45.9,145.8,2.4000000000000004
-28.116667,26.725278,15-11-2012,45.9,145.8,2.4000000000000004
-28.404444,30.013056,11-12-2013,62.2,101.5,3.0
-28.116667,26.725278,21-11-2012,45.9,145.8,2.4000000000000004
-28.116667,26.725278,31-01-2013,114.1,60.9,6.0
-28.116667,26.725278,08-02-2013,114.1,60.9,6.0
-28.116667,26.725278,20-02-2013,114.1,60.9,6.0
-28.116667,26.725278,14-03-2013,114.1,60.9,6.0
-28.116667,26.725278,21-03-2013,114.1,60.9,6.0
-29.161667,30.629722,11-12-2013,83.1,63.7,2.5
-26.648056,27.089444,11-12-2013,71.5,99.6,3.8000000000000003
-28.116667,26.725278,24-04-2013,114.1,60.9,6.0
-26.970278,27.211111,11-12-2013,64.5,108.200005,3.4000000000000004
-26.880278,26.965,11-12-2013,67.700005,106.0,3.6
-27.38972222,26.46388889,11-12-2013,55.9,133.5,2.9000000000000004
-26.98472222,26.63227778,11-12-2013,69.0,111.4,3.6
-28.116667,26.725278,16-07-2013,41.4,143.3,2.2
-28.116667,26.725278,14-08-2013,41.4,143.3,2.2
-28.141944,26.417778,11-12-2013,41.4,147.6,2.2
-28.116667,26.725278,26-09-2013,41.4,143.3,2.2
-28.116667,26.725278,22-10-2013,41.4,143.3,2.2
-28.1175,26.719444,11-12-2013,41.4,143.3,2.2
-27.671111,27.236944,11-12-2013,48.8,129.6,2.6
-28.768056,20.720556,11-12-2013,27.4,226.3,1.4000000000000001
-27.356667,27.286389,11-12-2013,55.600002,121.0,2.9000000000000004
-24.679167,30.8025,12-12-2013,129.6,10.5,6.1000000000000005
-27.937778,31.209444,12-12-2013,62.600002,95.700005,3.3000000000000003
-29.744167,29.905833,12-12-2013,104.200005,50.9,2.8000000000000003
-26.98472222,26.63227778,12-12-2013,69.0,111.4,3.6
-27.398611,26.614722,12-12-2013,55.600002,131.8,2.9000000000000004
-34.031944,22.053333,13-12-2013,67.6,84.0,3.6
-28.735556,29.820556,17-12-2013,64.200005,98.3,2.7
-27.935,26.126667,17-12-2013,45.7,143.90001,2.4000000000000004
-28.141944,26.417778,17-12-2013,41.4,147.6,2.2
-28.1175,26.719444,17-12-2013,41.4,143.3,2.2
-28.116667,26.725278,17-12-2013,41.4,143.3,2.2
-28.116667,26.725278,02-04-2014,61.3,124.9,3.2
-29.160278,26.573333,17-12-2013,30.1,162.5,1.6
-29.042222,24.6,17-12-2013,40.4,176.2,2.1
-29.028629,24.638389,17-12-2013,41.9,173.3,2.2
-29.033333,23.983333,17-12-2013,36.4,183.40001,1.9000000000000001
-33.501667,21.624167,17-12-2013,49.9,129.2,2.6
-27.01011111,26.69808333,18-12-2013,66.1,114.9,3.5
-22.225556,29.990556,18-12-2013,91.200005,63.5,4.800000000000001
-25.127778,27.628889,18-12-2013,72.8,107.4,3.8000000000000003
-28.116667,26.725278,20-05-2014,61.3,124.9,3.2
-25.20639,27.558,18-12-2013,73.8,104.6,3.9000000000000004
-24.39619444,27.08983333,18-12-2013,73.3,107.200005,3.9000000000000004
-28.116667,26.725278,02-07-2014,61.3,124.9,3.2
-24.69514,27.40906,18-12-2013,77.9,102.4,4.1000000000000005
-28.116667,26.725278,15-07-2014,36.100002,155.40001,1.9000000000000001
-27.602222,29.942778,18-12-2013,74.0,87.700005,3.7
-29.380556,30.2775,18-12-2013,100.3,47.5,2.7
-28.116667,26.725278,29-07-2014,36.100002,155.40001,1.9000000000000001
-28.116667,26.725278,18-08-2014,36.100002,155.40001,1.9000000000000001
-28.116667,26.725278,20-08-2014,36.100002,155.40001,1.9000000000000001
-26.648056,27.089444,18-12-2013,71.5,99.6,3.8000000000000003
-28.116667,26.725278,26-08-2014,36.100002,155.40001,1.9000000000000001
-26.970278,27.211111,18-12-2013,64.5,108.200005,3.4000000000000004
-28.116667,26.725278,09-09-2014,36.100002,155.40001,1.9000000000000001
-26.880278,26.965,18-12-2013,67.700005,106.0,3.6
-27.671111,27.236944,18-12-2013,48.8,129.6,2.6
-28.116667,26.725278,15-10-2014,36.100002,155.40001,1.9000000000000001
-24.058889,31.237222,19-12-2013,69.700005,82.6,3.7
-28.116667,26.725278,10-11-2014,36.100002,155.40001,1.9000000000000001
-28.116667,26.725278,24-11-2014,36.100002,155.40001,1.9000000000000001
-28.116667,26.725278,25-11-2014,36.100002,155.40001,1.9000000000000001
-22.43772222,31.07805556,22-12-2013,99.3,56.8,5.2
-28.116667,26.725278,05-01-2015,4.1,85.4,0.2
-25.99136,27.84208,23-12-2013,86.4,79.4,4.5
-26.970278,27.211111,23-12-2013,64.5,108.200005,3.4000000000000004
-26.880278,26.965,23-12-2013,67.700005,106.0,3.6
-25.45963889,28.26430556,23-12-2013,75.1,95.6,3.9000000000000004
-27.01011111,26.69808333,24-12-2013,66.1,114.9,3.5
-25.81048333,27.90955222,24-12-2013,83.1,85.8,4.4
-28.116667,26.725278,10-03-2015,13.2,203.1,0.7000000000000001
-25.73411,27.21422,24-12-2013,93.8,74.8,4.800000000000001
-26.648056,27.089444,24-12-2013,71.5,99.6,3.8000000000000003
-26.98472222,26.63227778,24-12-2013,69.0,111.4,3.6
-28.116667,26.725278,14-04-2015,13.2,203.1,0.7000000000000001
-28.116667,26.725278,15-04-2015,13.2,203.1,0.7000000000000001
-28.116667,26.725278,09-06-2015,13.2,203.1,0.7000000000000001
-28.116667,26.725278,24-06-2015,13.2,203.1,0.7000000000000001
-28.116667,26.725278,22-07-2015,13.2,203.1,0.7000000000000001
-28.116667,26.725278,12-08-2015,13.2,203.1,0.7000000000000001
-28.116667,26.725278,20-08-2015,13.2,203.1,0.7000000000000001
-28.116667,26.725278,08-09-2015,13.2,203.1,0.7000000000000001
-28.116667,26.725278,15-10-2015,13.2,203.1,0.7000000000000001
-28.116667,26.725278,03-11-2015,13.2,203.1,0.7000000000000001
-28.116667,26.725278,10-11-2015,13.2,203.1,0.7000000000000001
-29.161667,23.696389,25-12-2013,31.6,193.90001,1.7000000000000002
-28.96362,19.15486,28-12-2013,23.6,227.90001,1.2000000000000002
-28.1175,26.719444,30-12-2013,41.4,143.3,2.2
-29.161667,23.696389,01-01-2014,31.6,193.90001,1.7000000000000002
-29.140556,31.391944,01-01-2014,63.100002,94.0,3.3000000000000003
-28.747778,31.745833,01-01-2014,59.7,100.4,3.1
-25.99136,27.84208,06-01-2014,1.7,74.8,0.0
-26.45,28.085833,06-01-2014,1.7,75.1,0.0
-27.935,26.126667,06-01-2014,0.0,72.8,0.0
-28.141944,26.417778,06-01-2014,0.0,71.5,0.0
-28.1175,26.719444,06-01-2014,0.0,73.0,0.0
-28.116667,26.725278,06-01-2014,0.0,73.0,0.0
-27.169444,29.233889,07-01-2014,1.2,67.5,0.0
-26.861111,28.884722,07-01-2014,1.6,72.6,0.0
-27.273889,28.49,07-01-2014,1.0,71.4,0.0
-25.45963889,28.26430556,07-01-2014,0.7,83.8,0.0
-29.161667,23.696389,08-01-2014,5.6,106.1,0.30000000000000004
-27.01011111,26.69808333,08-01-2014,12.2,98.1,0.6000000000000001
-25.81048333,27.90955222,08-01-2014,4.1,106.8,0.2
-29.140556,31.391944,08-01-2014,50.9,41.8,2.6
-28.801278,31.955389,08-01-2014,49.9,43.4,2.4000000000000004
-28.75,30.442778,08-01-2014,2.8,96.200005,0.1
-28.404444,30.013056,08-01-2014,3.3,96.9,0.1
-29.744167,29.905833,08-01-2014,16.4,78.3,0.8
-29.161667,30.629722,08-01-2014,6.5,83.200005,0.30000000000000004
-27.00222,28.76528,08-01-2014,6.3,88.700005,0.30000000000000004
-27.02314,28.59389,08-01-2014,6.5,91.8,0.30000000000000004
-26.648056,27.089444,08-01-2014,13.0,95.5,0.7000000000000001
-26.970278,27.211111,08-01-2014,9.900001,100.0,0.5
-26.880278,26.965,08-01-2014,12.3,97.1,0.6000000000000001
-27.273889,28.49,08-01-2014,8.400001,85.700005,0.4
-27.4275,28.525833,08-01-2014,8.3,84.4,0.4
-27.3,28.586944,08-01-2014,8.2,86.0,0.4
-26.98472222,26.63227778,08-01-2014,12.8,98.3,0.7000000000000001
-27.044444,27.005,08-01-2014,11.8,96.8,0.6000000000000001
-28.69485,28.23487,08-01-2014,10.3,77.0,0.5
-29.615556,27.065278,08-01-2014,8.400001,86.3,0.4
-28.768056,20.720556,08-01-2014,2.5,121.3,0.1
-28.058889,30.373611,08-01-2014,3.4,94.4,0.1
-27.937778,31.209444,09-01-2014,23.1,104.200005,1.1
-27.5275,30.858056,09-01-2014,17.800001,104.200005,0.8
-30.679722,26.7125,09-01-2014,11.900001,112.9,0.6000000000000001
-30.160091,27.40124,09-01-2014,8.400001,116.5,0.4
-30.336111,27.359444,09-01-2014,10.8,113.8,0.6000000000000001
-27.671111,27.236944,10-01-2014,12.7,175.7,0.7000000000000001
-30.534167,24.961944,10-01-2014,5.7000003,184.0,0.30000000000000004
-29.380556,30.2775,13-01-2014,131.0,4.4,6.5
-26.73806,27.59194,13-01-2014,123.8,40.600002,6.5
-26.45,28.085833,13-01-2014,146.90001,12.8,7.7
-26.98472222,26.63227778,13-01-2014,88.8,89.4,4.7
-27.01011111,26.69808333,14-01-2014,87.3,92.700005,4.6000000000000005
-29.641944,30.6875,14-01-2014,128.6,11.900001,5.7
-25.127778,27.628889,14-01-2014,173.40001,0.0,9.3
-25.20639,27.558,14-01-2014,173.3,0.7,9.1
-24.69514,27.40906,14-01-2014,173.3,4.8,9.1
-25.73411,27.21422,14-01-2014,160.40001,5.3,8.4
-24.058889,31.237222,14-01-2014,137.5,0.0,10.200000000000001
-26.861111,28.884722,14-01-2014,148.8,7.3,7.800000000000001
-26.648056,27.089444,14-01-2014,113.200005,55.4,5.9
-26.970278,27.211111,14-01-2014,103.1,67.3,5.4
-26.880278,26.965,14-01-2014,99.700005,72.700005,5.2
-26.98472222,26.63227778,14-01-2014,88.8,89.4,4.7
-28.1175,26.719444,14-01-2014,61.3,124.9,3.2
-27.044444,27.005,14-01-2014,93.3,81.5,4.9
-31.396,29.2651,14-01-2014,133.3,0.0,7.0
-31.554722,29.245556,14-01-2014,123.6,0.0,7.5
-34.075556,20.145556,14-01-2014,2.3,179.40001,0.1
-28.338333,31.373611,14-01-2014,146.90001,0.0,40.1
-28.068333,31.55,14-01-2014,154.90001,0.0,16.3
-29.161667,23.696389,15-01-2014,22.5,198.7,1.2000000000000002
-24.39619444,27.08983333,15-01-2014,155.3,19.9,8.200000000000001
-30.568333,29.422778,15-01-2014,130.3,6.2000003,6.800000000000001
-30.570833,29.150556,15-01-2014,129.90001,8.1,6.800000000000001
-31.104278,29.399722,15-01-2014,132.6,0.0,7.1000000000000005
-22.769722,30.886944,16-01-2014,143.1,0.0,10.4
-28.44555556,32.325,12-03-2014,140.7,0.0,16.400000000000002
-27.935,26.126667,16-01-2014,51.9,142.90001,2.7
-28.141944,26.417778,16-01-2014,57.9,134.0,3.0
-30.86013889,29.07125,16-01-2014,126.700005,12.6,6.6000000000000005
-30.77586667,29.03221667,16-01-2014,126.9,13.400001,6.7
-23.838611,31.640833,17-01-2014,141.5,0.0,9.3
-27.902778,24.615556,17-01-2014,40.8,169.5,2.1
-31.031389,28.883333,17-01-2014,130.5,7.4,6.800000000000001
-29.042222,24.6,20-01-2014,29.5,189.6,1.6
-29.033333,23.983333,20-01-2014,26.2,191.1,1.4000000000000001
-28.760833,17.730278,21-01-2014,0.5,251.7,0.0
-24.670833,28.560833,21-01-2014,159.5,0.0,29.900000000000002
-28.141944,26.417778,21-01-2014,57.9,134.0,3.0
-28.1175,26.719444,21-01-2014,61.3,124.9,3.2
-29.028629,24.638389,21-01-2014,30.2,188.0,1.6
-29.1825,23.575556,21-01-2014,20.4,206.0,1.1
-34.031944,22.053333,21-01-2014,19.300001,134.6,1.0
-34.039722,22.133333,21-01-2014,20.800001,131.6,1.1
-25.57877778,29.12747222,21-01-2014,160.6,0.0,16.5
-29.161667,23.696389,22-01-2014,22.5,198.7,1.2000000000000002
-24.282222,28.090278,22-01-2014,157.3,0.0,11.0
-25.99136,27.84208,22-01-2014,160.1,0.0,8.9
-24.925278,29.324444,22-01-2014,161.90001,0.0,30.3
-27.363611,31.783333,22-01-2014,147.1,0.0,9.5
-27.602222,29.942778,22-01-2014,162.40001,0.0,9.3
-29.744167,29.905833,22-01-2014,141.6,0.0,7.7
-26.45,28.085833,22-01-2014,146.90001,12.8,7.7
-27.671111,27.236944,22-01-2014,76.4,101.5,4.0
-34.02861,22.22222,22-01-2014,23.6,125.6,1.2000000000000002
-34.405833,19.600556,22-01-2014,5.0,153.3,0.2
-27.01011111,26.69808333,23-01-2014,87.3,92.700005,4.6000000000000005
-26.905,32.324722,23-01-2014,144.2,3.2,7.6000000000000005
-27.169444,29.233889,23-01-2014,148.8,3.3,7.800000000000001
-27.00222,28.76528,23-01-2014,142.1,14.6,7.5
-26.648056,27.089444,23-01-2014,113.200005,55.4,5.9
-26.970278,27.211111,23-01-2014,103.1,67.3,5.4
-26.880278,26.965,23-01-2014,99.700005,72.700005,5.2
-27.38972222,26.46388889,23-01-2014,70.4,119.0,3.7
-26.98472222,26.63227778,23-01-2014,88.8,89.4,4.7
-27.398611,26.614722,23-01-2014,72.0,115.700005,3.8000000000000003
-25.45963889,28.26430556,23-01-2014,164.7,0.0,10.100000000000001
-33.897778,20.012778,23-01-2014,2.0,191.5,0.1
-25.81048333,27.90955222,24-01-2014,163.7,0.0,9.1
-29.803611,30.516111,26-01-2014,132.7,2.1000001,6.800000000000001
-30.733889,29.828333,27-01-2014,130.7,0.0,7.7
-26.45,28.085833,27-01-2014,146.90001,12.8,7.7
-29.160278,26.573333,27-01-2014,55.3,137.2,2.9000000000000004
-33.38056,19.30167,27-01-2014,4.0,191.7,0.1
-32.502778,19.535833,27-01-2014,0.6,233.2,0.0
-27.01011111,26.69808333,28-01-2014,87.3,92.700005,4.6000000000000005
-25.127778,27.628889,28-01-2014,173.40001,0.0,9.3
-24.69514,27.40906,28-01-2014,173.3,4.8,9.1
-25.73411,27.21422,28-01-2014,160.40001,5.3,8.4
-28.735556,29.820556,28-01-2014,132.3,27.1,5.5
-27.00222,28.76528,28-01-2014,142.1,14.6,7.5
-26.648056,27.089444,28-01-2014,113.200005,55.4,5.9
-26.970278,27.211111,28-01-2014,103.1,67.3,5.4
-26.880278,26.965,28-01-2014,99.700005,72.700005,5.2
-26.98472222,26.63227778,28-01-2014,88.8,89.4,4.7
-27.398611,26.614722,28-01-2014,72.0,115.700005,3.8000000000000003
-33.501667,21.624167,28-01-2014,8.900001,175.1,0.5
-32.595833,19.009444,28-01-2014,1.0,222.1,0.0
-25.20639,27.558,29-01-2014,173.3,0.7,9.1
-28.768056,20.720556,29-01-2014,3.3,256.9,0.2
-33.13083,18.86278,29-01-2014,3.9,209.0,0.1
-33.7075,18.97444444,29-01-2014,6.1,197.8,0.2
-32.94583,18.33667,29-01-2014,2.1000001,195.7,0.1
-30.13573889,30.67422222,30-01-2014,136.3,1.5,7.1000000000000005
-27.38972222,26.46388889,30-01-2014,70.4,119.0,3.7
-33.31388889,19.07472222,30-01-2014,4.6,204.8,0.1
-29.380556,30.2775,31-01-2014,131.0,4.4,6.5
-22.769722,30.886944,03-02-2014,143.1,0.0,10.4
-26.73806,27.59194,03-02-2014,123.8,40.600002,6.5
-26.45,28.085833,03-02-2014,146.90001,12.8,7.7
-33.08883333,19.21878333,03-02-2014,2.4,196.5,0.1
-28.747778,31.745833,04-02-2014,109.6,41.2,5.7
-27.398611,26.614722,04-02-2014,72.0,115.700005,3.8000000000000003
-25.45963889,28.26430556,04-02-2014,164.7,0.0,10.100000000000001
-27.495556,26.074722,04-02-2014,62.4,129.6,3.3000000000000003
-27.4,26.624722,04-02-2014,72.0,115.700005,3.8000000000000003
-28.760833,17.730278,05-02-2014,0.5,251.7,0.0
-29.161667,23.696389,05-02-2014,22.5,198.7,1.2000000000000002
-27.01011111,26.69808333,05-02-2014,87.3,92.700005,4.6000000000000005
-25.81048333,27.90955222,05-02-2014,163.7,0.0,9.1
-29.140556,31.391944,05-02-2014,107.200005,36.100002,5.6000000000000005
-28.801278,31.955389,05-02-2014,135.8,11.8,7.1000000000000005
-28.404444,30.013056,05-02-2014,134.40001,26.4,5.5
-29.744167,29.905833,05-02-2014,141.6,0.0,7.7
-26.970278,27.211111,05-02-2014,103.1,67.3,5.4
-26.880278,26.965,05-02-2014,99.700005,72.700005,5.2
-26.98472222,26.63227778,05-02-2014,88.8,89.4,4.7
-28.116667,26.725278,05-02-2014,61.3,124.9,3.2
-27.044444,27.005,05-02-2014,93.3,81.5,4.9
-29.033333,23.983333,05-02-2014,26.2,191.1,1.4000000000000001
-28.69485,28.23487,05-02-2014,104.5,52.8,4.6000000000000005
-27.937778,31.209444,06-02-2014,151.1,0.0,30.1
-30.160091,27.40124,06-02-2014,75.4,98.1,4.0
-30.336111,27.359444,06-02-2014,75.8,97.8,4.0
-30.830556,26.921389,07-02-2014,63.100002,114.5,3.3000000000000003
-27.671111,27.236944,07-02-2014,76.4,101.5,4.0
-29.658056,25.973333,07-02-2014,40.0,154.1,2.1
-30.679722,26.7125,07-02-2014,58.2,125.200005,3.1
-29.641944,30.6875,08-02-2014,128.6,11.900001,5.7
-26.648056,27.089444,10-02-2014,113.200005,55.4,5.9
-26.98472222,26.63227778,10-02-2014,88.8,89.4,4.7
-31.396,29.2651,10-02-2014,133.3,0.0,7.0
-31.554722,29.245556,10-02-2014,123.6,0.0,7.5
-27.01011111,26.69808333,11-02-2014,87.3,92.700005,4.6000000000000005
-25.127778,27.628889,11-02-2014,173.40001,0.0,9.3
-25.20639,27.558,11-02-2014,173.3,0.7,9.1
-24.69514,27.40906,11-02-2014,173.3,4.8,9.1
-26.970278,27.211111,11-02-2014,103.1,67.3,5.4
-26.880278,26.965,11-02-2014,99.700005,72.700005,5.2
-27.802778,28.768333,11-02-2014,141.7,12.2,6.4
-26.98472222,26.63227778,11-02-2014,88.8,89.4,4.7
-27.935,26.126667,11-02-2014,51.9,142.90001,2.7
-28.116667,26.725278,11-02-2014,61.3,124.9,3.2
-27.044444,27.005,11-02-2014,93.3,81.5,4.9
-29.160278,26.573333,11-02-2014,55.3,137.2,2.9000000000000004
-28.883333,27.89,11-02-2014,104.9,56.4,4.5
-30.568333,29.422778,11-02-2014,130.3,6.2000003,6.800000000000001
-30.570833,29.150556,11-02-2014,129.90001,8.1,6.800000000000001
-31.104278,29.399722,11-02-2014,132.6,0.0,7.1000000000000005
-28.338333,31.373611,11-02-2014,146.90001,0.0,40.1
-28.068333,31.55,11-02-2014,154.90001,0.0,16.3
-29.161667,23.696389,12-02-2014,22.5,198.7,1.2000000000000002
-24.39619444,27.08983333,12-02-2014,155.3,19.9,8.200000000000001
-23.658056,31.05,12-02-2014,139.0,0.0,8.6
-23.281,30.54305556,12-02-2014,140.40001,0.0,8.700000000000001
-24.058889,31.237222,12-02-2014,137.5,0.0,10.200000000000001
-28.75,30.442778,12-02-2014,131.40001,30.6,5.4
-29.161667,30.629722,12-02-2014,130.3,7.8,6.2
-26.45,28.085833,12-02-2014,146.90001,12.8,7.7
-27.044444,27.005,12-02-2014,93.3,81.5,4.9
-29.615556,27.065278,12-02-2014,67.700005,113.1,3.6
-31.031389,28.883333,12-02-2014,130.5,7.4,6.800000000000001
-30.86013889,29.07125,12-02-2014,126.700005,12.6,6.6000000000000005
-30.570833,29.150556,12-02-2014,129.90001,8.1,6.800000000000001
-30.77586667,29.03221667,12-02-2014,126.9,13.400001,6.7
-32.94583,18.33667,12-02-2014,2.1000001,195.7,0.1
-28.44555556,32.325,09-04-2014,140.7,0.0,16.400000000000002
-27.4275,28.525833,13-02-2014,133.6,24.300001,6.5
-34.031944,22.053333,13-02-2014,19.300001,134.6,1.0
-34.329722,18.990278,13-02-2014,8.3,149.3,0.2
-33.13083,18.86278,13-02-2014,3.9,209.0,0.1
-33.897778,20.012778,13-02-2014,2.0,191.5,0.1
-24.679167,30.8025,14-02-2014,133.7,0.0,129.0
-27.935,26.126667,14-02-2014,51.9,142.90001,2.7
-34.039722,22.133333,14-02-2014,20.800001,131.6,1.1
-34.02861,22.22222,14-02-2014,23.6,125.6,1.2000000000000002
-25.99136,27.84208,17-02-2014,160.1,0.0,8.9
-28.735556,29.820556,17-02-2014,132.3,27.1,5.5
-26.648056,27.089444,17-02-2014,113.200005,55.4,5.9
-27.935,26.126667,17-02-2014,51.9,142.90001,2.7
-28.1175,26.719444,17-02-2014,61.3,124.9,3.2
-28.116667,26.725278,17-02-2014,61.3,124.9,3.2
-29.042222,24.6,17-02-2014,29.5,189.6,1.6
-29.033333,23.983333,17-02-2014,26.2,191.1,1.4000000000000001
-33.818056,19.694722,17-02-2014,3.3,196.8,0.1
-33.08883333,19.21878333,17-02-2014,2.4,196.5,0.1
-27.01011111,26.69808333,18-02-2014,87.3,92.700005,4.6000000000000005
-27.602222,29.942778,18-02-2014,162.40001,0.0,9.3
-26.970278,27.211111,18-02-2014,103.1,67.3,5.4
-26.880278,26.965,18-02-2014,99.700005,72.700005,5.2
-26.98472222,26.63227778,18-02-2014,88.8,89.4,4.7
-29.160278,26.573333,18-02-2014,55.3,137.2,2.9000000000000004
-29.028629,24.638389,18-02-2014,30.2,188.0,1.6
-34.075556,20.145556,18-02-2014,2.3,179.40001,0.1
-32.595833,19.009444,18-02-2014,1.0,222.1,0.0
-25.45963889,28.26430556,18-02-2014,164.7,0.0,10.100000000000001
-27.495556,26.074722,18-02-2014,62.4,129.6,3.3000000000000003
-29.161667,23.696389,19-02-2014,22.5,198.7,1.2000000000000002
-25.81048333,27.90955222,19-02-2014,163.7,0.0,9.1
-26.905,32.324722,19-02-2014,144.2,3.2,7.6000000000000005
-29.744167,29.905833,19-02-2014,141.6,0.0,7.7
-27.169444,29.233889,19-02-2014,148.8,3.3,7.800000000000001
-27.00222,28.76528,19-02-2014,142.1,14.6,7.5
-26.73806,27.59194,19-02-2014,123.8,40.600002,6.5
-26.45,28.085833,19-02-2014,146.90001,12.8,7.7
-29.033333,23.983333,19-02-2014,26.2,191.1,1.4000000000000001
-28.69485,28.23487,19-02-2014,104.5,52.8,4.6000000000000005
-28.883333,27.89,19-02-2014,104.9,56.4,4.5
-33.7075,18.97444444,19-02-2014,6.1,197.8,0.2
-25.57877778,29.12747222,19-02-2014,160.6,0.0,16.5
-30.830556,26.921389,20-02-2014,63.100002,114.5,3.3000000000000003
-28.1175,26.719444,20-02-2014,61.3,124.9,3.2
-29.658056,25.973333,20-02-2014,40.0,154.1,2.1
-30.679722,26.7125,20-02-2014,58.2,125.200005,3.1
-30.160091,27.40124,20-02-2014,75.4,98.1,4.0
-30.336111,27.359444,20-02-2014,75.8,97.8,4.0
-33.31388889,19.07472222,20-02-2014,4.6,204.8,0.1
-24.925278,29.324444,21-02-2014,161.90001,0.0,30.3
-30.534167,24.961944,21-02-2014,25.2,185.5,1.3
-29.7775,29.470833,24-02-2014,137.8,0.0,31.700000000000003
-29.744167,29.905833,24-02-2014,141.6,0.0,7.7
-26.45,28.085833,24-02-2014,146.90001,12.8,7.7
-27.935,26.126667,24-02-2014,51.9,142.90001,2.7
-28.1175,26.719444,24-02-2014,61.3,124.9,3.2
-28.116667,26.725278,24-02-2014,61.3,124.9,3.2
-29.160278,26.573333,24-02-2014,55.3,137.2,2.9000000000000004
-27.01011111,26.69808333,25-02-2014,87.3,92.700005,4.6000000000000005
-25.127778,27.628889,25-02-2014,173.40001,0.0,9.3
-24.39619444,27.08983333,25-02-2014,155.3,19.9,8.200000000000001
-24.69514,27.40906,25-02-2014,173.3,4.8,9.1
-27.5275,30.858056,25-02-2014,145.8,0.0,114.7
-30.733889,29.828333,25-02-2014,130.7,0.0,7.7
-29.987778,29.851667,25-02-2014,135.40001,0.0,7.9
-29.380556,30.2775,25-02-2014,131.0,4.4,6.5
-26.861111,28.884722,25-02-2014,148.8,7.3,7.800000000000001
-26.970278,27.211111,25-02-2014,103.1,67.3,5.4
-26.880278,26.965,25-02-2014,99.700005,72.700005,5.2
-26.98472222,26.63227778,25-02-2014,88.8,89.4,4.7
-27.044444,27.005,25-02-2014,93.3,81.5,4.9
-33.501667,21.624167,25-02-2014,8.900001,175.1,0.5
-28.058889,30.373611,25-02-2014,151.5,4.2000003,7.6000000000000005
-29.161667,23.696389,26-02-2014,22.5,198.7,1.2000000000000002
-25.20639,27.558,26-02-2014,173.3,0.7,9.1
-25.73411,27.21422,26-02-2014,160.40001,5.3,8.4
-26.648056,27.089444,26-02-2014,113.200005,55.4,5.9
-28.116667,26.725278,26-02-2014,61.3,124.9,3.2
-27.671111,27.236944,26-02-2014,76.4,101.5,4.0
-28.768056,20.720556,26-02-2014,3.3,256.9,0.2
-27.356667,27.286389,26-02-2014,87.3,90.0,4.6000000000000005
-30.13573889,30.67422222,27-02-2014,136.3,1.5,7.1000000000000005
-30.398056,30.601944,27-02-2014,135.7,0.0,8.0
-27.902778,24.615556,28-02-2014,40.8,169.5,2.1
-29.803611,30.516111,28-02-2014,132.7,2.1000001,6.800000000000001
-26.73806,27.59194,03-03-2014,123.8,40.600002,6.5
-26.45,28.085833,03-03-2014,146.90001,12.8,7.7
-27.935,26.126667,03-03-2014,51.9,142.90001,2.7
-28.116667,26.725278,03-03-2014,61.3,124.9,3.2
-32.502778,19.535833,03-03-2014,0.6,233.2,0.0
-27.356667,27.286389,03-03-2014,87.3,90.0,4.6000000000000005
-25.81048333,27.90955222,04-03-2014,163.7,0.0,9.1
-26.861111,28.884722,04-03-2014,148.8,7.3,7.800000000000001
-27.02314,28.59389,04-03-2014,138.40001,19.800001,7.300000000000001
-27.398611,26.614722,04-03-2014,72.0,115.700005,3.8000000000000003
-27.671111,27.236944,04-03-2014,76.4,101.5,4.0
-34.039722,22.133333,04-03-2014,20.800001,131.6,1.1
-27.495556,26.074722,04-03-2014,62.4,129.6,3.3000000000000003
-27.4,26.624722,04-03-2014,72.0,115.700005,3.8000000000000003
-29.161667,23.696389,05-03-2014,22.5,198.7,1.2000000000000002
-27.01011111,26.69808333,05-03-2014,87.3,92.700005,4.6000000000000005
-29.140556,31.391944,05-03-2014,107.200005,36.100002,5.6000000000000005
-29.744167,29.905833,05-03-2014,141.6,0.0,7.7
-26.880278,26.965,05-03-2014,99.700005,72.700005,5.2
-26.98472222,26.63227778,05-03-2014,88.8,89.4,4.7
-27.671111,27.236944,05-03-2014,76.4,101.5,4.0
-29.033333,23.983333,05-03-2014,26.2,191.1,1.4000000000000001
-34.02861,22.22222,05-03-2014,23.6,125.6,1.2000000000000002
-33.13083,18.86278,05-03-2014,3.9,209.0,0.1
-25.45963889,28.26430556,05-03-2014,164.7,0.0,10.100000000000001
-22.769722,30.886944,06-03-2014,143.1,0.0,10.4
-27.937778,31.209444,06-03-2014,151.1,0.0,30.1
-26.648056,27.089444,06-03-2014,113.200005,55.4,5.9
-26.970278,27.211111,06-03-2014,103.1,67.3,5.4
-27.398611,26.614722,06-03-2014,72.0,115.700005,3.8000000000000003
-27.044444,27.005,06-03-2014,93.3,81.5,4.9
-29.651389,22.746389,06-03-2014,10.8,237.40001,0.6000000000000001
-29.1825,23.575556,06-03-2014,20.4,206.0,1.1
-34.031944,22.053333,06-03-2014,19.300001,134.6,1.0
-33.7075,18.97444444,06-03-2014,6.1,197.8,0.2
-32.94583,18.33667,06-03-2014,2.1000001,195.7,0.1
-28.058889,30.373611,06-03-2014,151.5,4.2000003,7.6000000000000005
-28.404444,30.013056,07-03-2014,134.40001,26.4,5.5
-28.116667,26.725278,07-03-2014,61.3,124.9,3.2
-29.651389,22.746389,07-03-2014,10.8,237.40001,0.6000000000000001
-34.005833,22.351111,07-03-2014,27.9,118.1,1.5
-29.380556,30.2775,08-03-2014,131.0,4.4,6.5
-26.45,28.085833,10-03-2014,146.90001,12.8,7.7
-26.98472222,26.63227778,10-03-2014,88.8,89.4,4.7
-28.1175,26.719444,10-03-2014,61.3,124.9,3.2
-31.396,29.2651,10-03-2014,133.3,0.0,7.0
-31.554722,29.245556,10-03-2014,123.6,0.0,7.5
-27.01011111,26.69808333,11-03-2014,87.3,92.700005,4.6000000000000005
-24.183889,30.823889,11-03-2014,139.7,0.0,11.8
-26.861111,28.884722,11-03-2014,148.8,7.3,7.800000000000001
-26.648056,27.089444,11-03-2014,113.200005,55.4,5.9
-26.970278,27.211111,11-03-2014,103.1,67.3,5.4
-26.880278,26.965,11-03-2014,99.700005,72.700005,5.2
-26.98472222,26.63227778,11-03-2014,88.8,89.4,4.7
-27.902778,24.615556,02-08-2012,46.0,183.7,2.4000000000000004
-27.044444,27.005,11-03-2014,93.3,81.5,4.9
-30.568333,29.422778,11-03-2014,130.3,6.2000003,6.800000000000001
-30.570833,29.150556,11-03-2014,129.90001,8.1,6.800000000000001
-31.104278,29.399722,11-03-2014,132.6,0.0,7.1000000000000005
-34.092222,21.295278,11-03-2014,10.900001,157.90001,0.6000000000000001
-29.161667,23.696389,12-03-2014,22.5,198.7,1.2000000000000002
-28.7115,24.07288889,12-03-2014,27.800001,188.5,1.5
-29.641944,30.6875,12-03-2014,128.6,11.900001,5.7
-27.902778,24.615556,20-06-2013,89.200005,109.200005,4.7
-24.034167,31.123611,12-03-2014,137.8,0.0,10.9
-28.44555556,32.325,07-05-2014,140.7,0.0,16.400000000000002
-28.75,30.442778,12-03-2014,131.40001,30.6,5.4
-29.161667,30.629722,12-03-2014,130.3,7.8,6.2
-27.02314,28.59389,12-03-2014,138.40001,19.800001,7.300000000000001
-27.273889,28.49,12-03-2014,129.2,29.6,6.7
-27.4275,28.525833,12-03-2014,133.6,24.300001,6.5
-27.3,28.586944,12-03-2014,131.90001,26.1,6.800000000000001
-27.902778,24.615556,02-01-2014,79.1,73.3,4.2
-27.935,26.126667,12-03-2014,51.9,142.90001,2.7
-28.141944,26.417778,12-03-2014,57.9,134.0,3.0
-29.651389,22.746389,12-03-2014,10.8,237.40001,0.6000000000000001
-31.031389,28.883333,12-03-2014,130.5,7.4,6.800000000000001
-30.86013889,29.07125,12-03-2014,126.700005,12.6,6.6000000000000005
-30.77586667,29.03221667,12-03-2014,126.9,13.400001,6.7
-27.902778,24.615556,23-05-2014,40.8,169.5,2.1
-28.338333,31.373611,12-03-2014,146.90001,0.0,40.1
-28.068333,31.55,12-03-2014,154.90001,0.0,16.3
-24.679167,30.8025,13-03-2014,133.7,0.0,129.0
-25.20639,27.558,13-03-2014,173.3,0.7,9.1
-27.573056,24.746389,13-03-2014,47.4,164.5,2.5
-31.394444,20.947222,13-03-2014,1.9,238.40001,0.1
-33.08883333,19.21878333,13-03-2014,2.4,196.5,0.1
-33.897778,20.012778,13-03-2014,2.0,191.5,0.1
-27.902778,24.615556,14-03-2014,40.8,169.5,2.1
-27.573056,24.746389,15-03-2014,47.4,164.5,2.5
-28.96362,19.15486,15-03-2014,0.90000004,261.1,0.0
-27.902778,24.615556,21-11-2014,37.100002,186.6,2.0
-25.99136,27.84208,17-03-2014,160.1,0.0,8.9
-28.735556,29.820556,17-03-2014,132.3,27.1,5.5
-26.73806,27.59194,17-03-2014,123.8,40.600002,6.5
-27.935,26.126667,17-03-2014,51.9,142.90001,2.7
-28.1175,26.719444,17-03-2014,61.3,124.9,3.2
-28.116667,26.725278,17-03-2014,61.3,124.9,3.2
-29.042222,24.6,17-03-2014,29.5,189.6,1.6
-29.033333,23.983333,17-03-2014,26.2,191.1,1.4000000000000001
-23.658056,31.05,18-03-2014,139.0,0.0,8.6
-23.281,30.54305556,18-03-2014,140.40001,0.0,8.700000000000001
-27.169444,29.233889,18-03-2014,148.8,3.3,7.800000000000001
-26.861111,28.884722,18-03-2014,148.8,7.3,7.800000000000001
-26.98472222,26.63227778,18-03-2014,88.8,89.4,4.7
-29.028629,24.638389,18-03-2014,30.2,188.0,1.6
-33.38056,19.30167,18-03-2014,4.0,191.7,0.1
-33.31388889,19.07472222,18-03-2014,4.6,204.8,0.1
-25.45963889,28.26430556,18-03-2014,164.7,0.0,10.100000000000001
-27.495556,26.074722,18-03-2014,62.4,129.6,3.3000000000000003
-25.447222,30.711667,18-03-2014,140.3,0.0,14.700000000000001
-29.161667,23.696389,19-03-2014,22.5,198.7,1.2000000000000002
-27.01011111,26.69808333,19-03-2014,87.3,92.700005,4.6000000000000005
-25.81048333,27.90955222,19-03-2014,163.7,0.0,9.1
-27.363611,31.783333,19-03-2014,147.1,0.0,9.5
-26.648056,27.089444,19-03-2014,113.200005,55.4,5.9
-26.970278,27.211111,19-03-2014,103.1,67.3,5.4
-26.880278,26.965,19-03-2014,99.700005,72.700005,5.2
-27.044444,27.005,19-03-2014,93.3,81.5,4.9
-27.573056,24.746389,19-03-2014,47.4,164.5,2.5
-29.033333,23.983333,19-03-2014,26.2,191.1,1.4000000000000001
-28.376944,24.303056,29-09-2011,44.3,176.5,2.3000000000000003
-28.376944,24.303056,20-11-2011,44.3,176.5,2.3000000000000003
-28.376944,24.303056,08-12-2011,44.3,176.5,2.3000000000000003
-32.595833,19.009444,19-03-2014,1.0,222.1,0.0
-28.376944,24.303056,19-01-2012,96.9,107.4,5.1000000000000005
-26.03611,30.99778,20-03-2014,148.1,0.0,91.30000000000001
-27.602222,29.942778,20-03-2014,162.40001,0.0,9.3
-29.744167,29.905833,20-03-2014,141.6,0.0,7.7
-28.376944,24.303056,05-07-2012,96.9,107.4,5.1000000000000005
-28.376944,24.303056,11-07-2012,44.4,187.40001,2.3000000000000003
-29.7775,29.470833,24-03-2014,137.8,0.0,31.700000000000003
-28.376944,24.303056,16-08-2012,44.4,187.40001,2.3000000000000003
-28.376944,24.303056,30-08-2012,44.4,187.40001,2.3000000000000003
-28.376944,24.303056,27-09-2012,44.4,187.40001,2.3000000000000003
-28.376944,24.303056,17-01-2013,82.6,118.3,4.3
-28.376944,24.303056,28-02-2013,82.6,118.3,4.3
-29.987778,29.851667,24-03-2014,135.40001,0.0,7.9
-28.376944,24.303056,14-03-2013,82.6,118.3,4.3
-28.376944,24.303056,11-04-2013,82.6,118.3,4.3
-28.376944,24.303056,25-04-2013,82.6,118.3,4.3
-28.376944,24.303056,09-05-2013,82.6,118.3,4.3
-28.376944,24.303056,20-06-2013,82.6,118.3,4.3
-28.376944,24.303056,04-07-2013,82.6,118.3,4.3
-28.376944,24.303056,18-07-2013,50.600002,164.2,2.7
-28.376944,24.303056,01-08-2013,50.600002,164.2,2.7
-28.376944,24.303056,15-08-2013,50.600002,164.2,2.7
-28.376944,24.303056,29-08-2013,50.600002,164.2,2.7
-28.376944,24.303056,12-09-2013,50.600002,164.2,2.7
-28.376944,24.303056,26-09-2013,50.600002,164.2,2.7
-28.376944,24.303056,10-10-2013,50.600002,164.2,2.7
-28.376944,24.303056,24-10-2013,50.600002,164.2,2.7
-28.376944,24.303056,07-11-2013,50.600002,164.2,2.7
-28.376944,24.303056,21-11-2013,50.600002,164.2,2.7
-28.376944,24.303056,02-01-2014,74.5,80.1,3.9000000000000004
-28.376944,24.303056,16-01-2014,33.4,179.3,1.8
-28.376944,24.303056,30-01-2014,33.4,179.3,1.8
-28.376944,24.303056,27-02-2014,33.4,179.3,1.8
-29.744167,29.905833,24-03-2014,141.6,0.0,7.7
-26.45,28.085833,24-03-2014,146.90001,12.8,7.7
-27.935,26.126667,24-03-2014,51.9,142.90001,2.7
-28.141944,26.417778,24-03-2014,57.9,134.0,3.0
-28.376944,24.303056,05-06-2014,33.4,179.3,1.8
-28.1175,26.719444,24-03-2014,61.3,124.9,3.2
-22.225556,29.990556,25-03-2014,109.3,42.100002,5.800000000000001
-25.127778,27.628889,25-03-2014,173.40001,0.0,9.3
-24.39619444,27.08983333,25-03-2014,155.3,19.9,8.200000000000001
-24.69514,27.40906,25-03-2014,173.3,4.8,9.1
-28.376944,24.303056,23-10-2014,34.0,191.6,1.8
-30.733889,29.828333,25-03-2014,130.7,0.0,7.7
-26.861111,28.884722,25-03-2014,148.8,7.3,7.800000000000001
-28.116667,26.725278,25-03-2014,61.3,124.9,3.2
-29.160278,26.573333,25-03-2014,55.3,137.2,2.9000000000000004
-28.69485,28.23487,25-03-2014,104.5,52.8,4.6000000000000005
-29.615556,27.065278,25-03-2014,67.700005,113.1,3.6
-28.883333,27.89,25-03-2014,104.9,56.4,4.5
-33.501667,21.624167,25-03-2014,8.900001,175.1,0.5
-29.161667,23.696389,26-03-2014,22.5,198.7,1.2000000000000002
-27.01011111,26.69808333,26-03-2014,87.3,92.700005,4.6000000000000005
-22.935,28.004167,26-03-2014,117.0,44.5,6.2
-25.20639,27.558,26-03-2014,173.3,0.7,9.1
-28.376944,24.303056,16-07-2015,8.5,222.2,0.4
-28.376944,24.303056,30-07-2015,8.5,222.2,0.4
-28.376944,24.303056,13-08-2015,8.5,222.2,0.4
-28.376944,24.303056,24-09-2015,8.5,222.2,0.4
-28.376944,24.303056,08-10-2015,8.5,222.2,0.4
-28.376944,24.303056,22-10-2015,8.5,222.2,0.4
-28.376944,24.303056,05-11-2015,8.5,222.2,0.4
-28.376944,24.303056,19-11-2015,8.5,222.2,0.4
-28.376944,24.303056,03-12-2015,8.5,222.2,0.4
-28.376944,24.303056,31-12-2015,8.5,222.2,0.4
-30.398056,30.601944,26-03-2014,135.7,0.0,8.0
-26.648056,27.089444,26-03-2014,113.200005,55.4,5.9
-26.970278,27.211111,26-03-2014,103.1,67.3,5.4
-26.880278,26.965,26-03-2014,99.700005,72.700005,5.2
-26.98472222,26.63227778,26-03-2014,88.8,89.4,4.7
-27.671111,27.236944,26-03-2014,76.4,101.5,4.0
-27.044444,27.005,26-03-2014,93.3,81.5,4.9
-30.160091,27.40124,26-03-2014,75.4,98.1,4.0
-30.336111,27.359444,26-03-2014,75.8,97.8,4.0
-22.935,28.004167,27-03-2014,117.0,44.5,6.2
-30.830556,26.921389,27-03-2014,63.100002,114.5,3.3000000000000003
-22.548889,28.898056,27-03-2014,121.1,33.600002,6.4
-22.91028,29.61111,27-03-2014,142.5,0.0,9.4
-30.13573889,30.67422222,27-03-2014,136.3,1.5,7.1000000000000005
-27.38972222,26.46388889,27-03-2014,70.4,119.0,3.7
-27.398611,26.614722,27-03-2014,72.0,115.700005,3.8000000000000003
-27.902778,24.615556,27-03-2014,40.8,169.5,2.1
-29.658056,25.973333,27-03-2014,40.0,154.1,2.1
-31.000833,26.353056,27-03-2014,47.7,132.3,2.5
-30.679722,26.7125,27-03-2014,58.2,125.200005,3.1
-30.534167,24.961944,27-03-2014,25.2,185.5,1.3
-27.356667,27.286389,27-03-2014,87.3,90.0,4.6000000000000005
-22.548889,28.898056,28-03-2014,121.1,33.600002,6.4
-29.160278,26.573333,28-03-2014,55.3,137.2,2.9000000000000004
-29.803611,30.516111,28-03-2014,132.7,2.1000001,6.800000000000001
-25.99136,27.84208,31-03-2014,160.1,0.0,8.9
-25.513889,31.224444,31-03-2014,139.0,0.0,36.1
-33.818056,19.694722,31-03-2014,3.3,196.8,0.1
-32.502778,19.535833,31-03-2014,0.6,233.2,0.0
-25.681111,31.783333,01-04-2014,135.7,0.0,10.600000000000001
-27.935,26.126667,01-04-2014,51.9,142.90001,2.7
-28.1175,26.719444,01-04-2014,61.3,124.9,3.2
-28.116667,26.725278,01-04-2014,61.3,124.9,3.2
-27.671111,27.236944,01-04-2014,76.4,101.5,4.0
-34.075556,20.145556,01-04-2014,2.3,179.40001,0.1
-29.161667,23.696389,02-04-2014,22.5,198.7,1.2000000000000002
-25.81048333,27.90955222,02-04-2014,163.7,0.0,9.1
-22.935,28.004167,02-04-2014,117.0,44.5,6.2
-24.768889,31.39,02-04-2014,134.1,0.0,12.200000000000001
-24.9675,31.516667,02-04-2014,136.40001,0.0,11.4
-28.801278,31.955389,02-04-2014,135.8,11.8,7.1000000000000005
-29.744167,29.905833,02-04-2014,141.6,0.0,7.7
-27.4275,28.525833,02-04-2014,133.6,24.300001,6.5
-27.398611,26.614722,02-04-2014,72.0,115.700005,3.8000000000000003
-27.671111,27.236944,02-04-2014,76.4,101.5,4.0
-29.033333,23.983333,02-04-2014,26.2,191.1,1.4000000000000001
-28.768056,20.720556,02-04-2014,3.3,256.9,0.2
-34.031944,22.053333,02-04-2014,19.300001,134.6,1.0
-34.039722,22.133333,02-04-2014,20.800001,131.6,1.1
-33.7075,18.97444444,02-04-2014,6.1,197.8,0.2
-28.058889,30.373611,02-04-2014,151.5,4.2000003,7.6000000000000005
-27.495556,26.074722,02-04-2014,62.4,129.6,3.3000000000000003
-27.4,26.624722,02-04-2014,72.0,115.700005,3.8000000000000003
-27.01011111,26.69808333,03-04-2014,87.3,92.700005,4.6000000000000005
-22.91028,29.61111,03-04-2014,142.5,0.0,9.4
-23.658056,31.05,03-04-2014,139.0,0.0,8.6
-23.281,30.54305556,03-04-2014,140.40001,0.0,8.700000000000001
-24.99328,30.81444,03-04-2014,123.5,0.0,102.30000000000001
-27.937778,31.209444,03-04-2014,151.1,0.0,30.1
-27.5275,30.858056,03-04-2014,145.8,0.0,114.7
-26.648056,27.089444,03-04-2014,113.200005,55.4,5.9
-26.970278,27.211111,03-04-2014,103.1,67.3,5.4
-26.880278,26.965,03-04-2014,99.700005,72.700005,5.2
-26.98472222,26.63227778,03-04-2014,88.8,89.4,4.7
-27.044444,27.005,03-04-2014,93.3,81.5,4.9
-33.13083,18.86278,03-04-2014,3.9,209.0,0.1
-28.404444,30.013056,04-04-2014,134.40001,26.4,5.5
-28.116667,26.725278,04-04-2014,61.3,124.9,3.2
-28.735556,29.820556,07-04-2014,132.3,27.1,5.5
-26.73806,27.59194,07-04-2014,123.8,40.600002,6.5
-26.45,28.085833,07-04-2014,146.90001,12.8,7.7
-26.98472222,26.63227778,07-04-2014,88.8,89.4,4.7
-27.935,26.126667,07-04-2014,51.9,142.90001,2.7
-28.141944,26.417778,07-04-2014,57.9,134.0,3.0
-28.1175,26.719444,07-04-2014,61.3,124.9,3.2
-28.116667,26.725278,07-04-2014,61.3,124.9,3.2
-29.042222,24.6,07-04-2014,29.5,189.6,1.6
-29.028629,24.638389,07-04-2014,30.2,188.0,1.6
-29.033333,23.983333,07-04-2014,26.2,191.1,1.4000000000000001
-31.554722,29.245556,07-04-2014,123.6,0.0,7.5
-27.01011111,26.69808333,08-04-2014,87.3,92.700005,4.6000000000000005
-34.065833,20.404167,08-04-2014,3.0,175.0,0.2
-25.127778,27.628889,08-04-2014,173.40001,0.0,9.3
-25.20639,27.558,08-04-2014,173.3,0.7,9.1
-24.69514,27.40906,08-04-2014,173.3,4.8,9.1
-22.769722,30.886944,08-04-2014,143.1,0.0,10.4
-27.169444,29.233889,08-04-2014,148.8,3.3,7.800000000000001
-26.861111,28.884722,08-04-2014,148.8,7.3,7.800000000000001
-26.648056,27.089444,08-04-2014,113.200005,55.4,5.9
-26.970278,27.211111,08-04-2014,103.1,67.3,5.4
-26.880278,26.965,08-04-2014,99.700005,72.700005,5.2
-26.98472222,26.63227778,08-04-2014,88.8,89.4,4.7
-30.570833,29.150556,08-04-2014,129.90001,8.1,6.800000000000001
-33.31388889,19.07472222,08-04-2014,4.6,204.8,0.1
-28.338333,31.373611,08-04-2014,146.90001,0.0,40.1
-29.658056,25.973333,27-09-2011,43.5,158.1,2.3000000000000003
-28.068333,31.55,08-04-2014,154.90001,0.0,16.3
-28.308889,31.9025,08-04-2014,150.3,0.0,15.9
-25.57877778,29.12747222,08-04-2014,160.6,0.0,16.5
-29.641944,30.6875,09-04-2014,128.6,11.900001,5.7
-25.73411,27.21422,09-04-2014,160.40001,5.3,8.4
-28.44555556,32.325,04-06-2014,140.7,0.0,16.400000000000002
-28.75,30.442778,09-04-2014,131.40001,30.6,5.4
-29.161667,30.629722,09-04-2014,130.3,7.8,6.2
-27.00222,28.76528,09-04-2014,142.1,14.6,7.5
-27.02314,28.59389,09-04-2014,138.40001,19.800001,7.300000000000001
-27.273889,28.49,09-04-2014,129.2,29.6,6.7
-27.4275,28.525833,09-04-2014,133.6,24.300001,6.5
-27.3,28.586944,09-04-2014,131.90001,26.1,6.800000000000001
-30.568333,29.422778,09-04-2014,130.3,6.2000003,6.800000000000001
-31.031389,28.883333,09-04-2014,130.5,7.4,6.800000000000001
-30.86013889,29.07125,09-04-2014,126.700005,12.6,6.6000000000000005
-30.77586667,29.03221667,09-04-2014,126.9,13.400001,6.7
-32.595833,19.009444,09-04-2014,1.0,222.1,0.0
-28.376944,24.303056,10-04-2014,33.4,179.3,1.8
-34.092222,21.295278,10-04-2014,10.900001,157.90001,0.6000000000000001
-34.329722,18.990278,10-04-2014,8.3,149.3,0.2
-33.897778,20.012778,10-04-2014,2.0,191.5,0.1
-27.902778,24.615556,11-04-2014,40.8,169.5,2.1
-24.679167,30.8025,14-04-2014,133.7,0.0,129.0
-25.99136,27.84208,14-04-2014,160.1,0.0,8.9
-26.73806,27.59194,14-04-2014,123.8,40.600002,6.5
-28.1175,26.719444,14-04-2014,61.3,124.9,3.2
-28.116667,26.725278,14-04-2014,61.3,124.9,3.2
-33.08883333,19.21878333,14-04-2014,2.4,196.5,0.1
-24.183889,30.823889,15-04-2014,139.7,0.0,11.8
-27.169444,29.233889,15-04-2014,148.8,3.3,7.800000000000001
-26.861111,28.884722,15-04-2014,148.8,7.3,7.800000000000001
-27.00222,28.76528,15-04-2014,142.1,14.6,7.5
-27.4275,28.525833,15-04-2014,133.6,24.300001,6.5
-26.98472222,26.63227778,15-04-2014,88.8,89.4,4.7
-27.935,26.126667,15-04-2014,51.9,142.90001,2.7
-29.160278,26.573333,15-04-2014,55.3,137.2,2.9000000000000004
-29.033333,23.983333,15-04-2014,26.2,191.1,1.4000000000000001
-25.45963889,28.26430556,15-04-2014,164.7,0.0,10.100000000000001
-29.161667,23.696389,16-04-2014,22.5,198.7,1.2000000000000002
-28.7115,24.07288889,16-04-2014,27.800001,188.5,1.5
-27.01011111,26.69808333,16-04-2014,87.3,92.700005,4.6000000000000005
-25.81048333,27.90955222,16-04-2014,163.7,0.0,9.1
-26.905,32.324722,16-04-2014,144.2,3.2,7.6000000000000005
-27.602222,29.942778,16-04-2014,162.40001,0.0,9.3
-29.744167,29.905833,16-04-2014,141.6,0.0,7.7
-26.648056,27.089444,16-04-2014,113.200005,55.4,5.9
-26.970278,27.211111,16-04-2014,103.1,67.3,5.4
-26.880278,26.965,16-04-2014,99.700005,72.700005,5.2
-29.033333,23.983333,16-04-2014,26.2,191.1,1.4000000000000001
-29.1825,23.575556,16-04-2014,20.4,206.0,1.1
-28.768056,20.720556,16-04-2014,3.3,256.9,0.2
-27.363611,31.783333,17-04-2014,147.1,0.0,9.5
-29.042222,24.6,17-04-2014,29.5,189.6,1.6
-29.028629,24.638389,17-04-2014,30.2,188.0,1.6
-29.987778,29.851667,21-04-2014,135.40001,0.0,7.9
-29.744167,29.905833,21-04-2014,141.6,0.0,7.7
-30.733889,29.828333,22-04-2014,130.7,0.0,7.7
-29.380556,30.2775,22-04-2014,131.0,4.4,6.5
-27.935,26.126667,22-04-2014,51.9,142.90001,2.7
-28.141944,26.417778,22-04-2014,57.9,134.0,3.0
-28.1175,26.719444,22-04-2014,61.3,124.9,3.2
-28.116667,26.725278,22-04-2014,61.3,124.9,3.2
-29.160278,26.573333,22-04-2014,55.3,137.2,2.9000000000000004
-33.501667,21.624167,22-04-2014,8.900001,175.1,0.5
-27.01011111,26.69808333,23-04-2014,87.3,92.700005,4.6000000000000005
-25.127778,27.628889,23-04-2014,173.40001,0.0,9.3
-25.20639,27.558,23-04-2014,173.3,0.7,9.1
-24.39619444,27.08983333,23-04-2014,155.3,19.9,8.200000000000001
-24.69514,27.40906,23-04-2014,173.3,4.8,9.1
-26.970278,27.211111,23-04-2014,103.1,67.3,5.4
-26.880278,26.965,23-04-2014,99.700005,72.700005,5.2
-26.98472222,26.63227778,23-04-2014,88.8,89.4,4.7
-28.1175,26.719444,23-04-2014,61.3,124.9,3.2
-28.116667,26.725278,23-04-2014,61.3,124.9,3.2
-27.671111,27.236944,23-04-2014,76.4,101.5,4.0
-28.69485,28.23487,23-04-2014,104.5,52.8,4.6000000000000005
-29.615556,27.065278,23-04-2014,67.700005,113.1,3.6
-28.883333,27.89,23-04-2014,104.9,56.4,4.5
-28.760833,17.730278,24-04-2014,0.5,251.7,0.0
-30.13573889,30.67422222,24-04-2014,136.3,1.5,7.1000000000000005
-27.38972222,26.46388889,24-04-2014,70.4,119.0,3.7
-28.141944,26.417778,24-04-2014,57.9,134.0,3.0
-28.1175,26.719444,24-04-2014,61.3,124.9,3.2
-28.116667,26.725278,24-04-2014,61.3,124.9,3.2
-27.398611,26.614722,24-04-2014,72.0,115.700005,3.8000000000000003
-28.376944,24.303056,24-04-2014,33.4,179.3,1.8
-30.160091,27.40124,24-04-2014,75.4,98.1,4.0
-30.336111,27.359444,24-04-2014,75.8,97.8,4.0
-27.356667,27.286389,24-04-2014,87.3,90.0,4.6000000000000005
-30.830556,26.921389,25-04-2014,63.100002,114.5,3.3000000000000003
-27.902778,24.615556,25-04-2014,40.8,169.5,2.1
-31.000833,26.353056,25-04-2014,47.7,132.3,2.5
-30.679722,26.7125,25-04-2014,58.2,125.200005,3.1
-30.534167,24.961944,25-04-2014,25.2,185.5,1.3
-29.140556,31.391944,29-04-2014,107.200005,36.100002,5.6000000000000005
-25.99136,27.84208,29-04-2014,160.1,0.0,8.9
-28.747778,31.745833,29-04-2014,109.6,41.2,5.7
-28.801278,31.955389,29-04-2014,135.8,11.8,7.1000000000000005
-26.73806,27.59194,29-04-2014,123.8,40.600002,6.5
-26.45,28.085833,29-04-2014,146.90001,12.8,7.7
-27.935,26.126667,29-04-2014,51.9,142.90001,2.7
-28.1175,26.719444,29-04-2014,61.3,124.9,3.2
-27.671111,27.236944,29-04-2014,76.4,101.5,4.0
-28.404444,30.013056,30-04-2014,134.40001,26.4,5.5
-27.169444,29.233889,30-04-2014,148.8,3.3,7.800000000000001
-26.861111,28.884722,30-04-2014,148.8,7.3,7.800000000000001
-26.98472222,26.63227778,30-04-2014,88.8,89.4,4.7
-25.45963889,28.26430556,30-04-2014,164.7,0.0,10.100000000000001
-28.058889,30.373611,30-04-2014,151.5,4.2000003,7.6000000000000005
-27.495556,26.074722,30-04-2014,62.4,129.6,3.3000000000000003
-29.033333,23.983333,05-10-2011,35.8,186.1,1.9000000000000001
-29.033333,23.983333,25-10-2011,35.8,186.1,1.9000000000000001
-29.033333,23.983333,02-11-2011,35.8,186.1,1.9000000000000001
-29.033333,23.983333,16-11-2011,35.8,186.1,1.9000000000000001
-29.033333,23.983333,14-12-2011,35.8,186.1,1.9000000000000001
-29.033333,23.983333,11-01-2012,22.0,205.90001,1.2000000000000002
-29.033333,23.983333,25-01-2012,80.3,122.0,4.2
-29.033333,23.983333,22-02-2012,80.3,122.0,4.2
-25.81048333,27.90955222,01-05-2014,163.7,0.0,9.1
-27.937778,31.209444,01-05-2014,151.1,0.0,30.1
-27.5275,30.858056,01-05-2014,145.8,0.0,114.7
-29.033333,23.983333,06-06-2012,80.3,122.0,4.2
-29.033333,23.983333,13-06-2012,80.3,122.0,4.2
-29.033333,23.983333,26-06-2012,80.3,122.0,4.2
-29.033333,23.983333,27-06-2012,80.3,122.0,4.2
-29.033333,23.983333,11-07-2012,31.7,204.5,1.7000000000000002
-29.033333,23.983333,18-07-2012,31.7,204.5,1.7000000000000002
-29.033333,23.983333,25-07-2012,31.7,204.5,1.7000000000000002
-27.02314,28.59389,01-05-2014,138.40001,19.800001,7.300000000000001
-29.033333,23.983333,22-08-2012,31.7,204.5,1.7000000000000002
-29.033333,23.983333,05-09-2012,31.7,204.5,1.7000000000000002
-29.033333,23.983333,19-09-2012,31.7,204.5,1.7000000000000002
-29.033333,23.983333,17-10-2012,31.7,204.5,1.7000000000000002
-29.033333,23.983333,31-10-2012,31.7,204.5,1.7000000000000002
-29.033333,23.983333,14-11-2012,31.7,204.5,1.7000000000000002
-29.033333,23.983333,28-11-2012,31.7,204.5,1.7000000000000002
-29.033333,23.983333,27-02-2013,69.4,136.0,3.7
-26.970278,27.211111,01-05-2014,103.1,67.3,5.4
-26.880278,26.965,01-05-2014,99.700005,72.700005,5.2
-29.744167,29.905833,02-05-2014,141.6,0.0,7.7
-34.031944,22.053333,03-05-2014,19.300001,134.6,1.0
-34.039722,22.133333,03-05-2014,20.800001,131.6,1.1
-26.970278,27.211111,05-05-2014,103.1,67.3,5.4
-26.45,28.085833,05-05-2014,146.90001,12.8,7.7
-27.935,26.126667,05-05-2014,51.9,142.90001,2.7
-29.033333,23.983333,24-07-2013,36.4,183.40001,1.9000000000000001
-28.141944,26.417778,05-05-2014,57.9,134.0,3.0
-28.116667,26.725278,05-05-2014,61.3,124.9,3.2
-27.671111,27.236944,05-05-2014,76.4,101.5,4.0
-32.502778,19.535833,05-05-2014,0.6,233.2,0.0
-27.01011111,26.69808333,06-05-2014,87.3,92.700005,4.6000000000000005
-29.641944,30.6875,06-05-2014,128.6,11.900001,5.7
-25.127778,27.628889,06-05-2014,173.40001,0.0,9.3
-25.20639,27.558,06-05-2014,173.3,0.7,9.1
-24.69514,27.40906,06-05-2014,173.3,4.8,9.1
-26.006389,29.253889,06-05-2014,149.3,0.0,20.3
-28.1175,26.719444,06-05-2014,61.3,124.9,3.2
-27.398611,26.614722,06-05-2014,72.0,115.700005,3.8000000000000003
-28.338333,31.373611,06-05-2014,146.90001,0.0,40.1
-28.068333,31.55,06-05-2014,154.90001,0.0,16.3
-27.495556,26.074722,06-05-2014,62.4,129.6,3.3000000000000003
-27.4,26.624722,06-05-2014,72.0,115.700005,3.8000000000000003
-28.44555556,32.325,03-07-2014,140.7,0.0,16.400000000000002
-26.648056,27.089444,07-05-2014,113.200005,55.4,5.9
-29.651389,22.746389,07-05-2014,10.8,237.40001,0.6000000000000001
-24.39619444,27.08983333,08-05-2014,155.3,19.9,8.200000000000001
-29.161667,30.629722,08-05-2014,130.3,7.8,6.2
-29.033333,23.983333,06-08-2014,25.4,204.40001,1.3
-29.033333,23.983333,20-08-2014,25.4,204.40001,1.3
-29.033333,23.983333,03-09-2014,25.4,204.40001,1.3
-28.376944,24.303056,08-05-2014,33.4,179.3,1.8
-34.031944,22.053333,08-05-2014,19.300001,134.6,1.0
-34.039722,22.133333,08-05-2014,20.800001,131.6,1.1
-34.005833,22.351111,08-05-2014,27.9,118.1,1.5
-23.838611,31.640833,09-05-2014,141.5,0.0,9.3
-27.902778,24.615556,09-05-2014,40.8,169.5,2.1
-25.99136,27.84208,12-05-2014,160.1,0.0,8.9
-28.735556,29.820556,12-05-2014,132.3,27.1,5.5
-31.396,29.2651,12-05-2014,133.3,0.0,7.0
-31.554722,29.245556,12-05-2014,123.6,0.0,7.5
-29.033333,23.983333,23-09-2015,5.3,225.40001,0.30000000000000004
-33.818056,19.694722,12-05-2014,3.3,196.8,0.1
-33.13083,18.86278,12-05-2014,3.9,209.0,0.1
-27.01011111,26.69808333,13-05-2014,87.3,92.700005,4.6000000000000005
-25.681111,31.783333,13-05-2014,135.7,0.0,10.600000000000001
-25.67386,31.57527,13-05-2014,142.40001,0.0,11.700000000000001
-26.648056,27.089444,13-05-2014,113.200005,55.4,5.9
-26.970278,27.211111,13-05-2014,103.1,67.3,5.4
-27.273889,28.49,13-05-2014,129.2,29.6,6.7
-26.98472222,26.63227778,13-05-2014,88.8,89.4,4.7
-29.160278,26.573333,13-05-2014,55.3,137.2,2.9000000000000004
-30.568333,29.422778,13-05-2014,130.3,6.2000003,6.800000000000001
-31.104278,29.399722,13-05-2014,132.6,0.0,7.1000000000000005
-34.092222,21.295278,13-05-2014,10.900001,157.90001,0.6000000000000001
-34.075556,20.145556,13-05-2014,2.3,179.40001,0.1
-25.45963889,28.26430556,13-05-2014,164.7,0.0,10.100000000000001
-25.81048333,27.90955222,14-05-2014,163.7,0.0,9.1
-24.183889,30.823889,14-05-2014,139.7,0.0,11.8
-24.058889,31.237222,14-05-2014,137.5,0.0,10.200000000000001
-25.67386,31.57527,14-05-2014,142.40001,0.0,11.700000000000001
-26.905,32.324722,14-05-2014,144.2,3.2,7.6000000000000005
-29.744167,29.905833,14-05-2014,141.6,0.0,7.7
-27.169444,29.233889,14-05-2014,148.8,3.3,7.800000000000001
-26.861111,28.884722,14-05-2014,148.8,7.3,7.800000000000001
-26.73806,27.59194,14-05-2014,123.8,40.600002,6.5
-26.45,28.085833,14-05-2014,146.90001,12.8,7.7
-27.3,28.586944,14-05-2014,131.90001,26.1,6.800000000000001
-26.98472222,26.63227778,14-05-2014,88.8,89.4,4.7
-27.573056,24.746389,14-05-2014,47.4,164.5,2.5
-30.570833,29.150556,14-05-2014,129.90001,8.1,6.800000000000001
-33.7075,18.97444444,14-05-2014,6.1,197.8,0.2
-32.94583,18.33667,14-05-2014,2.1000001,195.7,0.1
-27.363611,31.783333,15-05-2014,147.1,0.0,9.5
-31.031389,28.883333,15-05-2014,130.5,7.4,6.800000000000001
-30.86013889,29.07125,15-05-2014,126.700005,12.6,6.6000000000000005
-30.77586667,29.03221667,15-05-2014,126.9,13.400001,6.7
-33.38056,19.30167,15-05-2014,4.0,191.7,0.1
-33.08883333,19.21878333,15-05-2014,2.4,196.5,0.1
-24.679167,30.8025,16-05-2014,133.7,0.0,129.0
-27.602222,29.942778,16-05-2014,162.40001,0.0,9.3
-28.116667,26.725278,16-05-2014,61.3,124.9,3.2
-29.7775,29.470833,19-05-2014,137.8,0.0,31.700000000000003
-29.987778,29.851667,19-05-2014,135.40001,0.0,7.9
-29.744167,29.905833,19-05-2014,141.6,0.0,7.7
-26.73806,27.59194,19-05-2014,123.8,40.600002,6.5
-26.45,28.085833,19-05-2014,146.90001,12.8,7.7
-27.935,26.126667,19-05-2014,51.9,142.90001,2.7
-27.671111,27.236944,19-05-2014,76.4,101.5,4.0
-29.160278,26.573333,19-05-2014,55.3,137.2,2.9000000000000004
-33.31388889,19.07472222,19-05-2014,4.6,204.8,0.1
-27.01011111,26.69808333,20-05-2014,87.3,92.700005,4.6000000000000005
-34.065833,20.404167,20-05-2014,3.0,175.0,0.2
-25.127778,27.628889,20-05-2014,173.40001,0.0,9.3
-24.39619444,27.08983333,20-05-2014,155.3,19.9,8.200000000000001
-24.69514,27.40906,20-05-2014,173.3,4.8,9.1
-26.03611,30.99778,20-05-2014,148.1,0.0,91.30000000000001
-30.733889,29.828333,20-05-2014,130.7,0.0,7.7
-29.380556,30.2775,20-05-2014,131.0,4.4,6.5
-27.169444,29.233889,20-05-2014,148.8,3.3,7.800000000000001
-26.861111,28.884722,20-05-2014,148.8,7.3,7.800000000000001
-27.00222,28.76528,20-05-2014,142.1,14.6,7.5
-27.273889,28.49,20-05-2014,129.2,29.6,6.7
-27.3,28.586944,20-05-2014,131.90001,26.1,6.800000000000001
-26.98472222,26.63227778,20-05-2014,88.8,89.4,4.7
-28.141944,26.417778,20-05-2014,57.9,134.0,3.0
-28.1175,26.719444,20-05-2014,61.3,124.9,3.2
-29.042222,24.6,20-05-2014,29.5,189.6,1.6
-29.033333,23.983333,20-05-2014,26.2,191.1,1.4000000000000001
-28.69485,28.23487,20-05-2014,104.5,52.8,4.6000000000000005
-28.883333,27.89,20-05-2014,104.9,56.4,4.5
-27.495556,26.074722,20-05-2014,62.4,129.6,3.3000000000000003
-25.20639,27.558,21-05-2014,173.3,0.7,9.1
-23.658056,31.05,21-05-2014,139.0,0.0,8.6
-23.281,30.54305556,21-05-2014,140.40001,0.0,8.700000000000001
-30.398056,30.601944,21-05-2014,135.7,0.0,8.0
-26.648056,27.089444,21-05-2014,113.200005,55.4,5.9
-26.970278,27.211111,21-05-2014,103.1,67.3,5.4
-26.880278,26.965,21-05-2014,99.700005,72.700005,5.2
-27.671111,27.236944,21-05-2014,76.4,101.5,4.0
-29.028629,24.638389,21-05-2014,30.2,188.0,1.6
-30.160091,27.40124,21-05-2014,75.4,98.1,4.0
-30.336111,27.359444,21-05-2014,75.8,97.8,4.0
-34.405833,19.600556,21-05-2014,5.0,153.3,0.2
-27.356667,27.286389,21-05-2014,87.3,90.0,4.6000000000000005
-30.830556,26.921389,22-05-2014,63.100002,114.5,3.3000000000000003
-22.769722,30.886944,22-05-2014,143.1,0.0,10.4
-30.13573889,30.67422222,22-05-2014,136.3,1.5,7.1000000000000005
-27.398611,26.614722,22-05-2014,72.0,115.700005,3.8000000000000003
-28.376944,24.303056,22-05-2014,33.4,179.3,1.8
-29.658056,25.973333,22-05-2014,40.0,154.1,2.1
-31.000833,26.353056,22-05-2014,47.7,132.3,2.5
-30.679722,26.7125,22-05-2014,58.2,125.200005,3.1
-34.329722,18.990278,22-05-2014,8.3,149.3,0.2
-33.897778,20.012778,22-05-2014,2.0,191.5,0.1
-29.615556,27.065278,23-05-2014,67.700005,113.1,3.6
-29.803611,30.516111,23-05-2014,132.7,2.1000001,6.800000000000001
-25.99136,27.84208,26-05-2014,160.1,0.0,8.9
-23.838611,31.640833,26-05-2014,141.5,0.0,9.3
-27.01011111,26.69808333,27-05-2014,87.3,92.700005,4.6000000000000005
-29.140556,31.391944,27-05-2014,107.200005,36.100002,5.6000000000000005
-28.801278,31.955389,27-05-2014,135.8,11.8,7.1000000000000005
-26.970278,27.211111,27-05-2014,103.1,67.3,5.4
-26.98472222,26.63227778,27-05-2014,88.8,89.4,4.7
-33.501667,21.624167,27-05-2014,8.900001,175.1,0.5
-25.45963889,28.26430556,27-05-2014,164.7,0.0,10.100000000000001
-25.81048333,27.90955222,28-05-2014,163.7,0.0,9.1
-22.935,28.004167,28-05-2014,117.0,44.5,6.2
-24.282222,28.090278,28-05-2014,157.3,0.0,11.0
-23.763056,27.908611,28-05-2014,157.7,0.0,8.8
-28.747778,31.745833,28-05-2014,109.6,41.2,5.7
-27.937778,31.209444,28-05-2014,151.1,0.0,30.1
-28.404444,30.013056,28-05-2014,134.40001,26.4,5.5
-29.744167,29.905833,28-05-2014,141.6,0.0,7.7
-27.00222,28.76528,28-05-2014,142.1,14.6,7.5
-31.436944,20.474722,28-05-2014,1.1,235.7,0.1
-29.1825,23.575556,28-05-2014,20.4,206.0,1.1
-28.768056,20.720556,28-05-2014,3.3,256.9,0.2
-28.058889,30.373611,28-05-2014,151.5,4.2000003,7.6000000000000005
-22.225556,29.990556,29-05-2014,109.3,42.100002,5.800000000000001
-22.91028,29.61111,29-05-2014,142.5,0.0,9.4
-27.5275,30.858056,29-05-2014,145.8,0.0,114.7
-27.398611,26.614722,29-05-2014,72.0,115.700005,3.8000000000000003
-27.573056,24.746389,29-05-2014,47.4,164.5,2.5
-25.57877778,29.12747222,29-05-2014,160.6,0.0,16.5
-27.398611,26.614722,30-05-2014,72.0,115.700005,3.8000000000000003
-29.160278,26.573333,02-06-2014,55.3,137.2,2.9000000000000004
-24.670833,28.560833,03-06-2014,159.5,0.0,29.900000000000002
-25.127778,27.628889,03-06-2014,173.40001,0.0,9.3
-25.20639,27.558,03-06-2014,173.3,0.7,9.1
-24.69514,27.40906,03-06-2014,173.3,4.8,9.1
-27.935,26.126667,03-06-2014,51.9,142.90001,2.7
-28.141944,26.417778,03-06-2014,57.9,134.0,3.0
-28.338333,31.373611,03-06-2014,146.90001,0.0,40.1
-28.068333,31.55,03-06-2014,154.90001,0.0,16.3
-29.641944,30.6875,04-06-2014,128.6,11.900001,5.7
-24.39619444,27.08983333,04-06-2014,155.3,19.9,8.200000000000001
-28.44555556,32.325,30-07-2014,130.40001,26.800001,4.4
-28.75,30.442778,04-06-2014,131.40001,30.6,5.4
-29.161667,30.629722,04-06-2014,130.3,7.8,6.2
-34.005833,22.351111,04-06-2014,27.9,118.1,1.5
-26.98472222,26.63227778,05-06-2014,88.8,89.4,4.7
-27.902778,24.615556,05-06-2014,40.8,169.5,2.1
-33.970833,22.548333,05-06-2014,35.9,107.1,1.9000000000000001
-28.308889,31.9025,05-06-2014,150.3,0.0,15.9
-25.99136,27.84208,09-06-2014,160.1,0.0,8.9
-26.73806,27.59194,09-06-2014,123.8,40.600002,6.5
-26.45,28.085833,09-06-2014,146.90001,12.8,7.7
-27.671111,27.236944,09-06-2014,76.4,101.5,4.0
-31.396,29.2651,09-06-2014,133.3,0.0,7.0
-31.554722,29.245556,09-06-2014,123.6,0.0,7.5
-33.818056,19.694722,09-06-2014,3.3,196.8,0.1
-23.658056,31.05,10-06-2014,139.0,0.0,8.6
-23.281,30.54305556,10-06-2014,140.40001,0.0,8.700000000000001
-25.681111,31.783333,10-06-2014,135.7,0.0,10.600000000000001
-25.362222,31.956667,10-06-2014,130.7,0.0,10.0
-28.735556,29.820556,10-06-2014,132.3,27.1,5.5
-29.615556,27.065278,10-06-2014,67.700005,113.1,3.6
-30.570833,29.150556,10-06-2014,129.90001,8.1,6.800000000000001
-34.092222,21.295278,10-06-2014,10.900001,157.90001,0.6000000000000001
-34.075556,20.145556,10-06-2014,2.3,179.40001,0.1
-31.5653,18.3306,10-06-2014,0.5,212.6,0.0
-32.94583,18.33667,10-06-2014,2.1000001,195.7,0.1
-25.45963889,28.26430556,10-06-2014,164.7,0.0,10.100000000000001
-25.81048333,27.90955222,11-06-2014,163.7,0.0,9.1
-24.768889,31.39,11-06-2014,134.1,0.0,12.200000000000001
-26.905,32.324722,11-06-2014,144.2,3.2,7.6000000000000005
-27.602222,29.942778,11-06-2014,162.40001,0.0,9.3
-27.00222,28.76528,11-06-2014,142.1,14.6,7.5
-27.02314,28.59389,11-06-2014,138.40001,19.800001,7.300000000000001
-27.273889,28.49,11-06-2014,129.2,29.6,6.7
-27.3,28.586944,11-06-2014,131.90001,26.1,6.800000000000001
-27.935,26.126667,11-06-2014,51.9,142.90001,2.7
-28.69485,28.23487,11-06-2014,104.5,52.8,4.6000000000000005
-28.883333,27.89,11-06-2014,104.9,56.4,4.5
-28.768056,20.720556,11-06-2014,3.3,256.9,0.2
-30.568333,29.422778,11-06-2014,130.3,6.2000003,6.800000000000001
-30.86013889,29.07125,11-06-2014,126.700005,12.6,6.6000000000000005
-30.77586667,29.03221667,11-06-2014,126.9,13.400001,6.7
-33.13083,18.86278,11-06-2014,3.9,209.0,0.1
-33.7075,18.97444444,11-06-2014,6.1,197.8,0.2
-25.57877778,29.12747222,11-06-2014,160.6,0.0,16.5
-22.769722,30.886944,12-06-2014,143.1,0.0,10.4
-26.006389,29.253889,12-06-2014,149.3,0.0,20.3
-25.513889,31.224444,12-06-2014,139.0,0.0,36.1
-27.363611,31.783333,12-06-2014,147.1,0.0,9.5
-28.141944,26.417778,12-06-2014,57.9,134.0,3.0
-28.1175,26.719444,12-06-2014,61.3,124.9,3.2
-31.436944,20.474722,12-06-2014,1.1,235.7,0.1
-30.568333,29.422778,12-06-2014,130.3,6.2000003,6.800000000000001
-24.99328,30.81444,13-06-2014,123.5,0.0,102.30000000000001
-29.744167,29.905833,13-06-2014,141.6,0.0,7.7
-27.573056,24.746389,13-06-2014,47.4,164.5,2.5
-31.436944,20.474722,13-06-2014,1.1,235.7,0.1
-29.987778,29.851667,16-06-2014,135.40001,0.0,7.9
-29.744167,29.905833,16-06-2014,141.6,0.0,7.7
-25.127778,27.628889,17-06-2014,173.40001,0.0,9.3
-24.39619444,27.08983333,17-06-2014,155.3,19.9,8.200000000000001
-24.69514,27.40906,17-06-2014,173.3,4.8,9.1
-30.733889,29.828333,17-06-2014,130.7,0.0,7.7
-29.380556,30.2775,17-06-2014,131.0,4.4,6.5
-28.1175,26.719444,17-06-2014,61.3,124.9,3.2
-28.116667,26.725278,17-06-2014,61.3,124.9,3.2
-33.38056,19.30167,17-06-2014,4.0,191.7,0.1
-27.01011111,26.69808333,18-06-2014,87.3,92.700005,4.6000000000000005
-24.183889,30.823889,18-06-2014,139.7,0.0,11.8
-25.20639,27.558,18-06-2014,173.3,0.7,9.1
-24.058889,31.237222,18-06-2014,137.5,0.0,10.200000000000001
-24.034167,31.123611,18-06-2014,137.8,0.0,10.9
-30.398056,30.601944,18-06-2014,135.7,0.0,8.0
-26.98472222,26.63227778,18-06-2014,88.8,89.4,4.7
-27.935,26.126667,18-06-2014,51.9,142.90001,2.7
-33.31388889,19.07472222,18-06-2014,4.6,204.8,0.1
-30.13573889,30.67422222,19-06-2014,136.3,1.5,7.1000000000000005
-26.970278,27.211111,19-06-2014,103.1,67.3,5.4
-27.398611,26.614722,19-06-2014,72.0,115.700005,3.8000000000000003
-27.671111,27.236944,19-06-2014,76.4,101.5,4.0
-28.376944,24.303056,19-06-2014,33.4,179.3,1.8
-27.4,26.624722,19-06-2014,72.0,115.700005,3.8000000000000003
-24.679167,30.8025,20-06-2014,133.7,0.0,129.0
-26.880278,26.965,20-06-2014,99.700005,72.700005,5.2
-29.803611,30.516111,20-06-2014,132.7,2.1000001,6.800000000000001
-23.838611,31.640833,21-06-2014,141.5,0.0,9.3
-25.99136,27.84208,23-06-2014,160.1,0.0,8.9
-26.73806,27.59194,23-06-2014,123.8,40.600002,6.5
-26.45,28.085833,23-06-2014,146.90001,12.8,7.7
-29.160278,26.573333,23-06-2014,55.3,137.2,2.9000000000000004
-29.042222,24.6,23-06-2014,29.5,189.6,1.6
-29.033333,23.983333,23-06-2014,26.2,191.1,1.4000000000000001
-27.01011111,26.69808333,24-06-2014,87.3,92.700005,4.6000000000000005
-29.140556,31.391944,24-06-2014,107.200005,36.100002,5.6000000000000005
-34.065833,20.404167,24-06-2014,3.0,175.0,0.2
-31.860278,18.6875,24-06-2014,0.6,222.3,0.0
-24.282222,28.090278,24-06-2014,157.3,0.0,11.0
-26.03611,30.99778,24-06-2014,148.1,0.0,91.30000000000001
-25.362222,31.956667,24-06-2014,130.7,0.0,10.0
-25.14944444,31.94055556,24-06-2014,130.1,0.0,10.100000000000001
-27.169444,29.233889,24-06-2014,148.8,3.3,7.800000000000001
-26.648056,27.089444,24-06-2014,113.200005,55.4,5.9
-26.970278,27.211111,24-06-2014,103.1,67.3,5.4
-26.880278,26.965,24-06-2014,99.700005,72.700005,5.2
-26.98472222,26.63227778,24-06-2014,88.8,89.4,4.7
-28.141944,26.417778,24-06-2014,57.9,134.0,3.0
-28.1175,26.719444,24-06-2014,61.3,124.9,3.2
-28.116667,26.725278,24-06-2014,61.3,124.9,3.2
-29.028629,24.638389,24-06-2014,30.2,188.0,1.6
-28.69485,28.23487,24-06-2014,104.5,52.8,4.6000000000000005
-29.615556,27.065278,24-06-2014,67.700005,113.1,3.6
-33.501667,21.624167,24-06-2014,8.900001,175.1,0.5
-25.45963889,28.26430556,24-06-2014,164.7,0.0,10.100000000000001
-25.81048333,27.90955222,25-06-2014,163.7,0.0,9.1
-23.763056,27.908611,25-06-2014,157.7,0.0,8.8
-23.23572222,27.717,25-06-2014,118.700005,45.600002,6.2
-28.404444,30.013056,25-06-2014,134.40001,26.4,5.5
-29.744167,29.905833,25-06-2014,141.6,0.0,7.7
-27.3,28.586944,25-06-2014,131.90001,26.1,6.800000000000001
-27.802778,28.768333,25-06-2014,141.7,12.2,6.4
-27.671111,27.236944,25-06-2014,76.4,101.5,4.0
-30.160091,27.40124,25-06-2014,75.4,98.1,4.0
-30.336111,27.359444,25-06-2014,75.8,97.8,4.0
-34.405833,19.600556,25-06-2014,5.0,153.3,0.2
-28.058889,30.373611,25-06-2014,151.5,4.2000003,7.6000000000000005
-29.161667,23.696389,26-06-2014,22.5,198.7,1.2000000000000002
-30.830556,26.921389,26-06-2014,63.100002,114.5,3.3000000000000003
-22.91028,29.61111,26-06-2014,142.5,0.0,9.4
-26.006389,29.253889,26-06-2014,149.3,0.0,20.3
-25.49037,30.6986,26-06-2014,138.8,0.0,15.0
-27.5275,30.858056,26-06-2014,145.8,0.0,114.7
-27.4275,28.525833,26-06-2014,133.6,24.300001,6.5
-27.38972222,26.46388889,26-06-2014,70.4,119.0,3.7
-27.398611,26.614722,26-06-2014,72.0,115.700005,3.8000000000000003
-27.573056,24.746389,26-06-2014,47.4,164.5,2.5
-31.000833,26.353056,26-06-2014,47.7,132.3,2.5
-30.679722,26.7125,26-06-2014,58.2,125.200005,3.1
-33.897778,20.012778,26-06-2014,2.0,191.5,0.1
-28.7115,24.07288889,27-06-2014,27.800001,188.5,1.5
-23.23572222,27.717,27-06-2014,118.700005,45.600002,6.2
-24.058889,31.237222,27-06-2014,137.5,0.0,10.200000000000001
-27.902778,24.615556,27-06-2014,40.8,169.5,2.1
-29.658056,25.973333,27-06-2014,40.0,154.1,2.1
-30.534167,24.961944,27-06-2014,25.2,185.5,1.3
-26.45,28.085833,30-06-2014,146.90001,12.8,7.7
-27.671111,27.236944,30-06-2014,76.4,101.5,4.0
-25.57877778,29.12747222,30-06-2014,160.6,0.0,16.5
-25.127778,27.628889,01-07-2014,173.40001,0.0,9.3
-25.20639,27.558,01-07-2014,173.3,0.7,9.1
-24.69514,27.40906,01-07-2014,173.3,4.8,9.1
-26.861111,28.884722,01-07-2014,148.8,7.3,7.800000000000001
-26.98472222,26.63227778,01-07-2014,88.8,89.4,4.7
-28.1175,26.719444,01-07-2014,61.3,124.9,3.2
-27.671111,27.236944,01-07-2014,76.4,101.5,4.0
-34.031944,22.053333,01-07-2014,19.300001,134.6,1.0
-34.039722,22.133333,01-07-2014,20.800001,131.6,1.1
-28.068333,31.55,01-07-2014,154.90001,0.0,16.3
-27.495556,26.074722,01-07-2014,62.4,129.6,3.3000000000000003
-29.161667,23.696389,02-07-2014,22.5,198.7,1.2000000000000002
-27.01011111,26.69808333,02-07-2014,87.3,92.700005,4.6000000000000005
-29.641944,30.6875,02-07-2014,128.6,11.900001,5.7
-24.39619444,27.08983333,02-07-2014,155.3,19.9,8.200000000000001
-27.00222,28.76528,02-07-2014,142.1,14.6,7.5
-27.02314,28.59389,02-07-2014,138.40001,19.800001,7.300000000000001
-26.648056,27.089444,02-07-2014,113.200005,55.4,5.9
-26.880278,26.965,02-07-2014,99.700005,72.700005,5.2
-27.273889,28.49,02-07-2014,129.2,29.6,6.7
-27.4275,28.525833,02-07-2014,133.6,24.300001,6.5
-27.3,28.586944,02-07-2014,131.90001,26.1,6.800000000000001
-28.44555556,32.325,27-08-2014,130.40001,26.800001,4.4
-27.671111,27.236944,03-07-2014,76.4,101.5,4.0
-34.005833,22.351111,03-07-2014,27.9,118.1,1.5
-28.308889,31.9025,03-07-2014,150.3,0.0,15.9
-25.99136,27.84208,07-07-2014,160.1,0.0,8.9
-28.735556,29.820556,07-07-2014,132.3,27.1,5.5
-26.73806,27.59194,07-07-2014,123.8,40.600002,6.5
-26.45,28.085833,07-07-2014,146.90001,12.8,7.7
-26.98472222,26.63227778,07-07-2014,88.8,89.4,4.7
-28.1175,26.719444,07-07-2014,61.3,124.9,3.2
-28.116667,26.725278,07-07-2014,61.3,124.9,3.2
-27.169444,29.233889,08-07-2014,148.8,3.3,7.800000000000001
-26.861111,28.884722,08-07-2014,148.8,7.3,7.800000000000001
-31.436944,20.474722,08-07-2014,1.1,235.7,0.1
-31.394444,20.947222,08-07-2014,1.9,238.40001,0.1
-34.092222,21.295278,08-07-2014,10.900001,157.90001,0.6000000000000001
-25.45963889,28.26430556,08-07-2014,164.7,0.0,10.100000000000001
-29.161667,23.696389,09-07-2014,22.1,213.90001,1.2000000000000002
-25.81048333,27.90955222,09-07-2014,57.3,113.700005,2.8000000000000003
-25.362222,31.956667,09-07-2014,81.9,61.5,2.9000000000000004
-26.905,32.324722,09-07-2014,70.4,90.8,3.7
-27.602222,29.942778,09-07-2014,60.3,102.0,2.9000000000000004
-26.98472222,26.63227778,09-07-2014,45.2,139.5,2.4000000000000004
-27.935,26.126667,09-07-2014,35.600002,161.40001,1.9000000000000001
-28.141944,26.417778,09-07-2014,35.4,160.6,1.9000000000000001
-29.033333,23.983333,09-07-2014,25.4,204.40001,1.3
-30.568333,29.422778,09-07-2014,35.8,117.6,1.8
-30.570833,29.150556,09-07-2014,36.600002,117.5,1.9000000000000001
-31.104278,29.399722,09-07-2014,27.2,127.3,1.4000000000000001
-27.4,26.624722,09-07-2014,39.7,153.40001,2.1
-27.01011111,26.69808333,10-07-2014,43.8,141.7,2.3000000000000003
-25.436111,31.982222,10-07-2014,82.700005,62.3,3.0
-27.363611,31.783333,10-07-2014,72.1,84.8,3.2
-26.648056,27.089444,10-07-2014,45.9,128.90001,2.4000000000000004
-26.970278,27.211111,10-07-2014,43.7,132.40001,2.3000000000000003
-26.880278,26.965,10-07-2014,44.600002,132.90001,2.3000000000000003
-31.031389,28.883333,10-07-2014,30.5,123.9,1.6
-30.86013889,29.07125,10-07-2014,29.300001,128.7,1.5
-30.77586667,29.03221667,10-07-2014,30.7,128.0,1.6
-31.396,29.2651,11-07-2014,26.300001,128.90001,1.4000000000000001
-29.7775,29.470833,14-07-2014,84.9,65.5,3.0
-29.744167,29.905833,14-07-2014,88.3,68.9,2.3000000000000003
-26.45,28.085833,14-07-2014,48.4,116.1,2.5
-27.671111,27.236944,14-07-2014,38.600002,144.8,2.0
-29.160278,26.573333,14-07-2014,32.2,168.6,1.7000000000000002
-33.818056,19.694722,14-07-2014,14.900001,197.6,0.7000000000000001
-32.502778,19.535833,14-07-2014,2.4,230.5,0.1
-25.57877778,29.12747222,14-07-2014,84.5,81.9,2.8000000000000003
-25.127778,27.628889,15-07-2014,45.4,138.90001,2.4000000000000004
-24.39619444,27.08983333,15-07-2014,41.8,146.1,2.2
-24.69514,27.40906,15-07-2014,45.7,141.3,2.4000000000000004
-26.006389,29.253889,15-07-2014,93.700005,60.0,3.0
-30.733889,29.828333,15-07-2014,49.9,101.1,1.6
-29.987778,29.851667,15-07-2014,87.1,65.8,2.2
-29.380556,30.2775,15-07-2014,88.5,61.2,2.5
-26.861111,28.884722,15-07-2014,48.5,109.8,2.5
-26.98472222,26.63227778,15-07-2014,45.2,139.5,2.4000000000000004
-28.768056,20.720556,15-07-2014,10.7,243.40001,0.6000000000000001
-34.075556,20.145556,15-07-2014,14.6,184.6,0.8
-31.5653,18.3306,15-07-2014,1.1,218.1,0.1
-32.94583,18.33667,15-07-2014,5.9,198.40001,0.30000000000000004
-27.495556,26.074722,15-07-2014,38.4,161.5,2.0
-29.161667,23.696389,16-07-2014,22.1,213.90001,1.2000000000000002
-27.01011111,26.69808333,16-07-2014,43.8,141.7,2.3000000000000003
-25.20639,27.558,16-07-2014,45.5,137.3,2.4000000000000004
-26.03611,30.99778,16-07-2014,129.90001,27.2,4.4
-30.398056,30.601944,16-07-2014,51.9,105.8,1.6
-26.648056,27.089444,16-07-2014,45.9,128.90001,2.4000000000000004
-26.970278,27.211111,16-07-2014,43.7,132.40001,2.3000000000000003
-26.880278,26.965,16-07-2014,44.600002,132.90001,2.3000000000000003
-27.044444,27.005,16-07-2014,43.3,136.6,2.3000000000000003
-33.13083,18.86278,16-07-2014,9.7,199.7,0.4
-28.1175,26.719444,17-07-2014,36.100002,155.40001,1.9000000000000001
-28.116667,26.725278,17-07-2014,36.100002,155.40001,1.9000000000000001
-28.376944,24.303056,17-07-2014,34.0,191.6,1.8
-24.95861111,29.39527778,18-07-2014,65.0,109.200005,2.2
-29.744167,29.905833,18-07-2014,88.3,68.9,2.3000000000000003
-27.902778,24.615556,18-07-2014,37.100002,186.6,2.0
-29.803611,30.516111,18-07-2014,92.3,59.4,2.3000000000000003
-29.140556,31.391944,21-07-2014,108.4,49.9,5.7
-25.99136,27.84208,21-07-2014,58.9,109.1,2.9000000000000004
-25.513889,31.224444,21-07-2014,118.0,31.300001,3.4000000000000004
-29.160278,26.573333,21-07-2014,32.2,168.6,1.7000000000000002
-29.042222,24.6,21-07-2014,28.300001,198.2,1.5
-29.033333,23.983333,21-07-2014,25.4,204.40001,1.3
-25.398889,31.610556,22-07-2014,90.3,56.7,2.8000000000000003
-28.801278,31.955389,22-07-2014,68.4,92.700005,3.6
-27.935,26.126667,22-07-2014,35.600002,161.40001,1.9000000000000001
-28.1175,26.719444,22-07-2014,36.100002,155.40001,1.9000000000000001
-28.116667,26.725278,22-07-2014,36.100002,155.40001,1.9000000000000001
-29.028629,24.638389,22-07-2014,29.2,196.0,1.5
-28.69485,28.23487,22-07-2014,49.9,113.4,2.5
-29.615556,27.065278,22-07-2014,35.100002,153.7,1.8
-28.883333,27.89,22-07-2014,48.4,120.5,2.4000000000000004
-25.45963889,28.26430556,22-07-2014,62.0,110.3,2.6
-25.81048333,27.90955222,23-07-2014,57.3,113.700005,2.8000000000000003
-24.282222,28.090278,23-07-2014,80.8,91.1,2.8000000000000003
-28.747778,31.745833,23-07-2014,69.8,91.8,3.7
-28.404444,30.013056,23-07-2014,53.3,111.700005,2.5
-30.160091,27.40124,23-07-2014,34.7,147.90001,1.8
-30.336111,27.359444,23-07-2014,34.2,149.1,1.8
-33.501667,21.624167,23-07-2014,12.1,185.8,0.6000000000000001
-28.058889,30.373611,23-07-2014,82.0,77.1,2.9000000000000004
-22.935,28.004167,24-07-2014,26.1,159.40001,1.4000000000000001
-30.830556,26.921389,24-07-2014,27.1,162.3,1.4000000000000001
-24.99328,30.81444,24-07-2014,113.0,22.4,3.9000000000000004
-27.937778,31.209444,24-07-2014,142.40001,17.300001,5.9
-27.5275,30.858056,24-07-2014,135.40001,17.5,5.5
-31.000833,26.353056,24-07-2014,24.7,169.40001,1.3
-30.679722,26.7125,24-07-2014,26.6,167.7,1.4000000000000001
-30.534167,24.961944,24-07-2014,21.300001,199.6,1.1
-29.744167,29.905833,25-07-2014,88.3,68.9,2.3000000000000003
-29.658056,25.973333,25-07-2014,25.800001,178.2,1.4000000000000001
-33.38056,19.30167,28-07-2014,13.5,193.40001,0.6000000000000001
-30.534167,24.961944,16-08-2011,34.100002,183.7,1.8
-27.01011111,26.69808333,29-07-2014,43.8,141.7,2.3000000000000003
-30.534167,24.961944,08-09-2011,34.100002,183.7,1.8
-30.534167,24.961944,28-09-2011,34.100002,183.7,1.8
-30.534167,24.961944,07-10-2011,34.100002,183.7,1.8
-30.534167,24.961944,04-11-2011,34.100002,183.7,1.8
-30.534167,24.961944,02-12-2011,34.100002,183.7,1.8
-30.534167,24.961944,23-12-2011,34.100002,183.7,1.8
-30.534167,24.961944,03-02-2012,55.100002,132.8,2.9000000000000004
-30.534167,24.961944,02-03-2012,55.100002,132.8,2.9000000000000004
-30.534167,24.961944,30-03-2012,55.100002,132.8,2.9000000000000004
-30.534167,24.961944,25-05-2012,55.100002,132.8,2.9000000000000004
-34.065833,20.404167,29-07-2014,13.0,184.5,0.7000000000000001
-22.91028,29.61111,29-07-2014,55.3,110.0,1.9000000000000001
-30.534167,24.961944,20-07-2012,20.9,213.7,1.1
-30.534167,24.961944,14-09-2012,20.9,213.7,1.1
-30.534167,24.961944,12-10-2012,20.9,213.7,1.1
-30.534167,24.961944,09-11-2012,20.9,213.7,1.1
-30.534167,24.961944,06-12-2012,20.9,213.7,1.1
-25.127778,27.628889,29-07-2014,45.4,138.90001,2.4000000000000004
-30.534167,24.961944,08-02-2013,54.4,147.2,2.9000000000000004
-25.20639,27.558,29-07-2014,45.5,137.3,2.4000000000000004
-24.69514,27.40906,29-07-2014,45.7,141.3,2.4000000000000004
-28.75,30.442778,29-07-2014,46.3,122.3,2.2
-26.880278,26.965,29-07-2014,44.600002,132.90001,2.3000000000000003
-30.534167,24.961944,22-05-2014,25.2,185.5,1.3
-26.98472222,26.63227778,29-07-2014,45.2,139.5,2.4000000000000004
-28.141944,26.417778,29-07-2014,35.4,160.6,1.9000000000000001
-28.1175,26.719444,29-07-2014,36.100002,155.40001,1.9000000000000001
-29.651389,22.746389,29-07-2014,13.900001,225.90001,0.7000000000000001
-30.534167,24.961944,16-10-2014,21.300001,199.6,1.1
-30.534167,24.961944,06-11-2014,21.300001,199.6,1.1
-30.534167,24.961944,04-12-2014,21.300001,199.6,1.1
-30.534167,24.961944,08-01-2015,28.7,58.9,1.5
-33.31388889,19.07472222,29-07-2014,11.8,204.8,0.5
-28.338333,31.373611,29-07-2014,140.5,16.9,5.9
-28.068333,31.55,29-07-2014,139.90001,24.5,5.2
-27.495556,26.074722,29-07-2014,38.4,161.5,2.0
-29.161667,23.696389,30-07-2014,22.1,213.90001,1.2000000000000002
-22.225556,29.990556,30-07-2014,24.2,155.3,1.3
-30.534167,24.961944,22-10-2015,2.9,226.3,0.2
-31.860278,18.6875,30-07-2014,1.7,227.7,0.1
-24.39619444,27.08983333,30-07-2014,41.8,146.1,2.2
-23.281,30.54305556,30-07-2014,62.2,98.5,2.8000000000000003
-28.44555556,32.325,22-10-2014,130.40001,26.800001,4.4
-29.161667,30.629722,30-07-2014,79.9,68.5,2.5
-31.436944,20.474722,24-04-2014,1.1,235.7,0.1
-26.861111,28.884722,30-07-2014,48.5,109.8,2.5
-26.73806,27.59194,30-07-2014,46.7,122.200005,2.4000000000000004
-26.45,28.085833,30-07-2014,48.4,116.1,2.5
-27.38972222,26.46388889,30-07-2014,39.5,155.90001,2.1
-27.398611,26.614722,30-07-2014,39.7,153.40001,2.1
-27.671111,27.236944,30-07-2014,38.600002,144.8,2.0
-28.768056,20.720556,30-07-2014,10.7,243.40001,0.6000000000000001
-33.08883333,19.21878333,30-07-2014,9.400001,195.90001,0.5
-29.641944,30.6875,31-07-2014,80.0,75.4,2.4000000000000004
-22.769722,30.886944,31-07-2014,69.700005,96.1,2.3000000000000003
-27.169444,29.233889,31-07-2014,48.0,108.200005,2.5
-27.00222,28.76528,31-07-2014,46.8,112.8,2.4000000000000004
-28.376944,24.303056,31-07-2014,34.0,191.6,1.8
-34.405833,19.600556,31-07-2014,23.7,149.3,1.2000000000000002
-34.329722,18.990278,31-07-2014,29.0,139.3,1.4000000000000001
-27.356667,27.286389,31-07-2014,40.3,140.2,2.1
-28.308889,31.9025,31-07-2014,120.200005,41.5,4.2
-33.897778,20.012778,31-07-2014,13.0,188.3,0.7000000000000001
-29.744167,29.905833,01-08-2014,88.3,68.9,2.3000000000000003
-26.648056,27.089444,01-08-2014,45.9,128.90001,2.4000000000000004
-27.671111,27.236944,01-08-2014,38.600002,144.8,2.0
-27.902778,24.615556,01-08-2014,37.100002,186.6,2.0
-25.99136,27.84208,04-08-2014,58.9,109.1,2.9000000000000004
-28.735556,29.820556,04-08-2014,53.4,111.4,2.6
-26.45,28.085833,04-08-2014,48.4,116.1,2.5
-29.160278,26.573333,04-08-2014,32.2,168.6,1.7000000000000002
-24.058889,31.237222,05-08-2014,66.700005,90.9,2.3000000000000003
-26.861111,28.884722,05-08-2014,48.5,109.8,2.5
-34.031944,22.053333,05-08-2014,18.7,149.8,1.0
-34.039722,22.133333,05-08-2014,19.4,147.5,1.0
-25.45963889,28.26430556,05-08-2014,62.0,110.3,2.6
-29.161667,23.696389,06-08-2014,22.1,213.90001,1.2000000000000002
-25.81048333,27.90955222,06-08-2014,57.3,113.700005,2.8000000000000003
-25.73411,27.21422,06-08-2014,55.9,116.6,2.9000000000000004
-27.363611,31.783333,06-08-2014,72.1,84.8,3.2
-26.905,32.324722,06-08-2014,70.4,90.8,3.7
-27.602222,29.942778,06-08-2014,60.3,102.0,2.9000000000000004
-27.4275,28.525833,06-08-2014,48.600002,113.4,2.4000000000000004
-27.3,28.586944,06-08-2014,47.7,114.4,2.4000000000000004
-27.935,26.126667,06-08-2014,35.600002,161.40001,1.9000000000000001
-34.005833,22.351111,06-08-2014,23.1,137.3,1.2000000000000002
-27.00222,28.76528,07-08-2014,46.8,112.8,2.4000000000000004
-27.02314,28.59389,07-08-2014,46.4,115.4,2.4000000000000004
-31.394444,20.947222,07-08-2014,3.3,236.7,0.2
-23.658056,31.05,08-08-2014,42.3,117.8,1.9000000000000001
-28.96362,19.15486,09-08-2014,4.4,243.90001,0.2
-24.679167,30.8025,11-08-2014,119.700005,25.1,4.0
-29.7775,29.470833,11-08-2014,84.9,65.5,3.0
-29.987778,29.851667,11-08-2014,87.1,65.8,2.2
-29.744167,29.905833,11-08-2014,88.3,68.9,2.3000000000000003
-29.380556,30.2775,11-08-2014,88.5,61.2,2.5
-26.970278,27.211111,11-08-2014,43.7,132.40001,2.3000000000000003
-26.45,28.085833,11-08-2014,48.4,116.1,2.5
-26.98472222,26.63227778,11-08-2014,45.2,139.5,2.4000000000000004
-27.671111,27.236944,11-08-2014,38.600002,144.8,2.0
-31.396,29.2651,11-08-2014,26.300001,128.90001,1.4000000000000001
-31.554722,29.245556,11-08-2014,37.600002,109.1,1.5
-24.183889,30.823889,12-08-2014,99.0,60.9,2.3000000000000003
-25.127778,27.628889,12-08-2014,45.4,138.90001,2.4000000000000004
-24.39619444,27.08983333,12-08-2014,41.8,146.1,2.2
-24.69514,27.40906,12-08-2014,45.7,141.3,2.4000000000000004
-25.73411,27.21422,12-08-2014,55.9,116.6,2.9000000000000004
-26.03611,30.99778,12-08-2014,129.90001,27.2,4.4
-30.733889,29.828333,12-08-2014,49.9,101.1,1.6
-26.861111,28.884722,12-08-2014,48.5,109.8,2.5
-27.00222,28.76528,12-08-2014,46.8,112.8,2.4000000000000004
-26.98472222,26.63227778,12-08-2014,45.2,139.5,2.4000000000000004
-27.398611,26.614722,12-08-2014,39.7,153.40001,2.1
-30.570833,29.150556,12-08-2014,36.600002,117.5,1.9000000000000001
-31.104278,29.399722,12-08-2014,27.2,127.3,1.4000000000000001
-27.495556,26.074722,12-08-2014,38.4,161.5,2.0
-27.4,26.624722,12-08-2014,39.7,153.40001,2.1
-29.161667,23.696389,13-08-2014,22.1,213.90001,1.2000000000000002
-27.01011111,26.69808333,13-08-2014,43.8,141.7,2.3000000000000003
-22.935,28.004167,13-08-2014,26.1,159.40001,1.4000000000000001
-24.670833,28.560833,13-08-2014,87.9,84.3,2.3000000000000003
-25.20639,27.558,13-08-2014,45.5,137.3,2.4000000000000004
-24.058889,31.237222,13-08-2014,66.700005,90.9,2.3000000000000003
-30.398056,30.601944,13-08-2014,51.9,105.8,1.6
-26.648056,27.089444,13-08-2014,45.9,128.90001,2.4000000000000004
-26.880278,26.965,13-08-2014,44.600002,132.90001,2.3000000000000003
-31.031389,28.883333,13-08-2014,30.5,123.9,1.6
-30.86013889,29.07125,13-08-2014,29.300001,128.7,1.5
-30.77586667,29.03221667,13-08-2014,30.7,128.0,1.6
-24.282222,28.090278,14-08-2014,80.8,91.1,2.8000000000000003
-22.91028,29.61111,14-08-2014,55.3,110.0,1.9000000000000001
-25.49037,30.6986,14-08-2014,116.4,33.4,3.4000000000000004
-30.13573889,30.67422222,14-08-2014,70.1,87.8,1.9000000000000001
-28.376944,24.303056,14-08-2014,34.0,191.6,1.8
-25.447222,30.711667,14-08-2014,116.8,35.7,3.3000000000000003
-29.744167,29.905833,15-08-2014,88.3,68.9,2.3000000000000003
-27.902778,24.615556,15-08-2014,37.100002,186.6,2.0
-29.803611,30.516111,15-08-2014,92.3,59.4,2.3000000000000003
-28.96362,19.15486,16-08-2014,4.4,243.90001,0.2
-25.99136,27.84208,18-08-2014,58.9,109.1,2.9000000000000004
-26.73806,27.59194,18-08-2014,46.7,122.200005,2.4000000000000004
-26.45,28.085833,18-08-2014,48.4,116.1,2.5
-28.1175,26.719444,18-08-2014,36.100002,155.40001,1.9000000000000001
-27.671111,27.236944,18-08-2014,38.600002,144.8,2.0
-29.160278,26.573333,18-08-2014,32.2,168.6,1.7000000000000002
-29.140556,31.391944,19-08-2014,108.4,49.9,5.7
-26.006389,29.253889,19-08-2014,93.700005,60.0,3.0
-28.801278,31.955389,19-08-2014,68.4,92.700005,3.6
-27.169444,29.233889,19-08-2014,48.0,108.200005,2.5
-26.861111,28.884722,19-08-2014,48.5,109.8,2.5
-27.00222,28.76528,19-08-2014,46.8,112.8,2.4000000000000004
-26.98472222,26.63227778,19-08-2014,45.2,139.5,2.4000000000000004
-27.935,26.126667,19-08-2014,35.600002,161.40001,1.9000000000000001
-27.398611,26.614722,19-08-2014,39.7,153.40001,2.1
-28.69485,28.23487,19-08-2014,49.9,113.4,2.5
-28.883333,27.89,19-08-2014,48.4,120.5,2.4000000000000004
-25.45963889,28.26430556,19-08-2014,62.0,110.3,2.6
-27.495556,26.074722,19-08-2014,38.4,161.5,2.0
-27.4,26.624722,19-08-2014,39.7,153.40001,2.1
-29.161667,23.696389,20-08-2014,22.1,213.90001,1.2000000000000002
-27.01011111,26.69808333,20-08-2014,43.8,141.7,2.3000000000000003
-25.81048333,27.90955222,20-08-2014,57.3,113.700005,2.8000000000000003
-28.747778,31.745833,20-08-2014,69.8,91.8,3.7
-28.404444,30.013056,20-08-2014,53.3,111.700005,2.5
-26.648056,27.089444,20-08-2014,45.9,128.90001,2.4000000000000004
-26.970278,27.211111,20-08-2014,43.7,132.40001,2.3000000000000003
-26.880278,26.965,20-08-2014,44.600002,132.90001,2.3000000000000003
-28.1175,26.719444,20-08-2014,36.100002,155.40001,1.9000000000000001
-30.160091,27.40124,20-08-2014,34.7,147.90001,1.8
-30.336111,27.359444,20-08-2014,34.2,149.1,1.8
-29.615556,27.065278,20-08-2014,35.100002,153.7,1.8
-28.058889,30.373611,20-08-2014,82.0,77.1,2.9000000000000004
-30.830556,26.921389,21-08-2014,27.1,162.3,1.4000000000000001
-27.937778,31.209444,21-08-2014,142.40001,17.300001,5.9
-27.5275,30.858056,21-08-2014,135.40001,17.5,5.5
-28.116667,26.725278,21-08-2014,36.100002,155.40001,1.9000000000000001
-31.000833,26.353056,21-08-2014,24.7,169.40001,1.3
-30.679722,26.7125,21-08-2014,26.6,167.7,1.4000000000000001
-28.883333,27.89,21-08-2014,48.4,120.5,2.4000000000000004
-30.534167,24.961944,21-08-2014,21.300001,199.6,1.1
-31.394444,20.947222,21-08-2014,3.3,236.7,0.2
-24.925278,29.324444,22-08-2014,64.6,108.4,2.0
-29.658056,25.973333,22-08-2014,25.800001,178.2,1.4000000000000001
-26.45,28.085833,25-08-2014,48.4,116.1,2.5
-29.042222,24.6,25-08-2014,28.300001,198.2,1.5
-29.028629,24.638389,25-08-2014,29.2,196.0,1.5
-33.818056,19.694722,25-08-2014,14.900001,197.6,0.7000000000000001
-32.502778,19.535833,25-08-2014,2.4,230.5,0.1
-27.01011111,26.69808333,26-08-2014,43.8,141.7,2.3000000000000003
-25.127778,27.628889,26-08-2014,45.4,138.90001,2.4000000000000004
-25.20639,27.558,26-08-2014,45.5,137.3,2.4000000000000004
-24.69514,27.40906,26-08-2014,45.7,141.3,2.4000000000000004
-23.281,30.54305556,26-08-2014,62.2,98.5,2.8000000000000003
-26.861111,28.884722,26-08-2014,48.5,109.8,2.5
-26.648056,27.089444,26-08-2014,45.9,128.90001,2.4000000000000004
-26.970278,27.211111,26-08-2014,43.7,132.40001,2.3000000000000003
-26.880278,26.965,26-08-2014,44.600002,132.90001,2.3000000000000003
-26.98472222,26.63227778,26-08-2014,45.2,139.5,2.4000000000000004
-28.141944,26.417778,26-08-2014,35.4,160.6,1.9000000000000001
-28.1175,26.719444,26-08-2014,36.100002,155.40001,1.9000000000000001
-33.501667,21.624167,26-08-2014,12.1,185.8,0.6000000000000001
-34.075556,20.145556,26-08-2014,14.6,184.6,0.8
-31.5653,18.3306,26-08-2014,1.1,218.1,0.1
-32.94583,18.33667,26-08-2014,5.9,198.40001,0.30000000000000004
-28.338333,31.373611,26-08-2014,140.5,16.9,5.9
-28.068333,31.55,26-08-2014,139.90001,24.5,5.2
-24.39619444,27.08983333,27-08-2014,41.8,146.1,2.2
-22.769722,30.886944,27-08-2014,69.700005,96.1,2.3000000000000003
-28.44555556,32.325,19-11-2014,130.40001,26.800001,4.4
-29.161667,30.629722,27-08-2014,79.9,68.5,2.5
-27.00222,28.76528,27-08-2014,46.8,112.8,2.4000000000000004
-27.02314,28.59389,27-08-2014,46.4,115.4,2.4000000000000004
-27.4275,28.525833,27-08-2014,48.600002,113.4,2.4000000000000004
-27.3,28.586944,27-08-2014,47.7,114.4,2.4000000000000004
-27.398611,26.614722,27-08-2014,39.7,153.40001,2.1
-33.13083,18.86278,27-08-2014,9.7,199.7,0.4
-33.7075,18.97444444,27-08-2014,17.5,194.5,0.8
-28.308889,31.9025,27-08-2014,120.200005,41.5,4.2
-26.619444,27.980833,28-08-2014,46.4,120.8,2.4000000000000004
-26.510278,28.351389,28-08-2014,47.7,115.1,2.5
-27.671111,27.236944,28-08-2014,38.600002,144.8,2.0
-27.573056,24.746389,28-08-2014,40.7,174.7,2.1
-28.376944,24.303056,28-08-2014,34.0,191.6,1.8
-28.75,30.442778,29-08-2014,46.3,122.3,2.2
-29.744167,29.905833,29-08-2014,88.3,68.9,2.3000000000000003
-27.902778,24.615556,29-08-2014,37.100002,186.6,2.0
-25.99136,27.84208,01-09-2014,58.9,109.1,2.9000000000000004
-26.73806,27.59194,01-09-2014,46.7,122.200005,2.4000000000000004
-26.45,28.085833,01-09-2014,48.4,116.1,2.5
-28.141944,26.417778,01-09-2014,35.4,160.6,1.9000000000000001
-28.116667,26.725278,01-09-2014,36.100002,155.40001,1.9000000000000001
-33.38056,19.30167,01-09-2014,13.5,193.40001,0.6000000000000001
-34.065833,20.404167,02-09-2014,13.0,184.5,0.7000000000000001
-31.860278,18.6875,02-09-2014,1.7,227.7,0.1
-27.169444,29.233889,02-09-2014,48.0,108.200005,2.5
-26.861111,28.884722,02-09-2014,48.5,109.8,2.5
-27.00222,28.76528,02-09-2014,46.8,112.8,2.4000000000000004
-26.880278,26.965,02-09-2014,44.600002,132.90001,2.3000000000000003
-27.935,26.126667,02-09-2014,35.600002,161.40001,1.9000000000000001
-27.671111,27.236944,02-09-2014,38.600002,144.8,2.0
-34.031944,22.053333,02-09-2014,18.7,149.8,1.0
-34.039722,22.133333,02-09-2014,19.4,147.5,1.0
-25.45963889,28.26430556,02-09-2014,62.0,110.3,2.6
-25.57877778,29.12747222,02-09-2014,84.5,81.9,2.8000000000000003
-29.161667,23.696389,03-09-2014,22.1,213.90001,1.2000000000000002
-25.81048333,27.90955222,03-09-2014,57.3,113.700005,2.8000000000000003
-23.658056,31.05,03-09-2014,42.3,117.8,1.9000000000000001
-26.006389,29.253889,03-09-2014,93.700005,60.0,3.0
-27.602222,29.942778,03-09-2014,60.3,102.0,2.9000000000000004
-27.802778,28.768333,03-09-2014,49.3,109.3,2.4000000000000004
-29.160278,26.573333,03-09-2014,32.2,168.6,1.7000000000000002
-31.436944,20.474722,03-09-2014,2.4,231.3,0.1
-34.405833,19.600556,03-09-2014,23.7,149.3,1.2000000000000002
-27.363611,31.783333,04-09-2014,72.1,84.8,3.2
-26.970278,27.211111,04-09-2014,43.7,132.40001,2.3000000000000003
-27.671111,27.236944,04-09-2014,38.600002,144.8,2.0
-34.329722,18.990278,04-09-2014,29.0,139.3,1.4000000000000001
-33.897778,20.012778,04-09-2014,13.0,188.3,0.7000000000000001
-27.01011111,26.69808333,05-09-2014,43.8,141.7,2.3000000000000003
-26.905,32.324722,05-09-2014,70.4,90.8,3.7
-28.735556,29.820556,05-09-2014,53.4,111.4,2.6
-29.744167,29.905833,05-09-2014,88.3,68.9,2.3000000000000003
-26.98472222,26.63227778,05-09-2014,45.2,139.5,2.4000000000000004
-34.005833,22.351111,05-09-2014,23.1,137.3,1.2000000000000002
-27.495556,26.074722,05-09-2014,38.4,161.5,2.0
-28.96362,19.15486,06-09-2014,4.4,243.90001,0.2
-28.338333,31.373611,06-09-2014,140.5,16.9,5.9
-29.7775,29.470833,08-09-2014,84.9,65.5,3.0
-29.987778,29.851667,08-09-2014,87.1,65.8,2.2
-29.744167,29.905833,08-09-2014,88.3,68.9,2.3000000000000003
-26.98472222,26.63227778,08-09-2014,45.2,139.5,2.4000000000000004
-27.671111,27.236944,08-09-2014,38.600002,144.8,2.0
-29.160278,26.573333,08-09-2014,32.2,168.6,1.7000000000000002
-33.31388889,19.07472222,08-09-2014,11.8,204.8,0.5
-25.127778,27.628889,09-09-2014,45.4,138.90001,2.4000000000000004
-25.20639,27.558,09-09-2014,45.5,137.3,2.4000000000000004
-24.39619444,27.08983333,09-09-2014,41.8,146.1,2.2
-24.69514,27.40906,09-09-2014,45.7,141.3,2.4000000000000004
-30.733889,29.828333,09-09-2014,49.9,101.1,1.6
-29.380556,30.2775,09-09-2014,88.5,61.2,2.5
-28.141944,26.417778,09-09-2014,35.4,160.6,1.9000000000000001
-28.1175,26.719444,09-09-2014,36.100002,155.40001,1.9000000000000001
-27.398611,26.614722,09-09-2014,39.7,153.40001,2.1
-28.69485,28.23487,09-09-2014,49.9,113.4,2.5
-29.615556,27.065278,09-09-2014,35.100002,153.7,1.8
-28.883333,27.89,09-09-2014,48.4,120.5,2.4000000000000004
-31.554722,29.245556,09-09-2014,37.600002,109.1,1.5
-27.4,26.624722,09-09-2014,39.7,153.40001,2.1
-29.161667,23.696389,10-09-2014,22.1,213.90001,1.2000000000000002
-27.01011111,26.69808333,10-09-2014,43.8,141.7,2.3000000000000003
-26.648056,27.089444,10-09-2014,45.9,128.90001,2.4000000000000004
-26.970278,27.211111,10-09-2014,43.7,132.40001,2.3000000000000003
-26.880278,26.965,10-09-2014,44.600002,132.90001,2.3000000000000003
-26.98472222,26.63227778,10-09-2014,45.2,139.5,2.4000000000000004
-27.671111,27.236944,10-09-2014,38.600002,144.8,2.0
-30.160091,27.40124,10-09-2014,34.7,147.90001,1.8
-30.336111,27.359444,10-09-2014,34.2,149.1,1.8
-28.460833,21.248889,10-09-2014,15.400001,225.8,0.8
-30.568333,29.422778,10-09-2014,35.8,117.6,1.8
-30.570833,29.150556,10-09-2014,36.600002,117.5,1.9000000000000001
-30.830556,26.921389,11-09-2014,27.1,162.3,1.4000000000000001
-30.13573889,30.67422222,11-09-2014,70.1,87.8,1.9000000000000001
-27.38972222,26.46388889,11-09-2014,39.5,155.90001,2.1
-27.398611,26.614722,11-09-2014,39.7,153.40001,2.1
-28.376944,24.303056,11-09-2014,34.0,191.6,1.8
-31.000833,26.353056,11-09-2014,24.7,169.40001,1.3
-30.679722,26.7125,11-09-2014,26.6,167.7,1.4000000000000001
-30.534167,24.961944,11-09-2014,21.300001,199.6,1.1
-30.77586667,29.03221667,11-09-2014,30.7,128.0,1.6
-27.902778,24.615556,12-09-2014,37.100002,186.6,2.0
-29.803611,30.516111,12-09-2014,92.3,59.4,2.3000000000000003
-24.679167,30.8025,15-09-2014,119.700005,25.1,4.0
-25.99136,27.84208,15-09-2014,58.9,109.1,2.9000000000000004
-25.513889,31.224444,15-09-2014,118.0,31.300001,3.4000000000000004
-26.73806,27.59194,15-09-2014,46.7,122.200005,2.4000000000000004
-26.45,28.085833,15-09-2014,48.4,116.1,2.5
-29.042222,24.6,15-09-2014,28.300001,198.2,1.5
-29.028629,24.638389,15-09-2014,29.2,196.0,1.5
-22.225556,29.990556,16-09-2014,24.2,155.3,1.3
-25.436111,31.982222,16-09-2014,82.700005,62.3,3.0
-29.140556,31.391944,16-09-2014,108.4,49.9,5.7
-24.183889,30.823889,16-09-2014,99.0,60.9,2.3000000000000003
-25.73411,27.21422,16-09-2014,55.9,116.6,2.9000000000000004
-23.838611,31.640833,16-09-2014,45.0,116.3,2.0
-24.058889,31.237222,16-09-2014,66.700005,90.9,2.3000000000000003
-26.03611,30.99778,16-09-2014,129.90001,27.2,4.4
-25.681111,31.783333,16-09-2014,86.0,64.200005,2.9000000000000004
-25.362222,31.956667,16-09-2014,81.9,61.5,2.9000000000000004
-27.169444,29.233889,16-09-2014,48.0,108.200005,2.5
-26.861111,28.884722,16-09-2014,48.5,109.8,2.5
-27.802778,28.768333,16-09-2014,49.3,109.3,2.4000000000000004
-33.501667,21.624167,16-09-2014,12.1,185.8,0.6000000000000001
-25.45963889,28.26430556,16-09-2014,62.0,110.3,2.6
-25.81048333,27.90955222,17-09-2014,57.3,113.700005,2.8000000000000003
-24.282222,28.090278,17-09-2014,80.8,91.1,2.8000000000000003
-23.23572222,27.717,17-09-2014,30.1,156.8,1.6
-24.670833,28.560833,17-09-2014,87.9,84.3,2.3000000000000003
-22.91028,29.61111,17-09-2014,55.3,110.0,1.9000000000000001
-24.768889,31.39,17-09-2014,111.1,38.7,2.9000000000000004
-28.801278,31.955389,17-09-2014,68.4,92.700005,3.6
-28.404444,30.013056,17-09-2014,53.3,111.700005,2.5
-27.00222,28.76528,17-09-2014,46.8,112.8,2.4000000000000004
-27.02314,28.59389,17-09-2014,46.4,115.4,2.4000000000000004
-27.273889,28.49,17-09-2014,46.9,115.5,2.4000000000000004
-27.4275,28.525833,17-09-2014,48.600002,113.4,2.4000000000000004
-27.3,28.586944,17-09-2014,47.7,114.4,2.4000000000000004
-27.935,26.126667,17-09-2014,35.600002,161.40001,1.9000000000000001
-28.768056,20.720556,17-09-2014,10.7,243.40001,0.6000000000000001
-28.058889,30.373611,17-09-2014,82.0,77.1,2.9000000000000004
-23.763056,27.908611,18-09-2014,42.5,136.5,2.1
-24.99328,30.81444,18-09-2014,113.0,22.4,3.9000000000000004
-28.747778,31.745833,18-09-2014,69.8,91.8,3.7
-27.937778,31.209444,18-09-2014,142.40001,17.300001,5.9
-27.5275,30.858056,18-09-2014,135.40001,17.5,5.5
-26.619444,27.980833,18-09-2014,46.4,120.8,2.4000000000000004
-29.744167,29.905833,19-09-2014,88.3,68.9,2.3000000000000003
-31.394444,20.947222,22-09-2014,3.3,236.7,0.2
-33.818056,19.694722,22-09-2014,14.900001,197.6,0.7000000000000001
-32.502778,19.535833,22-09-2014,2.4,230.5,0.1
-27.01011111,26.69808333,23-09-2014,43.8,141.7,2.3000000000000003
-31.860278,18.6875,23-09-2014,1.7,227.7,0.1
-25.127778,27.628889,23-09-2014,45.4,138.90001,2.4000000000000004
-25.20639,27.558,23-09-2014,45.5,137.3,2.4000000000000004
-24.69514,27.40906,23-09-2014,45.7,141.3,2.4000000000000004
-25.73411,27.21422,23-09-2014,55.9,116.6,2.9000000000000004
-26.970278,27.211111,23-09-2014,43.7,132.40001,2.3000000000000003
-26.880278,26.965,23-09-2014,44.600002,132.90001,2.3000000000000003
-26.98472222,26.63227778,23-09-2014,45.2,139.5,2.4000000000000004
-27.398611,26.614722,23-09-2014,39.7,153.40001,2.1
-27.671111,27.236944,23-09-2014,38.600002,144.8,2.0
-34.075556,20.145556,23-09-2014,14.6,184.6,0.8
-31.5653,18.3306,23-09-2014,1.1,218.1,0.1
-28.338333,31.373611,23-09-2014,140.5,16.9,5.9
-27.495556,26.074722,23-09-2014,38.4,161.5,2.0
-27.4,26.624722,23-09-2014,39.7,153.40001,2.1
-29.641944,30.6875,24-09-2014,80.0,75.4,2.4000000000000004
-29.161667,30.629722,24-09-2014,79.9,68.5,2.5
-27.00222,28.76528,24-09-2014,46.8,112.8,2.4000000000000004
-26.619444,27.980833,24-09-2014,46.4,120.8,2.4000000000000004
-26.45,28.085833,24-09-2014,48.4,116.1,2.5
-33.38056,19.30167,24-09-2014,13.5,193.40001,0.6000000000000001
-23.281,30.54305556,25-09-2014,62.2,98.5,2.8000000000000003
-26.861111,28.884722,25-09-2014,48.5,109.8,2.5
-28.376944,24.303056,25-09-2014,34.0,191.6,1.8
-32.94583,18.33667,25-09-2014,5.9,198.40001,0.30000000000000004
-26.648056,27.089444,26-09-2014,45.9,128.90001,2.4000000000000004
-27.573056,24.746389,26-09-2014,40.7,174.7,2.1
-27.902778,24.615556,26-09-2014,37.100002,186.6,2.0
-28.96362,19.15486,26-09-2014,4.4,243.90001,0.2
-25.99136,27.84208,29-09-2014,58.9,109.1,2.9000000000000004
-27.01011111,26.69808333,30-09-2014,43.8,141.7,2.3000000000000003
-34.065833,20.404167,30-09-2014,13.0,184.5,0.7000000000000001
-30.398056,30.601944,30-09-2014,51.9,105.8,1.6
-26.648056,27.089444,30-09-2014,45.9,128.90001,2.4000000000000004
-26.970278,27.211111,30-09-2014,43.7,132.40001,2.3000000000000003
-26.880278,26.965,30-09-2014,44.600002,132.90001,2.3000000000000003
-26.73806,27.59194,30-09-2014,46.7,122.200005,2.4000000000000004
-26.45,28.085833,30-09-2014,48.4,116.1,2.5
-26.98472222,26.63227778,30-09-2014,45.2,139.5,2.4000000000000004
-27.935,26.126667,30-09-2014,35.600002,161.40001,1.9000000000000001
-28.141944,26.417778,30-09-2014,35.4,160.6,1.9000000000000001
-33.31388889,19.07472222,30-09-2014,11.8,204.8,0.5
-33.7075,18.97444444,30-09-2014,17.5,194.5,0.8
-25.45963889,28.26430556,30-09-2014,62.0,110.3,2.6
-25.81048333,27.90955222,01-10-2014,57.3,113.700005,2.8000000000000003
-27.169444,29.233889,01-10-2014,48.0,108.200005,2.5
-26.861111,28.884722,01-10-2014,48.5,109.8,2.5
-34.405833,19.600556,01-10-2014,23.7,149.3,1.2000000000000002
-33.13083,18.86278,01-10-2014,9.7,199.7,0.4
-25.73411,27.21422,02-10-2014,55.9,116.6,2.9000000000000004
-27.00222,28.76528,02-10-2014,46.8,112.8,2.4000000000000004
-26.619444,27.980833,02-10-2014,46.4,120.8,2.4000000000000004
-26.98472222,26.63227778,02-10-2014,45.2,139.5,2.4000000000000004
-34.329722,18.990278,02-10-2014,29.0,139.3,1.4000000000000001
-33.897778,20.012778,02-10-2014,13.0,188.3,0.7000000000000001
-29.744167,29.905833,03-10-2014,88.3,68.9,2.3000000000000003
-31.031389,28.883333,03-10-2014,30.5,123.9,1.6
-30.86013889,29.07125,03-10-2014,29.300001,128.7,1.5
-30.77586667,29.03221667,03-10-2014,30.7,128.0,1.6
-25.49037,30.6986,06-10-2014,116.4,33.4,3.4000000000000004
-29.160278,26.573333,06-10-2014,32.2,168.6,1.7000000000000002
-30.568333,29.422778,06-10-2014,35.8,117.6,1.8
-30.570833,29.150556,06-10-2014,36.600002,117.5,1.9000000000000001
-25.447222,30.711667,06-10-2014,116.8,35.7,3.3000000000000003
-28.7115,24.07288889,07-10-2014,29.6,200.6,1.6
-25.127778,27.628889,07-10-2014,45.4,138.90001,2.4000000000000004
-24.69514,27.40906,07-10-2014,45.7,141.3,2.4000000000000004
-22.769722,30.886944,07-10-2014,69.700005,96.1,2.3000000000000003
-31.396,29.2651,07-10-2014,26.300001,128.90001,1.4000000000000001
-34.031944,22.053333,07-10-2014,18.7,149.8,1.0
-34.039722,22.133333,07-10-2014,19.4,147.5,1.0
-25.20639,27.558,08-10-2014,45.5,137.3,2.4000000000000004
-25.73411,27.21422,08-10-2014,55.9,116.6,2.9000000000000004
-23.281,30.54305556,08-10-2014,62.2,98.5,2.8000000000000003
-26.905,32.324722,08-10-2014,70.4,90.8,3.7
-29.380556,30.2775,08-10-2014,88.5,61.2,2.5
-26.970278,27.211111,08-10-2014,43.7,132.40001,2.3000000000000003
-28.116667,26.725278,08-10-2014,36.100002,155.40001,1.9000000000000001
-31.104278,29.399722,08-10-2014,27.2,127.3,1.4000000000000001
-34.02861,22.22222,08-10-2014,20.0,144.3,1.0
-27.01011111,26.69808333,09-10-2014,43.8,141.7,2.3000000000000003
-25.127778,27.628889,09-10-2014,45.4,138.90001,2.4000000000000004
-23.658056,31.05,09-10-2014,42.3,117.8,1.9000000000000001
-26.861111,28.884722,09-10-2014,48.5,109.8,2.5
-26.45,28.085833,09-10-2014,48.4,116.1,2.5
-26.98472222,26.63227778,09-10-2014,45.2,139.5,2.4000000000000004
-27.671111,27.236944,09-10-2014,38.600002,144.8,2.0
-28.376944,24.303056,09-10-2014,34.0,191.6,1.8
-31.554722,29.245556,09-10-2014,37.600002,109.1,1.5
-34.005833,22.351111,09-10-2014,23.1,137.3,1.2000000000000002
-27.495556,26.074722,09-10-2014,38.4,161.5,2.0
-26.648056,27.089444,10-10-2014,45.9,128.90001,2.4000000000000004
-26.880278,26.965,10-10-2014,44.600002,132.90001,2.3000000000000003
-27.573056,24.746389,10-10-2014,40.7,174.7,2.1
-27.902778,24.615556,10-10-2014,37.100002,186.6,2.0
-31.031389,28.883333,16-02-2011,98.0,40.9,5.1000000000000005
-25.99136,27.84208,13-10-2014,58.9,109.1,2.9000000000000004
-26.510278,28.351389,13-10-2014,47.7,115.1,2.5
-26.73806,27.59194,13-10-2014,46.7,122.200005,2.4000000000000004
-26.45,28.085833,13-10-2014,48.4,116.1,2.5
-27.671111,27.236944,13-10-2014,38.600002,144.8,2.0
-29.160278,26.573333,13-10-2014,32.2,168.6,1.7000000000000002
-29.042222,24.6,13-10-2014,28.300001,198.2,1.5
-29.028629,24.638389,13-10-2014,29.2,196.0,1.5
-27.01011111,26.69808333,14-10-2014,43.8,141.7,2.3000000000000003
-29.140556,31.391944,14-10-2014,108.4,49.9,5.7
-25.73411,27.21422,14-10-2014,55.9,116.6,2.9000000000000004
-27.169444,29.233889,14-10-2014,48.0,108.200005,2.5
-26.861111,28.884722,14-10-2014,48.5,109.8,2.5
-27.802778,28.768333,14-10-2014,49.3,109.3,2.4000000000000004
-26.98472222,26.63227778,14-10-2014,45.2,139.5,2.4000000000000004
-28.1175,26.719444,14-10-2014,36.100002,155.40001,1.9000000000000001
-28.116667,26.725278,14-10-2014,36.100002,155.40001,1.9000000000000001
-27.398611,26.614722,14-10-2014,39.7,153.40001,2.1
-28.69485,28.23487,14-10-2014,49.9,113.4,2.5
-29.615556,27.065278,14-10-2014,35.100002,153.7,1.8
-28.883333,27.89,14-10-2014,48.4,120.5,2.4000000000000004
-27.4,26.624722,14-10-2014,39.7,153.40001,2.1
-25.81048333,27.90955222,15-10-2014,57.3,113.700005,2.8000000000000003
-28.747778,31.745833,15-10-2014,69.8,91.8,3.7
-28.404444,30.013056,15-10-2014,53.3,111.700005,2.5
-27.00222,28.76528,15-10-2014,46.8,112.8,2.4000000000000004
-27.02314,28.59389,15-10-2014,46.4,115.4,2.4000000000000004
-26.648056,27.089444,15-10-2014,45.9,128.90001,2.4000000000000004
-26.970278,27.211111,15-10-2014,43.7,132.40001,2.3000000000000003
-26.880278,26.965,15-10-2014,44.600002,132.90001,2.3000000000000003
-27.273889,28.49,15-10-2014,46.9,115.5,2.4000000000000004
-27.4275,28.525833,15-10-2014,48.600002,113.4,2.4000000000000004
-27.3,28.586944,15-10-2014,47.7,114.4,2.4000000000000004
-27.935,26.126667,15-10-2014,35.600002,161.40001,1.9000000000000001
-28.141944,26.417778,15-10-2014,35.4,160.6,1.9000000000000001
-27.671111,27.236944,15-10-2014,38.600002,144.8,2.0
-30.160091,27.40124,15-10-2014,34.7,147.90001,1.8
-30.336111,27.359444,15-10-2014,34.2,149.1,1.8
-28.768056,20.720556,15-10-2014,10.7,243.40001,0.6000000000000001
-34.092222,21.295278,15-10-2014,15.5,168.40001,0.8
-28.058889,30.373611,15-10-2014,82.0,77.1,2.9000000000000004
-30.830556,26.921389,16-10-2014,27.1,162.3,1.4000000000000001
-25.49037,30.6986,16-10-2014,116.4,33.4,3.4000000000000004
-27.937778,31.209444,16-10-2014,142.40001,17.300001,5.9
-27.5275,30.858056,16-10-2014,135.40001,17.5,5.5
-29.744167,29.905833,16-10-2014,88.3,68.9,2.3000000000000003
-26.619444,27.980833,16-10-2014,46.4,120.8,2.4000000000000004
-27.38972222,26.46388889,16-10-2014,39.5,155.90001,2.1
-27.398611,26.614722,16-10-2014,39.7,153.40001,2.1
-31.000833,26.353056,16-10-2014,24.7,169.40001,1.3
-30.679722,26.7125,16-10-2014,26.6,167.7,1.4000000000000001
-27.4,26.624722,16-10-2014,39.7,153.40001,2.1
-24.99328,30.81444,20-10-2014,113.0,22.4,3.9000000000000004
-33.818056,19.694722,20-10-2014,14.900001,197.6,0.7000000000000001
-32.502778,19.535833,20-10-2014,2.4,230.5,0.1
-25.127778,27.628889,21-10-2014,45.4,138.90001,2.4000000000000004
-25.20639,27.558,21-10-2014,45.5,137.3,2.4000000000000004
-24.69514,27.40906,21-10-2014,45.7,141.3,2.4000000000000004
-26.006389,29.253889,21-10-2014,93.700005,60.0,3.0
-25.513889,31.224444,21-10-2014,118.0,31.300001,3.4000000000000004
-25.398889,31.610556,21-10-2014,90.3,56.7,2.8000000000000003
-26.970278,27.211111,21-10-2014,43.7,132.40001,2.3000000000000003
-26.45,28.085833,21-10-2014,48.4,116.1,2.5
-34.075556,20.145556,21-10-2014,14.6,184.6,0.8
-32.595833,19.009444,21-10-2014,3.7,227.7,0.2
-28.338333,31.373611,21-10-2014,140.5,16.9,5.9
-28.068333,31.55,21-10-2014,139.90001,24.5,5.2
-27.01011111,26.69808333,22-10-2014,43.8,141.7,2.3000000000000003
-29.641944,30.6875,22-10-2014,80.0,75.4,2.4000000000000004
-24.39619444,27.08983333,22-10-2014,41.8,146.1,2.2
-28.44555556,32.325,16-12-2014,130.40001,26.800001,4.4
-26.861111,28.884722,22-10-2014,48.5,109.8,2.5
-26.648056,27.089444,22-10-2014,45.9,128.90001,2.4000000000000004
-26.880278,26.965,22-10-2014,44.600002,132.90001,2.3000000000000003
-26.98472222,26.63227778,22-10-2014,45.2,139.5,2.4000000000000004
-34.250556,20.9925,22-10-2014,15.8,172.5,0.8
-25.57877778,29.12747222,22-10-2014,84.5,81.9,2.8000000000000003
-25.436111,31.982222,23-10-2014,82.700005,62.3,3.0
-25.681111,31.783333,23-10-2014,86.0,64.200005,2.9000000000000004
-25.362222,31.956667,23-10-2014,81.9,61.5,2.9000000000000004
-28.75,30.442778,23-10-2014,46.3,122.3,2.2
-29.161667,30.629722,23-10-2014,79.9,68.5,2.5
-27.00222,28.76528,23-10-2014,46.8,112.8,2.4000000000000004
-26.619444,27.980833,23-10-2014,46.4,120.8,2.4000000000000004
-27.573056,24.746389,23-10-2014,40.7,174.7,2.1
-32.94583,18.33667,23-10-2014,5.9,198.40001,0.30000000000000004
-28.308889,31.9025,23-10-2014,120.200005,41.5,4.2
-23.838611,31.640833,24-10-2014,45.0,116.3,2.0
-24.95861111,29.39527778,24-10-2014,65.0,109.200005,2.2
-27.902778,24.615556,24-10-2014,37.100002,186.6,2.0
-29.161667,23.696389,27-10-2014,22.1,213.90001,1.2000000000000002
-25.99136,27.84208,27-10-2014,58.9,109.1,2.9000000000000004
-31.554722,29.245556,27-10-2014,37.600002,109.1,1.5
-28.7115,24.07288889,28-10-2014,29.6,200.6,1.6
-34.065833,20.404167,28-10-2014,13.0,184.5,0.7000000000000001
-22.91028,29.61111,28-10-2014,55.3,110.0,1.9000000000000001
-26.970278,27.211111,28-10-2014,43.7,132.40001,2.3000000000000003
-26.880278,26.965,28-10-2014,44.600002,132.90001,2.3000000000000003
-27.802778,28.768333,28-10-2014,49.3,109.3,2.4000000000000004
-27.671111,27.236944,28-10-2014,38.600002,144.8,2.0
-29.1825,23.575556,28-10-2014,21.0,214.40001,1.1
-30.568333,29.422778,28-10-2014,35.8,117.6,1.8
-30.570833,29.150556,28-10-2014,36.600002,117.5,1.9000000000000001
-31.104278,29.399722,28-10-2014,27.2,127.3,1.4000000000000001
-33.501667,21.624167,28-10-2014,12.1,185.8,0.6000000000000001
-27.01011111,26.69808333,29-10-2014,43.8,141.7,2.3000000000000003
-25.81048333,27.90955222,29-10-2014,57.3,113.700005,2.8000000000000003
-22.935,28.004167,29-10-2014,26.1,159.40001,1.4000000000000001
-24.282222,28.090278,29-10-2014,80.8,91.1,2.8000000000000003
-24.670833,28.560833,29-10-2014,87.9,84.3,2.3000000000000003
-25.73411,27.21422,29-10-2014,55.9,116.6,2.9000000000000004
-26.905,32.324722,29-10-2014,70.4,90.8,3.7
-28.735556,29.820556,29-10-2014,53.4,111.4,2.6
-26.861111,28.884722,29-10-2014,48.5,109.8,2.5
-26.648056,27.089444,29-10-2014,45.9,128.90001,2.4000000000000004
-27.273889,28.49,29-10-2014,46.9,115.5,2.4000000000000004
-27.3,28.586944,29-10-2014,47.7,114.4,2.4000000000000004
-26.98472222,26.63227778,29-10-2014,45.2,139.5,2.4000000000000004
-28.768056,20.720556,29-10-2014,10.7,243.40001,0.6000000000000001
-31.031389,28.883333,29-10-2014,30.5,123.9,1.6
-30.86013889,29.07125,29-10-2014,29.300001,128.7,1.5
-30.77586667,29.03221667,29-10-2014,30.7,128.0,1.6
-34.405833,19.600556,29-10-2014,23.7,149.3,1.2000000000000002
-33.13083,18.86278,29-10-2014,9.7,199.7,0.4
-33.7075,18.97444444,29-10-2014,17.5,194.5,0.8
-27.363611,31.783333,30-10-2014,72.1,84.8,3.2
-27.602222,29.942778,30-10-2014,60.3,102.0,2.9000000000000004
-27.00222,28.76528,30-10-2014,46.8,112.8,2.4000000000000004
-26.619444,27.980833,30-10-2014,46.4,120.8,2.4000000000000004
-26.73806,27.59194,30-10-2014,46.7,122.200005,2.4000000000000004
-34.329722,18.990278,30-10-2014,29.0,139.3,1.4000000000000001
-33.31388889,19.07472222,30-10-2014,11.8,204.8,0.5
-33.897778,20.012778,30-10-2014,13.0,188.3,0.7000000000000001
-29.744167,29.905833,31-10-2014,88.3,68.9,2.3000000000000003
-28.404444,30.013056,02-11-2014,53.3,111.700005,2.5
-29.744167,29.905833,03-11-2014,88.3,68.9,2.3000000000000003
-26.73806,27.59194,03-11-2014,46.7,122.200005,2.4000000000000004
-26.45,28.085833,03-11-2014,48.4,116.1,2.5
-27.671111,27.236944,03-11-2014,38.600002,144.8,2.0
-30.733889,29.828333,04-11-2014,49.9,101.1,1.6
-29.380556,30.2775,04-11-2014,88.5,61.2,2.5
-27.169444,29.233889,04-11-2014,48.0,108.200005,2.5
-26.861111,28.884722,04-11-2014,48.5,109.8,2.5
-26.98472222,26.63227778,04-11-2014,45.2,139.5,2.4000000000000004
-28.141944,26.417778,04-11-2014,35.4,160.6,1.9000000000000001
-27.398611,26.614722,04-11-2014,39.7,153.40001,2.1
-29.160278,26.573333,04-11-2014,32.2,168.6,1.7000000000000002
-28.69485,28.23487,04-11-2014,49.9,113.4,2.5
-28.883333,27.89,04-11-2014,48.4,120.5,2.4000000000000004
-34.039722,22.133333,04-11-2014,19.4,147.5,1.0
-27.4,26.624722,04-11-2014,39.7,153.40001,2.1
-27.01011111,26.69808333,05-11-2014,43.8,141.7,2.3000000000000003
-25.73411,27.21422,05-11-2014,55.9,116.6,2.9000000000000004
-30.398056,30.601944,05-11-2014,51.9,105.8,1.6
-27.00222,28.76528,05-11-2014,46.8,112.8,2.4000000000000004
-27.02314,28.59389,05-11-2014,46.4,115.4,2.4000000000000004
-26.648056,27.089444,05-11-2014,45.9,128.90001,2.4000000000000004
-26.970278,27.211111,05-11-2014,43.7,132.40001,2.3000000000000003
-26.880278,26.965,05-11-2014,44.600002,132.90001,2.3000000000000003
-27.273889,28.49,05-11-2014,46.9,115.5,2.4000000000000004
-27.4275,28.525833,05-11-2014,48.600002,113.4,2.4000000000000004
-27.3,28.586944,05-11-2014,47.7,114.4,2.4000000000000004
-28.116667,26.725278,05-11-2014,36.100002,155.40001,1.9000000000000001
-30.160091,27.40124,05-11-2014,34.7,147.90001,1.8
-30.336111,27.359444,05-11-2014,34.2,149.1,1.8
-29.615556,27.065278,05-11-2014,35.100002,153.7,1.8
-34.02861,22.22222,05-11-2014,20.0,144.3,1.0
-30.830556,26.921389,06-11-2014,27.1,162.3,1.4000000000000001
-26.619444,27.980833,06-11-2014,46.4,120.8,2.4000000000000004
-28.376944,24.303056,06-11-2014,34.0,191.6,1.8
-31.000833,26.353056,06-11-2014,24.7,169.40001,1.3
-30.679722,26.7125,06-11-2014,26.6,167.7,1.4000000000000001
-23.838611,31.640833,07-11-2014,45.0,116.3,2.0
-27.902778,24.615556,07-11-2014,37.100002,186.6,2.0
-29.658056,25.973333,07-11-2014,25.800001,178.2,1.4000000000000001
-25.99136,27.84208,10-11-2014,58.9,109.1,2.9000000000000004
-28.1175,26.719444,10-11-2014,36.100002,155.40001,1.9000000000000001
-27.671111,27.236944,10-11-2014,38.600002,144.8,2.0
-29.140556,31.391944,11-11-2014,108.4,49.9,5.7
-24.183889,30.823889,11-11-2014,99.0,60.9,2.3000000000000003
-25.73411,27.21422,11-11-2014,55.9,116.6,2.9000000000000004
-28.801278,31.955389,11-11-2014,68.4,92.700005,3.6
-26.73806,27.59194,11-11-2014,46.7,122.200005,2.4000000000000004
-26.45,28.085833,11-11-2014,48.4,116.1,2.5
-26.98472222,26.63227778,11-11-2014,45.2,139.5,2.4000000000000004
-27.935,26.126667,11-11-2014,35.600002,161.40001,1.9000000000000001
-28.141944,26.417778,11-11-2014,35.4,160.6,1.9000000000000001
-27.398611,26.614722,11-11-2014,39.7,153.40001,2.1
-34.092222,21.295278,11-11-2014,15.5,168.40001,0.8
-25.45963889,28.26430556,11-11-2014,62.0,110.3,2.6
-27.4,26.624722,11-11-2014,39.7,153.40001,2.1
-27.01011111,26.69808333,12-11-2014,43.8,141.7,2.3000000000000003
-25.81048333,27.90955222,12-11-2014,57.3,113.700005,2.8000000000000003
-24.670833,28.560833,12-11-2014,87.9,84.3,2.3000000000000003
-22.769722,30.886944,12-11-2014,69.700005,96.1,2.3000000000000003
-24.058889,31.237222,12-11-2014,66.700005,90.9,2.3000000000000003
-28.747778,31.745833,12-11-2014,69.8,91.8,3.7
-27.937778,31.209444,12-11-2014,142.40001,17.300001,5.9
-29.744167,29.905833,12-11-2014,88.3,68.9,2.3000000000000003
-27.169444,29.233889,12-11-2014,48.0,108.200005,2.5
-26.861111,28.884722,12-11-2014,48.5,109.8,2.5
-26.648056,27.089444,12-11-2014,45.9,128.90001,2.4000000000000004
-26.970278,27.211111,12-11-2014,43.7,132.40001,2.3000000000000003
-26.880278,26.965,12-11-2014,44.600002,132.90001,2.3000000000000003
-27.802778,28.768333,12-11-2014,49.3,109.3,2.4000000000000004
-25.127778,27.628889,13-11-2014,45.4,138.90001,2.4000000000000004
-25.20639,27.558,13-11-2014,45.5,137.3,2.4000000000000004
-23.658056,31.05,13-11-2014,42.3,117.8,1.9000000000000001
-23.281,30.54305556,13-11-2014,62.2,98.5,2.8000000000000003
-27.5275,30.858056,13-11-2014,135.40001,17.5,5.5
-27.00222,28.76528,13-11-2014,46.8,112.8,2.4000000000000004
-27.273889,28.49,13-11-2014,46.9,115.5,2.4000000000000004
-27.4275,28.525833,13-11-2014,48.600002,113.4,2.4000000000000004
-27.3,28.586944,13-11-2014,47.7,114.4,2.4000000000000004
-24.679167,30.8025,14-11-2014,119.700005,25.1,4.0
-26.98472222,26.63227778,14-11-2014,45.2,139.5,2.4000000000000004
-25.49037,30.6986,17-11-2014,116.4,33.4,3.4000000000000004
-27.671111,27.236944,17-11-2014,38.600002,144.8,2.0
-29.042222,24.6,17-11-2014,28.300001,198.2,1.5
-29.033333,23.983333,17-11-2014,25.4,204.40001,1.3
-25.447222,30.711667,17-11-2014,116.8,35.7,3.3000000000000003
-25.127778,27.628889,18-11-2014,45.4,138.90001,2.4000000000000004
-25.20639,27.558,18-11-2014,45.5,137.3,2.4000000000000004
-24.69514,27.40906,18-11-2014,45.7,141.3,2.4000000000000004
-26.006389,29.253889,18-11-2014,93.700005,60.0,3.0
-25.513889,31.224444,18-11-2014,118.0,31.300001,3.4000000000000004
-25.398889,31.610556,18-11-2014,90.3,56.7,2.8000000000000003
-28.141944,26.417778,18-11-2014,35.4,160.6,1.9000000000000001
-28.1175,26.719444,18-11-2014,36.100002,155.40001,1.9000000000000001
-29.028629,24.638389,18-11-2014,29.2,196.0,1.5
-28.338333,31.373611,18-11-2014,140.5,16.9,5.9
-28.068333,31.55,18-11-2014,139.90001,24.5,5.2
-29.641944,30.6875,19-11-2014,80.0,75.4,2.4000000000000004
-24.39619444,27.08983333,19-11-2014,41.8,146.1,2.2
-25.681111,31.783333,19-11-2014,86.0,64.200005,2.9000000000000004
-28.44555556,32.325,14-01-2015,14.7,147.6,0.7000000000000001
-29.161667,30.629722,19-11-2014,79.9,68.5,2.5
-26.45,28.085833,19-11-2014,48.4,116.1,2.5
-27.38972222,26.46388889,19-11-2014,39.5,155.90001,2.1
-27.398611,26.614722,19-11-2014,39.7,153.40001,2.1
-25.57877778,29.12747222,19-11-2014,84.5,81.9,2.8000000000000003
-26.03611,30.99778,20-11-2014,129.90001,27.2,4.4
-28.75,30.442778,20-11-2014,46.3,122.3,2.2
-26.861111,28.884722,20-11-2014,48.5,109.8,2.5
-27.671111,27.236944,20-11-2014,38.600002,144.8,2.0
-28.376944,24.303056,20-11-2014,34.0,191.6,1.8
-29.160278,26.573333,20-11-2014,32.2,168.6,1.7000000000000002
-28.308889,31.9025,20-11-2014,120.200005,41.5,4.2
-24.9675,31.516667,21-11-2014,92.700005,57.5,2.7
-28.058889,30.373611,22-11-2014,82.0,77.1,2.9000000000000004
-23.23572222,27.717,24-11-2014,30.1,156.8,1.6
-25.99136,27.84208,24-11-2014,58.9,109.1,2.9000000000000004
-27.671111,27.236944,24-11-2014,38.600002,144.8,2.0
-31.554722,29.245556,24-11-2014,37.600002,109.1,1.5
-33.818056,19.694722,24-11-2014,14.900001,197.6,0.7000000000000001
-32.502778,19.535833,24-11-2014,2.4,230.5,0.1
-27.01011111,26.69808333,25-11-2014,43.8,141.7,2.3000000000000003
-31.860278,18.6875,25-11-2014,1.7,227.7,0.1
-22.91028,29.61111,25-11-2014,55.3,110.0,1.9000000000000001
-26.970278,27.211111,25-11-2014,43.7,132.40001,2.3000000000000003
-26.880278,26.965,25-11-2014,44.600002,132.90001,2.3000000000000003
-28.1175,26.719444,25-11-2014,36.100002,155.40001,1.9000000000000001
-30.568333,29.422778,25-11-2014,35.8,117.6,1.8
-30.570833,29.150556,25-11-2014,36.600002,117.5,1.9000000000000001
-31.104278,29.399722,25-11-2014,27.2,127.3,1.4000000000000001
-33.501667,21.624167,25-11-2014,12.1,185.8,0.6000000000000001
-34.075556,20.145556,25-11-2014,14.6,184.6,0.8
-32.595833,19.009444,25-11-2014,3.7,227.7,0.2
-25.45963889,28.26430556,25-11-2014,62.0,110.3,2.6
-25.81048333,27.90955222,26-11-2014,57.3,113.700005,2.8000000000000003
-24.282222,28.090278,26-11-2014,80.8,91.1,2.8000000000000003
-23.763056,27.908611,26-11-2014,42.5,136.5,2.1
-26.905,32.324722,26-11-2014,70.4,90.8,3.7
-27.602222,29.942778,26-11-2014,60.3,102.0,2.9000000000000004
-27.00222,28.76528,26-11-2014,46.8,112.8,2.4000000000000004
-26.73806,27.59194,26-11-2014,46.7,122.200005,2.4000000000000004
-26.45,28.085833,26-11-2014,48.4,116.1,2.5
-29.042222,24.6,26-11-2014,28.300001,198.2,1.5
-29.033333,23.983333,26-11-2014,25.4,204.40001,1.3
-31.031389,28.883333,26-11-2014,30.5,123.9,1.6
-30.86013889,29.07125,26-11-2014,29.300001,128.7,1.5
-30.77586667,29.03221667,26-11-2014,30.7,128.0,1.6
-34.250556,20.9925,26-11-2014,15.8,172.5,0.8
-33.38056,19.30167,26-11-2014,13.5,193.40001,0.6000000000000001
-27.169444,29.233889,27-11-2014,48.0,108.200005,2.5
-26.861111,28.884722,27-11-2014,48.5,109.8,2.5
-29.028629,24.638389,27-11-2014,29.2,196.0,1.5
-32.94583,18.33667,27-11-2014,5.9,198.40001,0.30000000000000004
-23.838611,31.640833,28-11-2014,45.0,116.3,2.0
-29.744167,29.905833,28-11-2014,88.3,68.9,2.3000000000000003
-26.648056,27.089444,28-11-2014,45.9,128.90001,2.4000000000000004
-28.116667,26.725278,28-11-2014,36.100002,155.40001,1.9000000000000001
-27.573056,24.746389,28-11-2014,40.7,174.7,2.1
-29.744167,29.905833,01-12-2014,88.3,68.9,2.3000000000000003
-29.380556,30.2775,01-12-2014,88.5,61.2,2.5
-26.970278,27.211111,01-12-2014,43.7,132.40001,2.3000000000000003
-29.160278,26.573333,01-12-2014,32.2,168.6,1.7000000000000002
-27.01011111,26.69808333,02-12-2014,43.8,141.7,2.3000000000000003
-34.065833,20.404167,02-12-2014,13.0,184.5,0.7000000000000001
-25.127778,27.628889,02-12-2014,45.4,138.90001,2.4000000000000004
-24.69514,27.40906,02-12-2014,45.7,141.3,2.4000000000000004
-25.49037,30.6986,02-12-2014,116.4,33.4,3.4000000000000004
-26.861111,28.884722,02-12-2014,48.5,109.8,2.5
-26.648056,27.089444,02-12-2014,45.9,128.90001,2.4000000000000004
-26.880278,26.965,02-12-2014,44.600002,132.90001,2.3000000000000003
-26.98472222,26.63227778,02-12-2014,45.2,139.5,2.4000000000000004
-27.671111,27.236944,02-12-2014,38.600002,144.8,2.0
-28.69485,28.23487,02-12-2014,49.9,113.4,2.5
-29.615556,27.065278,02-12-2014,35.100002,153.7,1.8
-28.883333,27.89,02-12-2014,48.4,120.5,2.4000000000000004
-34.092222,21.295278,02-12-2014,15.5,168.40001,0.8
-33.31388889,19.07472222,02-12-2014,11.8,204.8,0.5
-33.7075,18.97444444,02-12-2014,17.5,194.5,0.8
-25.20639,27.558,03-12-2014,45.5,137.3,2.4000000000000004
-25.73411,27.21422,03-12-2014,55.9,116.6,2.9000000000000004
-26.45,28.085833,03-12-2014,48.4,116.1,2.5
-27.273889,28.49,03-12-2014,46.9,115.5,2.4000000000000004
-27.4275,28.525833,03-12-2014,48.600002,113.4,2.4000000000000004
-27.3,28.586944,03-12-2014,47.7,114.4,2.4000000000000004
-30.160091,27.40124,03-12-2014,34.7,147.90001,1.8
-30.336111,27.359444,03-12-2014,34.2,149.1,1.8
-34.039722,22.133333,03-12-2014,19.4,147.5,1.0
-34.02861,22.22222,03-12-2014,20.0,144.3,1.0
-34.405833,19.600556,03-12-2014,23.7,149.3,1.2000000000000002
-33.13083,18.86278,03-12-2014,9.7,199.7,0.4
-33.464444,18.740556,03-12-2014,13.7,197.0,0.6000000000000001
-30.830556,26.921389,04-12-2014,27.1,162.3,1.4000000000000001
-25.362222,31.956667,04-12-2014,81.9,61.5,2.9000000000000004
-27.902778,24.615556,04-12-2014,37.100002,186.6,2.0
-28.376944,24.303056,04-12-2014,34.0,191.6,1.8
-29.160278,26.573333,04-12-2014,32.2,168.6,1.7000000000000002
-30.679722,26.7125,04-12-2014,26.6,167.7,1.4000000000000001
-34.329722,18.990278,04-12-2014,29.0,139.3,1.4000000000000001
-29.803611,30.516111,04-12-2014,92.3,59.4,2.3000000000000003
-33.897778,20.012778,04-12-2014,13.0,188.3,0.7000000000000001
-26.98472222,26.63227778,05-12-2014,45.2,139.5,2.4000000000000004
-25.99136,27.84208,08-12-2014,58.9,109.1,2.9000000000000004
-26.45,28.085833,08-12-2014,48.4,116.1,2.5
-28.141944,26.417778,08-12-2014,35.4,160.6,1.9000000000000001
-29.042222,24.6,08-12-2014,28.300001,198.2,1.5
-29.028629,24.638389,08-12-2014,29.2,196.0,1.5
-29.033333,23.983333,08-12-2014,25.4,204.40001,1.3
-28.460833,21.248889,08-12-2014,15.400001,225.8,0.8
-30.86013889,29.07125,08-12-2014,29.300001,128.7,1.5
-30.77586667,29.03221667,08-12-2014,30.7,128.0,1.6
-29.140556,31.391944,09-12-2014,108.4,49.9,5.7
-24.183889,30.823889,09-12-2014,99.0,60.9,2.3000000000000003
-24.69514,27.40906,09-12-2014,45.7,141.3,2.4000000000000004
-25.73411,27.21422,09-12-2014,55.9,116.6,2.9000000000000004
-28.747778,31.745833,09-12-2014,69.8,91.8,3.7
-28.801278,31.955389,09-12-2014,68.4,92.700005,3.6
-26.861111,28.884722,09-12-2014,48.5,109.8,2.5
-28.1175,26.719444,09-12-2014,36.100002,155.40001,1.9000000000000001
-27.398611,26.614722,09-12-2014,39.7,153.40001,2.1
-30.568333,29.422778,09-12-2014,35.8,117.6,1.8
-30.570833,29.150556,09-12-2014,36.600002,117.5,1.9000000000000001
-31.554722,29.245556,09-12-2014,37.600002,109.1,1.5
-25.45963889,28.26430556,09-12-2014,62.0,110.3,2.6
-27.4,26.624722,09-12-2014,39.7,153.40001,2.1
-27.01011111,26.69808333,10-12-2014,43.8,141.7,2.3000000000000003
-25.81048333,27.90955222,10-12-2014,57.3,113.700005,2.8000000000000003
-29.641944,30.6875,10-12-2014,80.0,75.4,2.4000000000000004
-24.670833,28.560833,10-12-2014,87.9,84.3,2.3000000000000003
-28.404444,30.013056,10-12-2014,53.3,111.700005,2.5
-26.648056,27.089444,10-12-2014,45.9,128.90001,2.4000000000000004
-26.970278,27.211111,10-12-2014,43.7,132.40001,2.3000000000000003
-26.880278,26.965,10-12-2014,44.600002,132.90001,2.3000000000000003
-26.98472222,26.63227778,10-12-2014,45.2,139.5,2.4000000000000004
-27.671111,27.236944,10-12-2014,38.600002,144.8,2.0
-28.058889,30.373611,10-12-2014,82.0,77.1,2.9000000000000004
-23.658056,31.05,11-12-2014,42.3,117.8,1.9000000000000001
-23.281,30.54305556,11-12-2014,62.2,98.5,2.8000000000000003
-27.5275,30.858056,11-12-2014,135.40001,17.5,5.5
-27.38972222,26.46388889,11-12-2014,39.5,155.90001,2.1
-27.398611,26.614722,11-12-2014,39.7,153.40001,2.1
-27.4,26.624722,11-12-2014,39.7,153.40001,2.1
-24.679167,30.8025,12-12-2014,119.700005,25.1,4.0
-29.744167,29.905833,12-12-2014,88.3,68.9,2.3000000000000003
-26.73806,27.59194,15-12-2014,46.7,122.200005,2.4000000000000004
-27.671111,27.236944,15-12-2014,38.600002,144.8,2.0
-25.127778,27.628889,16-12-2014,45.4,138.90001,2.4000000000000004
-28.44555556,32.325,18-02-2015,14.7,147.6,0.7000000000000001
-26.970278,27.211111,16-12-2014,43.7,132.40001,2.3000000000000003
-27.01011111,26.69808333,17-12-2014,43.8,141.7,2.3000000000000003
-27.602222,29.942778,17-12-2014,60.3,102.0,2.9000000000000004
-28.75,30.442778,17-12-2014,46.3,122.3,2.2
-29.161667,30.629722,17-12-2014,79.9,68.5,2.5
-26.648056,27.089444,17-12-2014,45.9,128.90001,2.4000000000000004
-26.880278,26.965,17-12-2014,44.600002,132.90001,2.3000000000000003
-26.45,28.085833,17-12-2014,48.4,116.1,2.5
-26.98472222,26.63227778,17-12-2014,45.2,139.5,2.4000000000000004
-33.501667,21.624167,17-12-2014,12.1,185.8,0.6000000000000001
-29.641944,30.6875,18-12-2014,80.0,75.4,2.4000000000000004
-26.905,32.324722,18-12-2014,70.4,90.8,3.7
-27.169444,29.233889,18-12-2014,48.0,108.200005,2.5
-26.861111,28.884722,18-12-2014,48.5,109.8,2.5
-27.00222,28.76528,18-12-2014,46.8,112.8,2.4000000000000004
-28.376944,24.303056,18-12-2014,34.0,191.6,1.8
-34.250556,20.9925,18-12-2014,15.8,172.5,0.8
-27.902778,24.615556,19-12-2014,37.100002,186.6,2.0
-22.43772222,31.07805556,21-12-2014,38.0,138.1,1.7000000000000002
-24.282222,28.090278,22-12-2014,80.8,91.1,2.8000000000000003
-30.733889,29.828333,22-12-2014,49.9,101.1,1.6
-26.970278,27.211111,22-12-2014,43.7,132.40001,2.3000000000000003
-26.880278,26.965,22-12-2014,44.600002,132.90001,2.3000000000000003
-26.45,28.085833,22-12-2014,48.4,116.1,2.5
-27.01011111,26.69808333,23-12-2014,43.8,141.7,2.3000000000000003
-25.81048333,27.90955222,23-12-2014,57.3,113.700005,2.8000000000000003
-22.225556,29.990556,23-12-2014,24.2,155.3,1.3
-22.91028,29.61111,23-12-2014,55.3,110.0,1.9000000000000001
-26.861111,28.884722,23-12-2014,48.5,109.8,2.5
-27.00222,28.76528,23-12-2014,46.8,112.8,2.4000000000000004
-26.98472222,26.63227778,23-12-2014,45.2,139.5,2.4000000000000004
-29.744167,29.905833,24-12-2014,88.3,68.9,2.3000000000000003
-29.161667,23.696389,31-12-2014,22.1,213.90001,1.2000000000000002
-28.376944,24.303056,01-01-2015,34.0,191.6,1.8
-27.902778,24.615556,02-01-2015,57.7,133.40001,3.0
-25.99136,27.84208,05-01-2015,1.5,90.8,0.0
-29.987778,29.851667,05-01-2015,15.1,59.2,0.5
-29.744167,29.905833,05-01-2015,11.400001,65.5,0.4
-26.970278,27.211111,05-01-2015,1.9,89.3,0.1
-28.1175,26.719444,05-01-2015,4.1,85.4,0.2
-27.671111,27.236944,05-01-2015,3.4,86.8,0.2
-29.140556,31.391944,06-01-2015,30.5,34.3,1.6
-25.73411,27.21422,06-01-2015,18.300001,63.5,1.0
-30.733889,29.828333,06-01-2015,61.9,3.3,3.2
-27.935,26.126667,06-01-2015,24.800001,46.7,1.3
-28.141944,26.417778,06-01-2015,28.6,41.4,1.5
-27.398611,26.614722,06-01-2015,34.8,41.600002,1.8
-29.160278,26.573333,06-01-2015,33.8,32.0,1.8
-28.69485,28.23487,06-01-2015,40.8,20.7,2.1
-28.883333,27.89,06-01-2015,40.0,18.300001,2.1
-27.01011111,26.69808333,07-01-2015,7.4,74.6,0.4
-25.81048333,27.90955222,07-01-2015,6.4,77.700005,0.30000000000000004
-28.747778,31.745833,07-01-2015,73.0,0.0,5.9
-28.801278,31.955389,07-01-2015,72.4,0.0,14.5
-28.404444,30.013056,07-01-2015,14.8,55.4,0.8
-26.648056,27.089444,07-01-2015,7.9,72.700005,0.4
-26.880278,26.965,07-01-2015,9.400001,70.9,0.5
-26.98472222,26.63227778,07-01-2015,7.5,74.6,0.4
-28.116667,26.725278,07-01-2015,11.5,64.3,0.6000000000000001
-30.160091,27.40124,07-01-2015,19.0,40.4,1.0
-30.336111,27.359444,07-01-2015,21.6,36.600002,1.1
-29.615556,27.065278,07-01-2015,19.0,47.7,1.0
-30.830556,26.921389,08-01-2015,26.1,63.4,1.4000000000000001
-31.000833,26.353056,08-01-2015,30.2,57.0,1.6
-30.679722,26.7125,08-01-2015,25.6,65.3,1.3
-23.838611,31.640833,09-01-2015,16.0,105.3,0.8
-27.5275,30.858056,09-01-2015,39.4,68.8,2.0
-29.744167,29.905833,09-01-2015,33.0,71.3,1.7000000000000002
-30.398056,30.601944,09-01-2015,58.9,40.8,3.0
-26.98472222,26.63227778,09-01-2015,34.8,113.6,1.8
-27.573056,24.746389,09-01-2015,16.6,136.7,0.9
-29.658056,25.973333,09-01-2015,12.1,122.1,0.6000000000000001
-29.803611,30.516111,09-01-2015,41.5,60.2,2.1
-28.735556,29.820556,12-01-2015,15.2,165.1,0.8
-26.970278,27.211111,12-01-2015,27.2,172.6,1.4000000000000001
-26.73806,27.59194,12-01-2015,32.3,161.0,1.7000000000000002
-25.127778,27.628889,13-01-2015,46.100002,157.3,2.4000000000000004
-25.20639,27.558,13-01-2015,45.9,158.5,2.4000000000000004
-24.69514,27.40906,13-01-2015,45.3,164.8,2.4000000000000004
-28.141944,26.417778,13-01-2015,12.6,207.8,0.7000000000000001
-28.1175,26.719444,13-01-2015,13.2,203.1,0.7000000000000001
-28.116667,26.725278,13-01-2015,13.2,203.1,0.7000000000000001
-30.568333,29.422778,13-01-2015,24.5,133.3,1.3
-30.570833,29.150556,13-01-2015,24.4,135.3,1.3
-28.338333,31.373611,13-01-2015,35.5,129.40001,1.9000000000000001
-28.068333,31.55,13-01-2015,13.6,162.5,0.7000000000000001
-27.01011111,26.69808333,14-01-2015,24.2,185.8,1.3
-29.641944,30.6875,14-01-2015,16.4,142.3,0.8
-24.39619444,27.08983333,14-01-2015,41.2,167.6,2.2
-25.73411,27.21422,14-01-2015,45.0,149.2,2.4000000000000004
-28.44555556,32.325,09-04-2015,14.7,147.6,0.7000000000000001
-27.602222,29.942778,14-01-2015,33.5,152.40001,1.7000000000000002
-28.75,30.442778,14-01-2015,15.0,166.40001,0.8
-29.161667,30.629722,14-01-2015,17.1,137.90001,0.9
-26.648056,27.089444,14-01-2015,31.300001,166.0,1.6
-26.45,28.085833,14-01-2015,36.9,149.8,1.9000000000000001
-27.38972222,26.46388889,14-01-2015,18.5,201.1,1.0
-26.98472222,26.63227778,14-01-2015,24.9,182.90001,1.3
-27.398611,26.614722,14-01-2015,18.800001,199.40001,1.0
-31.104278,29.399722,14-01-2015,27.1,127.1,1.4000000000000001
-31.396,29.2651,14-01-2015,27.1,128.6,1.4000000000000001
-31.554722,29.245556,14-01-2015,28.7,116.5,1.5
-27.169444,29.233889,15-01-2015,32.8,144.2,1.7000000000000002
-27.02314,28.59389,15-01-2015,32.2,153.3,1.7000000000000002
-27.398611,26.614722,15-01-2015,18.800001,199.40001,1.0
-27.573056,24.746389,15-01-2015,13.3,221.7,0.7000000000000001
-28.376944,24.303056,15-01-2015,8.5,222.2,0.4
-31.031389,28.883333,15-01-2015,25.300001,135.8,1.3
-30.86013889,29.07125,15-01-2015,24.5,137.3,1.3
-30.77586667,29.03221667,15-01-2015,24.5,138.40001,1.3
-26.619444,27.980833,16-01-2015,34.9,155.1,1.8
-27.671111,27.236944,16-01-2015,18.1,191.40001,1.0
-27.902778,24.615556,16-01-2015,11.0,219.90001,0.6000000000000001
-28.747778,31.745833,17-01-2015,100.9,70.5,5.2
-25.99136,27.84208,19-01-2015,43.9,143.7,2.3000000000000003
-26.970278,27.211111,19-01-2015,27.2,172.6,1.4000000000000001
-29.028629,24.638389,19-01-2015,6.9,228.7,0.4
-29.033333,23.983333,19-01-2015,5.3,225.40001,0.30000000000000004
-33.818056,19.694722,19-01-2015,13.6,189.1,0.7000000000000001
-27.01011111,26.69808333,20-01-2015,24.2,185.8,1.3
-22.225556,29.990556,20-01-2015,28.2,164.6,1.5
-26.98472222,26.63227778,20-01-2015,24.9,182.90001,1.3
-27.935,26.126667,20-01-2015,12.2,210.6,0.6000000000000001
-28.1175,26.719444,20-01-2015,13.2,203.1,0.7000000000000001
-34.075556,20.145556,20-01-2015,12.900001,169.6,0.6000000000000001
-32.502778,19.535833,20-01-2015,5.0,229.0,0.30000000000000004
-29.161667,23.696389,21-01-2015,4.1,228.0,0.2
-25.81048333,27.90955222,21-01-2015,44.7,147.2,2.3000000000000003
-29.641944,30.6875,21-01-2015,16.4,142.3,0.8
-25.73411,27.21422,21-01-2015,45.0,149.2,2.4000000000000004
-26.648056,27.089444,21-01-2015,31.300001,166.0,1.6
-29.160278,26.573333,21-01-2015,9.5,210.6,0.5
-29.033333,23.983333,21-01-2015,5.3,225.40001,0.30000000000000004
-26.03611,30.99778,22-01-2015,49.600002,123.700005,2.6
-27.363611,31.783333,22-01-2015,16.5,154.0,0.8
-26.905,32.324722,22-01-2015,17.6,157.40001,0.9
-28.116667,26.725278,22-01-2015,13.2,203.1,0.7000000000000001
-23.838611,31.640833,23-01-2015,37.100002,144.1,1.9000000000000001
-29.744167,29.905833,23-01-2015,26.1,134.90001,1.3
-28.96362,19.15486,24-01-2015,0.2,253.5,0.0
-26.73806,27.59194,26-01-2015,32.3,161.0,1.7000000000000002
-26.45,28.085833,26-01-2015,36.9,149.8,1.9000000000000001
-34.065833,20.404167,27-01-2015,11.7,165.90001,0.6000000000000001
-25.127778,27.628889,27-01-2015,46.100002,157.3,2.4000000000000004
-25.20639,27.558,27-01-2015,45.9,158.5,2.4000000000000004
-24.39619444,27.08983333,27-01-2015,41.2,167.6,2.2
-24.69514,27.40906,27-01-2015,45.3,164.8,2.4000000000000004
-27.169444,29.233889,27-01-2015,32.8,144.2,1.7000000000000002
-26.861111,28.884722,27-01-2015,34.100002,148.3,1.8
-26.970278,27.211111,27-01-2015,27.2,172.6,1.4000000000000001
-26.880278,26.965,27-01-2015,27.300001,174.5,1.4000000000000001
-33.501667,21.624167,27-01-2015,8.6,181.0,0.5
-32.595833,19.009444,27-01-2015,7.5,213.7,0.30000000000000004
-29.161667,23.696389,28-01-2015,4.1,228.0,0.2
-28.7115,24.07288889,28-01-2015,6.4,225.1,0.30000000000000004
-27.01011111,26.69808333,28-01-2015,24.2,185.8,1.3
-24.282222,28.090278,28-01-2015,49.2,138.1,2.6
-23.763056,27.908611,28-01-2015,41.3,149.40001,2.2
-23.658056,31.05,28-01-2015,34.7,142.40001,1.8
-23.281,30.54305556,28-01-2015,35.2,142.0,1.8
-27.937778,31.209444,28-01-2015,15.1,155.8,0.8
-28.404444,30.013056,28-01-2015,15.2,166.3,0.8
-26.648056,27.089444,28-01-2015,31.300001,166.0,1.6
-27.273889,28.49,28-01-2015,29.7,157.0,1.6
-27.4275,28.525833,28-01-2015,28.6,157.5,1.5
-27.3,28.586944,28-01-2015,29.7,155.90001,1.6
-26.98472222,26.63227778,28-01-2015,24.9,182.90001,1.3
-34.405833,19.600556,28-01-2015,18.0,145.0,0.9
-28.068333,31.55,28-01-2015,13.6,162.5,0.7000000000000001
-28.058889,30.373611,28-01-2015,21.9,154.5,1.1
-22.935,28.004167,29-01-2015,30.6,168.90001,1.6
-22.225556,29.990556,29-01-2015,28.2,164.6,1.5
-24.670833,28.560833,29-01-2015,56.5,131.0,3.0
-27.5275,30.858056,29-01-2015,28.9,137.40001,1.5
-28.376944,24.303056,29-01-2015,8.5,222.2,0.4
-34.329722,18.990278,29-01-2015,22.5,143.90001,0.9
-33.38056,19.30167,29-01-2015,14.5,181.90001,0.7000000000000001
-27.573056,24.746389,30-01-2015,13.3,221.7,0.7000000000000001
-27.902778,24.615556,30-01-2015,11.0,219.90001,0.6000000000000001
-25.99136,27.84208,02-02-2015,43.9,143.7,2.3000000000000003
-29.7775,29.470833,02-02-2015,29.300001,128.5,1.5
-29.744167,29.905833,02-02-2015,26.1,134.90001,1.3
-26.970278,27.211111,02-02-2015,27.2,172.6,1.4000000000000001
-28.116667,26.725278,02-02-2015,13.2,203.1,0.7000000000000001
-27.671111,27.236944,02-02-2015,18.1,191.40001,1.0
-33.818056,19.694722,02-02-2015,13.6,189.1,0.7000000000000001
-29.140556,31.391944,03-02-2015,106.8,55.0,5.6000000000000005
-25.73411,27.21422,03-02-2015,45.0,149.2,2.4000000000000004
-28.801278,31.955389,03-02-2015,66.1,103.5,3.4000000000000004
-29.987778,29.851667,03-02-2015,27.6,127.700005,1.4000000000000001
-26.98472222,26.63227778,03-02-2015,24.9,182.90001,1.3
-27.398611,26.614722,03-02-2015,18.800001,199.40001,1.0
-33.31388889,19.07472222,03-02-2015,14.6,192.90001,0.6000000000000001
-25.45963889,28.26430556,03-02-2015,47.100002,145.8,2.5
-27.4,26.624722,03-02-2015,18.800001,199.40001,1.0
-27.01011111,26.69808333,04-02-2015,24.2,185.8,1.3
-25.81048333,27.90955222,04-02-2015,44.7,147.2,2.3000000000000003
-29.641944,30.6875,04-02-2015,16.4,142.3,0.8
-28.747778,31.745833,04-02-2015,100.9,70.5,5.2
-26.648056,27.089444,04-02-2015,31.300001,166.0,1.6
-27.671111,27.236944,04-02-2015,18.1,191.40001,1.0
-28.768056,20.720556,04-02-2015,0.7,253.0,0.0
-32.94583,18.33667,04-02-2015,7.8,191.1,0.4
-30.13573889,30.67422222,05-02-2015,25.0,131.6,1.3
-29.160278,26.573333,05-02-2015,9.5,210.6,0.5
-33.13083,18.86278,05-02-2015,12.3,197.6,0.5
-29.744167,29.905833,06-02-2015,26.1,134.90001,1.3
-29.380556,30.2775,06-02-2015,19.5,133.2,1.0
-29.803611,30.516111,06-02-2015,21.800001,130.90001,1.1
-23.838611,31.640833,09-02-2015,37.100002,144.1,1.9000000000000001
-25.49037,30.6986,09-02-2015,48.9,116.1,2.5
-25.513889,31.224444,09-02-2015,42.2,124.1,2.2
-28.735556,29.820556,09-02-2015,15.2,165.1,0.8
-26.970278,27.211111,09-02-2015,27.2,172.6,1.4000000000000001
-26.45,28.085833,09-02-2015,36.9,149.8,1.9000000000000001
-25.447222,30.711667,09-02-2015,47.4,119.6,2.4000000000000004
-28.760833,17.730278,10-02-2015,0.1,248.1,0.0
-27.01011111,26.69808333,10-02-2015,24.2,185.8,1.3
-25.436111,31.982222,10-02-2015,28.6,136.0,1.5
-25.20639,27.558,10-02-2015,45.9,158.5,2.4000000000000004
-24.69514,27.40906,10-02-2015,45.3,164.8,2.4000000000000004
-23.281,30.54305556,10-02-2015,35.2,142.0,1.8
-25.681111,31.783333,10-02-2015,30.7,134.40001,1.6
-25.398889,31.610556,10-02-2015,33.3,129.6,1.7000000000000002
-24.99328,30.81444,10-02-2015,63.100002,86.8,3.2
-27.602222,29.942778,10-02-2015,33.5,152.40001,1.7000000000000002
-26.861111,28.884722,10-02-2015,34.100002,148.3,1.8
-26.648056,27.089444,10-02-2015,31.300001,166.0,1.6
-26.98472222,26.63227778,10-02-2015,24.9,182.90001,1.3
-28.141944,26.417778,10-02-2015,12.6,207.8,0.7000000000000001
-28.1175,26.719444,10-02-2015,13.2,203.1,0.7000000000000001
-28.116667,26.725278,10-02-2015,13.2,203.1,0.7000000000000001
-29.1825,23.575556,10-02-2015,3.7,232.7,0.2
-31.396,29.2651,10-02-2015,27.1,128.6,1.4000000000000001
-31.554722,29.245556,10-02-2015,28.7,116.5,1.5
-34.039722,22.133333,10-02-2015,11.8,150.0,0.6000000000000001
-29.161667,23.696389,11-02-2015,4.1,228.0,0.2
-24.670833,28.560833,11-02-2015,56.5,131.0,3.0
-24.39619444,27.08983333,11-02-2015,41.2,167.6,2.2
-24.058889,31.237222,11-02-2015,40.4,133.7,2.1
-25.362222,31.956667,11-02-2015,28.800001,133.3,1.5
-25.14944444,31.94055556,11-02-2015,29.800001,132.6,1.5
-28.75,30.442778,11-02-2015,15.0,166.40001,0.8
-29.161667,30.629722,11-02-2015,17.1,137.90001,0.9
-27.38972222,26.46388889,11-02-2015,18.5,201.1,1.0
-27.398611,26.614722,11-02-2015,18.800001,199.40001,1.0
-31.104278,29.399722,11-02-2015,27.1,127.1,1.4000000000000001
-30.77586667,29.03221667,11-02-2015,24.5,138.40001,1.3
-34.005833,22.351111,11-02-2015,13.8,142.7,0.7000000000000001
-23.658056,31.05,12-02-2015,34.7,142.40001,1.8
-27.671111,27.236944,12-02-2015,18.1,191.40001,1.0
-28.376944,24.303056,12-02-2015,8.5,222.2,0.4
-30.568333,29.422778,12-02-2015,24.5,133.3,1.3
-31.031389,28.883333,12-02-2015,25.300001,135.8,1.3
-30.86013889,29.07125,12-02-2015,24.5,137.3,1.3
-30.570833,29.150556,12-02-2015,24.4,135.3,1.3
-28.338333,31.373611,12-02-2015,35.5,129.40001,1.9000000000000001
-24.679167,30.8025,13-02-2015,66.4,96.3,3.4000000000000004
-22.769722,30.886944,13-02-2015,44.8,138.3,2.3000000000000003
-24.768889,31.39,13-02-2015,42.8,123.200005,2.2
-24.9675,31.516667,13-02-2015,37.7,130.2,1.9000000000000001
-27.573056,24.746389,13-02-2015,13.3,221.7,0.7000000000000001
-27.902778,24.615556,13-02-2015,11.0,219.90001,0.6000000000000001
-28.96362,19.15486,14-02-2015,0.2,253.5,0.0
-25.99136,27.84208,16-02-2015,43.9,143.7,2.3000000000000003
-26.970278,27.211111,16-02-2015,27.2,172.6,1.4000000000000001
-26.73806,27.59194,16-02-2015,32.3,161.0,1.7000000000000002
-26.45,28.085833,16-02-2015,36.9,149.8,1.9000000000000001
-27.671111,27.236944,16-02-2015,18.1,191.40001,1.0
-32.502778,19.535833,16-02-2015,5.0,229.0,0.30000000000000004
-27.01011111,26.69808333,17-02-2015,24.2,185.8,1.3
-27.169444,29.233889,17-02-2015,32.8,144.2,1.7000000000000002
-26.861111,28.884722,17-02-2015,34.100002,148.3,1.8
-27.02314,28.59389,17-02-2015,32.2,153.3,1.7000000000000002
-26.98472222,26.63227778,17-02-2015,24.9,182.90001,1.3
-29.160278,26.573333,17-02-2015,9.5,210.6,0.5
-28.69485,28.23487,17-02-2015,17.300001,169.1,0.9
-28.883333,27.89,17-02-2015,16.0,174.6,0.8
-31.436944,20.474722,17-02-2015,4.8,231.0,0.30000000000000004
-34.075556,20.145556,17-02-2015,12.900001,169.6,0.6000000000000001
-32.595833,19.009444,17-02-2015,7.5,213.7,0.30000000000000004
-25.45963889,28.26430556,17-02-2015,47.100002,145.8,2.5
-28.068333,31.55,17-02-2015,13.6,162.5,0.7000000000000001
-29.161667,23.696389,18-02-2015,4.1,228.0,0.2
-25.81048333,27.90955222,18-02-2015,44.7,147.2,2.3000000000000003
-22.225556,29.990556,18-02-2015,28.2,164.6,1.5
-29.641944,30.6875,18-02-2015,16.4,142.3,0.8
-25.73411,27.21422,18-02-2015,45.0,149.2,2.4000000000000004
-28.44555556,32.325,07-05-2015,14.7,147.6,0.7000000000000001
-26.648056,27.089444,18-02-2015,31.300001,166.0,1.6
-26.880278,26.965,18-02-2015,27.300001,174.5,1.4000000000000001
-28.116667,26.725278,18-02-2015,13.2,203.1,0.7000000000000001
-29.033333,23.983333,18-02-2015,5.3,225.40001,0.30000000000000004
-30.160091,27.40124,18-02-2015,12.6,188.6,0.7000000000000001
-30.336111,27.359444,18-02-2015,12.8,188.7,0.7000000000000001
-29.615556,27.065278,18-02-2015,11.1,197.6,0.6000000000000001
-25.57877778,29.12747222,18-02-2015,48.0,138.90001,2.5
-30.830556,26.921389,19-02-2015,10.6,194.8,0.6000000000000001
-28.141944,26.417778,19-02-2015,12.6,207.8,0.7000000000000001
-31.000833,26.353056,19-02-2015,7.5,201.2,0.4
-30.679722,26.7125,19-02-2015,9.5,201.90001,0.5
-34.250556,20.9925,19-02-2015,14.0,166.8,0.7000000000000001
-33.31388889,19.07472222,19-02-2015,14.6,192.90001,0.6000000000000001
-28.308889,31.9025,19-02-2015,21.9,149.90001,1.1
-22.43772222,31.07805556,20-02-2015,41.100002,155.3,2.1
-29.744167,29.905833,20-02-2015,26.1,134.90001,1.3
-29.658056,25.973333,20-02-2015,6.6,210.5,0.30000000000000004
-29.7775,29.470833,23-02-2015,29.300001,128.5,1.5
-29.987778,29.851667,23-02-2015,27.6,127.700005,1.4000000000000001
-29.744167,29.905833,23-02-2015,26.1,134.90001,1.3
-26.45,28.085833,23-02-2015,36.9,149.8,1.9000000000000001
-29.042222,24.6,23-02-2015,6.6,229.5,0.30000000000000004
-29.033333,23.983333,23-02-2015,5.3,225.40001,0.30000000000000004
-34.031944,22.053333,23-02-2015,11.6,151.1,0.6000000000000001
-33.38056,19.30167,23-02-2015,14.5,181.90001,0.7000000000000001
-30.733889,29.828333,24-02-2015,28.7,123.0,1.5
-26.861111,28.884722,24-02-2015,34.100002,148.3,1.8
-27.00222,28.76528,24-02-2015,32.7,150.7,1.7000000000000002
-26.970278,27.211111,24-02-2015,27.2,172.6,1.4000000000000001
-26.619444,27.980833,24-02-2015,34.9,155.1,1.8
-29.028629,24.638389,24-02-2015,6.9,228.7,0.4
-33.13083,18.86278,24-02-2015,12.3,197.6,0.5
-29.161667,23.696389,25-02-2015,4.1,228.0,0.2
-27.01011111,26.69808333,25-02-2015,24.2,185.8,1.3
-23.23572222,27.717,25-02-2015,30.800001,170.40001,1.6
-22.548889,28.898056,25-02-2015,31.4,163.6,1.7000000000000002
-22.91028,29.61111,25-02-2015,42.100002,137.0,2.2
-27.937778,31.209444,25-02-2015,15.1,155.8,0.8
-26.905,32.324722,25-02-2015,17.6,157.40001,0.9
-28.404444,30.013056,25-02-2015,15.2,166.3,0.8
-30.398056,30.601944,25-02-2015,30.2,125.0,1.5
-26.648056,27.089444,25-02-2015,31.300001,166.0,1.6
-26.98472222,26.63227778,25-02-2015,24.9,182.90001,1.3
-34.405833,19.600556,25-02-2015,18.0,145.0,0.9
-32.94583,18.33667,25-02-2015,7.8,191.1,0.4
-24.282222,28.090278,26-02-2015,49.2,138.1,2.6
-23.763056,27.908611,26-02-2015,41.3,149.40001,2.2
-25.127778,27.628889,26-02-2015,46.100002,157.3,2.4000000000000004
-25.20639,27.558,26-02-2015,45.9,158.5,2.4000000000000004
-25.73411,27.21422,26-02-2015,45.0,149.2,2.4000000000000004
-27.5275,30.858056,26-02-2015,28.9,137.40001,1.5
-27.363611,31.783333,26-02-2015,16.5,154.0,0.8
-30.13573889,30.67422222,26-02-2015,25.0,131.6,1.3
-28.376944,24.303056,26-02-2015,8.5,222.2,0.4
-34.329722,18.990278,26-02-2015,22.5,143.90001,0.9
-24.69514,27.40906,27-02-2015,45.3,164.8,2.4000000000000004
-27.573056,24.746389,27-02-2015,13.3,221.7,0.7000000000000001
-27.902778,24.615556,27-02-2015,11.0,219.90001,0.6000000000000001
-28.058889,30.373611,27-02-2015,21.9,154.5,1.1
-29.803611,30.516111,27-02-2015,21.800001,130.90001,1.1
-29.140556,31.391944,03-03-2015,106.8,55.0,5.6000000000000005
-26.03611,30.99778,03-03-2015,49.600002,123.700005,2.6
-28.801278,31.955389,03-03-2015,66.1,103.5,3.4000000000000004
-26.970278,27.211111,03-03-2015,27.2,172.6,1.4000000000000001
-27.671111,27.236944,03-03-2015,18.1,191.40001,1.0
-34.031944,22.053333,03-03-2015,11.6,151.1,0.6000000000000001
-34.039722,22.133333,03-03-2015,11.8,150.0,0.6000000000000001
-25.45963889,28.26430556,03-03-2015,47.100002,145.8,2.5
-27.01011111,26.69808333,04-03-2015,24.2,185.8,1.3
-25.81048333,27.90955222,04-03-2015,44.7,147.2,2.3000000000000003
-29.641944,30.6875,04-03-2015,16.4,142.3,0.8
-28.747778,31.745833,04-03-2015,100.9,70.5,5.2
-26.648056,27.089444,04-03-2015,31.300001,166.0,1.6
-26.880278,26.965,04-03-2015,27.300001,174.5,1.4000000000000001
-26.98472222,26.63227778,04-03-2015,24.9,182.90001,1.3
-27.398611,26.614722,04-03-2015,18.800001,199.40001,1.0
-27.671111,27.236944,04-03-2015,18.1,191.40001,1.0
-34.02861,22.22222,04-03-2015,12.7,146.5,0.7000000000000001
-27.4,26.624722,04-03-2015,18.800001,199.40001,1.0
-29.380556,30.2775,05-03-2015,19.5,133.2,1.0
-26.73806,27.59194,05-03-2015,32.3,161.0,1.7000000000000002
-26.45,28.085833,05-03-2015,36.9,149.8,1.9000000000000001
-34.005833,22.351111,05-03-2015,13.8,142.7,0.7000000000000001
-29.744167,29.905833,06-03-2015,26.1,134.90001,1.3
-27.00222,28.76528,06-03-2015,32.7,150.7,1.7000000000000002
-27.02314,28.59389,06-03-2015,32.2,153.3,1.7000000000000002
-34.250556,20.9925,17-02-2011,18.9,160.5,0.9
-22.43772222,31.07805556,09-03-2015,41.100002,155.3,2.1
-24.99328,30.81444,09-03-2015,63.100002,86.8,3.2
-28.735556,29.820556,09-03-2015,15.2,165.1,0.8
-26.970278,27.211111,09-03-2015,27.2,172.6,1.4000000000000001
-26.880278,26.965,09-03-2015,27.300001,174.5,1.4000000000000001
-26.510278,28.351389,09-03-2015,37.3,146.5,2.0
-26.73806,27.59194,09-03-2015,32.3,161.0,1.7000000000000002
-26.45,28.085833,09-03-2015,36.9,149.8,1.9000000000000001
-26.98472222,26.63227778,09-03-2015,24.9,182.90001,1.3
-29.160278,26.573333,09-03-2015,9.5,210.6,0.5
-27.01011111,26.69808333,10-03-2015,24.2,185.8,1.3
-25.20639,27.558,10-03-2015,45.9,158.5,2.4000000000000004
-26.861111,28.884722,10-03-2015,34.100002,148.3,1.8
-26.648056,27.089444,10-03-2015,31.300001,166.0,1.6
-27.802778,28.768333,10-03-2015,26.6,155.2,1.4000000000000001
-26.98472222,26.63227778,10-03-2015,24.9,182.90001,1.3
-28.141944,26.417778,10-03-2015,12.6,207.8,0.7000000000000001
-34.250556,20.9925,21-08-2013,49.3,118.8,2.6
-28.1175,26.719444,10-03-2015,13.2,203.1,0.7000000000000001
-28.69485,28.23487,10-03-2015,17.300001,169.1,0.9
-29.615556,27.065278,10-03-2015,11.1,197.6,0.6000000000000001
-28.883333,27.89,10-03-2015,16.0,174.6,0.8
-34.250556,20.9925,15-04-2014,8.6,166.0,0.4
-34.250556,20.9925,20-05-2014,8.6,166.0,0.4
-34.250556,20.9925,19-06-2014,8.6,166.0,0.4
-34.250556,20.9925,15-07-2014,15.8,172.5,0.8
-34.250556,20.9925,25-09-2014,15.8,172.5,0.8
-31.396,29.2651,10-03-2015,27.1,128.6,1.4000000000000001
-31.554722,29.245556,10-03-2015,28.7,116.5,1.5
-28.338333,31.373611,10-03-2015,35.5,129.40001,1.9000000000000001
-28.068333,31.55,10-03-2015,13.6,162.5,0.7000000000000001
-29.161667,23.696389,11-03-2015,4.1,228.0,0.2
-24.282222,28.090278,11-03-2015,49.2,138.1,2.6
-22.769722,30.886944,11-03-2015,44.8,138.3,2.3000000000000003
-28.44555556,32.325,11-03-2015,14.7,147.6,0.7000000000000001
-27.00222,28.76528,11-03-2015,32.7,150.7,1.7000000000000002
-27.02314,28.59389,11-03-2015,32.2,153.3,1.7000000000000002
-27.273889,28.49,11-03-2015,29.7,157.0,1.6
-27.4275,28.525833,11-03-2015,28.6,157.5,1.5
-27.3,28.586944,11-03-2015,29.7,155.90001,1.6
-28.141944,26.417778,11-03-2015,12.6,207.8,0.7000000000000001
-28.1175,26.719444,11-03-2015,13.2,203.1,0.7000000000000001
-28.116667,26.725278,11-03-2015,13.2,203.1,0.7000000000000001
-27.671111,27.236944,11-03-2015,18.1,191.40001,1.0
-34.092222,21.295278,29-11-2011,12.7,168.7,0.6000000000000001
-34.092222,21.295278,18-04-2012,14.400001,152.6,0.7000000000000001
-30.160091,27.40124,11-03-2015,12.6,188.6,0.7000000000000001
-34.092222,21.295278,12-06-2012,14.400001,152.6,0.7000000000000001
-30.336111,27.359444,11-03-2015,12.8,188.7,0.7000000000000001
-30.568333,29.422778,11-03-2015,24.5,133.3,1.3
-30.570833,29.150556,11-03-2015,24.4,135.3,1.3
-31.104278,29.399722,11-03-2015,27.1,127.1,1.4000000000000001
-30.830556,26.921389,12-03-2015,10.6,194.8,0.6000000000000001
-24.670833,28.560833,12-03-2015,56.5,131.0,3.0
-28.75,30.442778,12-03-2015,15.0,166.40001,0.8
-29.161667,30.629722,12-03-2015,17.1,137.90001,0.9
-26.619444,27.980833,12-03-2015,34.9,155.1,1.8
-34.092222,21.295278,05-11-2013,53.0,110.8,2.8000000000000003
-27.38972222,26.46388889,12-03-2015,18.5,201.1,1.0
-34.092222,21.295278,07-01-2014,18.2,37.4,1.0
-28.1175,26.719444,12-03-2015,13.2,203.1,0.7000000000000001
-27.398611,26.614722,12-03-2015,18.800001,199.40001,1.0
-29.160278,26.573333,12-03-2015,9.5,210.6,0.5
-31.000833,26.353056,12-03-2015,7.5,201.2,0.4
-30.679722,26.7125,12-03-2015,9.5,201.90001,0.5
-31.031389,28.883333,12-03-2015,25.300001,135.8,1.3
-30.86013889,29.07125,12-03-2015,24.5,137.3,1.3
-30.77586667,29.03221667,12-03-2015,24.5,138.40001,1.3
-34.250556,20.9925,12-03-2015,14.0,166.8,0.7000000000000001
-28.308889,31.9025,12-03-2015,21.9,149.90001,1.1
-27.4,26.624722,12-03-2015,18.800001,199.40001,1.0
-28.116667,26.725278,13-03-2015,13.2,203.1,0.7000000000000001
-27.573056,24.746389,13-03-2015,13.3,221.7,0.7000000000000001
-27.902778,24.615556,13-03-2015,11.0,219.90001,0.6000000000000001
-29.987778,29.851667,14-03-2015,27.6,127.700005,1.4000000000000001
-25.99136,27.84208,16-03-2015,43.9,143.7,2.3000000000000003
-26.45,28.085833,16-03-2015,36.9,149.8,1.9000000000000001
-32.502778,19.535833,16-03-2015,5.0,229.0,0.30000000000000004
-22.225556,29.990556,17-03-2015,28.2,164.6,1.5
-24.183889,30.823889,17-03-2015,43.7,130.0,2.3000000000000003
-26.861111,28.884722,17-03-2015,34.100002,148.3,1.8
-27.802778,28.768333,17-03-2015,26.6,155.2,1.4000000000000001
-34.075556,20.145556,17-03-2015,12.900001,169.6,0.6000000000000001
-32.595833,19.009444,17-03-2015,7.5,213.7,0.30000000000000004
-25.45963889,28.26430556,17-03-2015,47.100002,145.8,2.5
-25.81048333,27.90955222,18-03-2015,44.7,147.2,2.3000000000000003
-29.641944,30.6875,18-03-2015,16.4,142.3,0.8
-26.905,32.324722,18-03-2015,17.6,157.40001,0.9
-29.758889,30.935278,18-03-2015,45.4,108.200005,2.4000000000000004
-27.00222,28.76528,18-03-2015,32.7,150.7,1.7000000000000002
-26.619444,27.980833,18-03-2015,34.9,155.1,1.8
-33.13083,18.86278,18-03-2015,12.3,197.6,0.5
-27.01011111,26.69808333,19-03-2015,24.2,185.8,1.3
-23.658056,31.05,19-03-2015,34.7,142.40001,1.8
-24.058889,31.237222,19-03-2015,40.4,133.7,2.1
-27.363611,31.783333,19-03-2015,16.5,154.0,0.8
-26.648056,27.089444,19-03-2015,31.300001,166.0,1.6
-26.970278,27.211111,19-03-2015,27.2,172.6,1.4000000000000001
-26.880278,26.965,19-03-2015,27.300001,174.5,1.4000000000000001
-27.4275,28.525833,19-03-2015,28.6,157.5,1.5
-26.98472222,26.63227778,19-03-2015,24.9,182.90001,1.3
-24.679167,30.8025,20-03-2015,66.4,96.3,3.4000000000000004
-29.744167,29.905833,20-03-2015,26.1,134.90001,1.3
-28.96362,19.15486,21-03-2015,0.2,253.5,0.0
-25.49037,30.6986,23-03-2015,48.9,116.1,2.5
-29.744167,29.905833,23-03-2015,26.1,134.90001,1.3
-26.970278,27.211111,23-03-2015,27.2,172.6,1.4000000000000001
-29.042222,24.6,23-03-2015,6.6,229.5,0.30000000000000004
-29.033333,23.983333,23-03-2015,5.3,225.40001,0.30000000000000004
-33.501667,21.624167,23-03-2015,8.6,181.0,0.5
-33.38056,19.30167,23-03-2015,14.5,181.90001,0.7000000000000001
-27.01011111,26.69808333,24-03-2015,24.2,185.8,1.3
-22.935,28.004167,24-03-2015,30.6,168.90001,1.6
-34.065833,20.404167,24-03-2015,11.7,165.90001,0.6000000000000001
-23.763056,27.908611,24-03-2015,41.3,149.40001,2.2
-23.23572222,27.717,24-03-2015,30.800001,170.40001,1.6
-25.127778,27.628889,24-03-2015,46.100002,157.3,2.4000000000000004
-25.20639,27.558,24-03-2015,45.9,158.5,2.4000000000000004
-24.69514,27.40906,24-03-2015,45.3,164.8,2.4000000000000004
-25.681111,31.783333,24-03-2015,30.7,134.40001,1.6
-25.67386,31.57527,24-03-2015,32.8,138.6,1.7000000000000002
-30.733889,29.828333,24-03-2015,28.7,123.0,1.5
-29.987778,29.851667,24-03-2015,27.6,127.700005,1.4000000000000001
-26.648056,27.089444,24-03-2015,31.300001,166.0,1.6
-26.880278,26.965,24-03-2015,27.300001,174.5,1.4000000000000001
-26.73806,27.59194,24-03-2015,32.3,161.0,1.7000000000000002
-26.45,28.085833,24-03-2015,36.9,149.8,1.9000000000000001
-27.273889,28.49,24-03-2015,29.7,157.0,1.6
-27.3,28.586944,24-03-2015,29.7,155.90001,1.6
-26.98472222,26.63227778,24-03-2015,24.9,182.90001,1.3
-29.028629,24.638389,24-03-2015,6.9,228.7,0.4
-33.31388889,19.07472222,24-03-2015,14.6,192.90001,0.6000000000000001
-22.225556,29.990556,25-03-2015,28.2,164.6,1.5
-25.436111,31.982222,25-03-2015,28.6,136.0,1.5
-22.548889,28.898056,25-03-2015,31.4,163.6,1.7000000000000002
-22.91028,29.61111,25-03-2015,42.100002,137.0,2.2
-25.362222,31.956667,25-03-2015,28.800001,133.3,1.5
-25.14944444,31.94055556,25-03-2015,29.800001,132.6,1.5
-28.404444,30.013056,25-03-2015,15.2,166.3,0.8
-30.398056,30.601944,25-03-2015,30.2,125.0,1.5
-27.169444,29.233889,25-03-2015,32.8,144.2,1.7000000000000002
-26.861111,28.884722,25-03-2015,34.100002,148.3,1.8
-27.00222,28.76528,25-03-2015,32.7,150.7,1.7000000000000002
-27.4275,28.525833,25-03-2015,28.6,157.5,1.5
-34.405833,19.600556,25-03-2015,18.0,145.0,0.9
-32.94583,18.33667,25-03-2015,7.8,191.1,0.4
-25.57877778,29.12747222,25-03-2015,48.0,138.90001,2.5
-26.03611,30.99778,26-03-2015,49.600002,123.700005,2.6
-27.937778,31.209444,26-03-2015,15.1,155.8,0.8
-30.13573889,30.67422222,26-03-2015,25.0,131.6,1.3
-26.619444,27.980833,26-03-2015,34.9,155.1,1.8
-28.376944,24.303056,26-03-2015,8.5,222.2,0.4
-34.329722,18.990278,26-03-2015,22.5,143.90001,0.9
-33.897778,20.012778,26-03-2015,11.6,184.0,0.6000000000000001
-27.573056,24.746389,27-03-2015,13.3,221.7,0.7000000000000001
-27.902778,24.615556,27-03-2015,11.0,219.90001,0.6000000000000001
-29.803611,30.516111,27-03-2015,21.800001,130.90001,1.1
-25.99136,27.84208,30-03-2015,43.9,143.7,2.3000000000000003
-29.380556,30.2775,30-03-2015,19.5,133.2,1.0
-29.140556,31.391944,31-03-2015,106.8,55.0,5.6000000000000005
-28.801278,31.955389,31-03-2015,66.1,103.5,3.4000000000000004
-26.45,28.085833,31-03-2015,36.9,149.8,1.9000000000000001
-25.45963889,28.26430556,31-03-2015,47.100002,145.8,2.5
-34.031944,22.053333,04-12-2014,18.7,149.8,1.0
-29.161667,23.696389,01-04-2015,4.1,228.0,0.2
-25.81048333,27.90955222,01-04-2015,44.7,147.2,2.3000000000000003
-28.747778,31.745833,01-04-2015,100.9,70.5,5.2
-26.861111,28.884722,01-04-2015,34.100002,148.3,1.8
-27.00222,28.76528,01-04-2015,32.7,150.7,1.7000000000000002
-29.033333,23.983333,01-04-2015,5.3,225.40001,0.30000000000000004
-29.744167,29.905833,02-04-2015,26.1,134.90001,1.3
-28.96362,19.15486,04-04-2015,0.2,253.5,0.0
-34.039722,22.133333,19-01-2011,21.6,134.40001,1.1
-25.127778,27.628889,07-04-2015,46.100002,157.3,2.4000000000000004
-25.20639,27.558,07-04-2015,45.9,158.5,2.4000000000000004
-24.69514,27.40906,07-04-2015,45.3,164.8,2.4000000000000004
-24.99328,30.81444,07-04-2015,63.100002,86.8,3.2
-28.735556,29.820556,07-04-2015,15.2,165.1,0.8
-26.73806,27.59194,07-04-2015,32.3,161.0,1.7000000000000002
-27.398611,26.614722,07-04-2015,18.800001,199.40001,1.0
-27.671111,27.236944,07-04-2015,18.1,191.40001,1.0
-31.396,29.2651,07-04-2015,27.1,128.6,1.4000000000000001
-31.554722,29.245556,07-04-2015,28.7,116.5,1.5
-28.338333,31.373611,07-04-2015,35.5,129.40001,1.9000000000000001
-28.068333,31.55,07-04-2015,13.6,162.5,0.7000000000000001
-25.73411,27.21422,08-04-2015,45.0,149.2,2.4000000000000004
-27.169444,29.233889,08-04-2015,32.8,144.2,1.7000000000000002
-26.861111,28.884722,08-04-2015,34.100002,148.3,1.8
-26.98472222,26.63227778,08-04-2015,24.9,182.90001,1.3
-27.398611,26.614722,08-04-2015,18.800001,199.40001,1.0
-30.568333,29.422778,08-04-2015,24.5,133.3,1.3
-30.570833,29.150556,08-04-2015,24.4,135.3,1.3
-31.104278,29.399722,08-04-2015,27.1,127.1,1.4000000000000001
-34.031944,22.053333,08-04-2015,11.6,151.1,0.6000000000000001
-27.4,26.624722,08-04-2015,18.800001,199.40001,1.0
-27.01011111,26.69808333,09-04-2015,24.2,185.8,1.3
-24.768889,31.39,09-04-2015,42.8,123.200005,2.2
-28.44555556,32.325,04-06-2015,14.7,147.6,0.7000000000000001
-27.602222,29.942778,09-04-2015,33.5,152.40001,1.7000000000000002
-28.75,30.442778,09-04-2015,15.0,166.40001,0.8
-29.161667,30.629722,09-04-2015,17.1,137.90001,0.9
-26.648056,27.089444,09-04-2015,31.300001,166.0,1.6
-26.970278,27.211111,09-04-2015,27.2,172.6,1.4000000000000001
-26.880278,26.965,09-04-2015,27.300001,174.5,1.4000000000000001
-28.376944,24.303056,09-04-2015,8.5,222.2,0.4
-29.1825,23.575556,09-04-2015,3.7,232.7,0.2
-31.031389,28.883333,09-04-2015,25.300001,135.8,1.3
-30.86013889,29.07125,09-04-2015,24.5,137.3,1.3
-30.77586667,29.03221667,09-04-2015,24.5,138.40001,1.3
-28.308889,31.9025,09-04-2015,21.9,149.90001,1.1
-27.671111,27.236944,10-04-2015,18.1,191.40001,1.0
-27.573056,24.746389,10-04-2015,13.3,221.7,0.7000000000000001
-34.039722,22.133333,08-04-2015,11.8,150.0,0.6000000000000001
-27.902778,24.615556,10-04-2015,11.0,219.90001,0.6000000000000001
-34.02861,22.22222,10-04-2015,12.7,146.5,0.7000000000000001
-24.679167,30.8025,13-04-2015,66.4,96.3,3.4000000000000004
-25.99136,27.84208,13-04-2015,43.9,143.7,2.3000000000000003
-34.02861,22.22222,20-01-2011,23.800001,129.0,1.2000000000000002
-34.02861,22.22222,17-03-2011,23.800001,129.0,1.2000000000000002
-34.02861,22.22222,19-04-2011,23.800001,129.0,1.2000000000000002
-34.02861,22.22222,19-05-2011,23.800001,129.0,1.2000000000000002
-34.02861,22.22222,14-06-2011,23.800001,129.0,1.2000000000000002
-26.970278,27.211111,13-04-2015,27.2,172.6,1.4000000000000001
-26.45,28.085833,13-04-2015,36.9,149.8,1.9000000000000001
-34.02861,22.22222,12-10-2011,19.0,143.2,0.9
-28.1175,26.719444,13-04-2015,13.2,203.1,0.7000000000000001
-28.116667,26.725278,13-04-2015,13.2,203.1,0.7000000000000001
-33.818056,19.694722,13-04-2015,13.6,189.1,0.7000000000000001
-27.01011111,26.69808333,14-04-2015,24.2,185.8,1.3
-34.02861,22.22222,24-04-2012,14.5,128.6,0.7000000000000001
-34.02861,22.22222,26-06-2012,14.5,128.6,0.7000000000000001
-24.058889,31.237222,14-04-2015,40.4,133.7,2.1
-25.681111,31.783333,14-04-2015,30.7,134.40001,1.6
-34.02861,22.22222,11-10-2012,30.9,125.700005,1.6
-25.362222,31.956667,14-04-2015,28.800001,133.3,1.5
-34.02861,22.22222,06-12-2012,30.9,125.700005,1.6
-34.02861,22.22222,07-01-2013,23.2,47.3,1.2000000000000002
-25.398889,31.610556,14-04-2015,33.3,129.6,1.7000000000000002
-34.02861,22.22222,06-02-2013,11.900001,138.5,0.6000000000000001
-34.02861,22.22222,07-03-2013,11.900001,138.5,0.6000000000000001
-26.861111,28.884722,14-04-2015,34.100002,148.3,1.8
-26.648056,27.089444,14-04-2015,31.300001,166.0,1.6
-34.02861,22.22222,05-06-2013,11.900001,138.5,0.6000000000000001
-34.02861,22.22222,03-07-2013,11.900001,138.5,0.6000000000000001
-26.98472222,26.63227778,14-04-2015,24.9,182.90001,1.3
-27.935,26.126667,14-04-2015,12.2,210.6,0.6000000000000001
-28.141944,26.417778,14-04-2015,12.6,207.8,0.7000000000000001
-28.1175,26.719444,14-04-2015,13.2,203.1,0.7000000000000001
-34.02861,22.22222,13-12-2013,71.9,76.0,3.8000000000000003
-29.160278,26.573333,14-04-2015,9.5,210.6,0.5
-28.69485,28.23487,14-04-2015,17.300001,169.1,0.9
-28.883333,27.89,14-04-2015,16.0,174.6,0.8
-34.02861,22.22222,03-04-2014,23.6,125.6,1.2000000000000002
-34.02861,22.22222,08-05-2014,23.6,125.6,1.2000000000000002
-34.02861,22.22222,04-06-2014,23.6,125.6,1.2000000000000002
-34.075556,20.145556,14-04-2015,12.900001,169.6,0.6000000000000001
-32.595833,19.009444,14-04-2015,7.5,213.7,0.30000000000000004
-25.45963889,28.26430556,14-04-2015,47.100002,145.8,2.5
-34.02861,22.22222,12-01-2015,12.7,146.5,0.7000000000000001
-34.02861,22.22222,29-01-2015,12.7,146.5,0.7000000000000001
-25.81048333,27.90955222,15-04-2015,44.7,147.2,2.3000000000000003
-22.935,28.004167,15-04-2015,30.6,168.90001,1.6
-29.641944,30.6875,15-04-2015,16.4,142.3,0.8
-23.23572222,27.717,15-04-2015,30.800001,170.40001,1.6
-22.548889,28.898056,15-04-2015,31.4,163.6,1.7000000000000002
-22.91028,29.61111,15-04-2015,42.100002,137.0,2.2
-22.769722,30.886944,15-04-2015,44.8,138.3,2.3000000000000003
-34.02861,22.22222,04-11-2015,12.7,146.5,0.7000000000000001
-25.49037,30.6986,15-04-2015,48.9,116.1,2.5
-25.513889,31.224444,15-04-2015,42.2,124.1,2.2
-27.00222,28.76528,15-04-2015,32.7,150.7,1.7000000000000002
-27.38972222,26.46388889,15-04-2015,18.5,201.1,1.0
-27.398611,26.614722,15-04-2015,18.800001,199.40001,1.0
-30.160091,27.40124,15-04-2015,12.6,188.6,0.7000000000000001
-30.336111,27.359444,15-04-2015,12.8,188.7,0.7000000000000001
-29.615556,27.065278,15-04-2015,11.1,197.6,0.6000000000000001
-34.092222,21.295278,15-04-2015,12.8,160.7,0.7000000000000001
-25.447222,30.711667,15-04-2015,47.4,119.6,2.4000000000000004
-29.641944,30.6875,16-04-2015,16.4,142.3,0.8
-30.830556,26.921389,16-04-2015,10.6,194.8,0.6000000000000001
-24.282222,28.090278,16-04-2015,49.2,138.1,2.6
-23.763056,27.908611,16-04-2015,41.3,149.40001,2.2
-27.671111,27.236944,16-04-2015,18.1,191.40001,1.0
-31.000833,26.353056,16-04-2015,7.5,201.2,0.4
-30.679722,26.7125,16-04-2015,9.5,201.90001,0.5
-34.405833,19.600556,13-02-2013,11.5,151.3,0.4
-34.405833,19.600556,13-03-2013,11.5,151.3,0.4
-34.405833,19.600556,10-04-2013,11.5,151.3,0.4
-34.405833,19.600556,08-05-2013,11.5,151.3,0.4
-34.250556,20.9925,16-04-2015,14.0,166.8,0.7000000000000001
-33.13083,18.86278,16-04-2015,12.3,197.6,0.5
-29.744167,29.905833,17-04-2015,26.1,134.90001,1.3
-29.658056,25.973333,17-04-2015,6.6,210.5,0.30000000000000004
-34.405833,19.600556,25-09-2013,53.0,103.6,2.7
-29.7775,29.470833,20-04-2015,29.300001,128.5,1.5
-29.987778,29.851667,20-04-2015,27.6,127.700005,1.4000000000000001
-29.744167,29.905833,20-04-2015,26.1,134.90001,1.3
-34.405833,19.600556,12-02-2014,5.0,153.3,0.2
-34.405833,19.600556,12-03-2014,5.0,153.3,0.2
-33.38056,19.30167,20-04-2015,14.5,181.90001,0.7000000000000001
-28.760833,17.730278,21-04-2015,0.1,248.1,0.0
-34.065833,20.404167,21-04-2015,11.7,165.90001,0.6000000000000001
-25.127778,27.628889,21-04-2015,46.100002,157.3,2.4000000000000004
-25.20639,27.558,21-04-2015,45.9,158.5,2.4000000000000004
-24.39619444,27.08983333,21-04-2015,41.2,167.6,2.2
-24.69514,27.40906,21-04-2015,45.3,164.8,2.4000000000000004
-26.03611,30.99778,21-04-2015,49.600002,123.700005,2.6
-27.937778,31.209444,21-04-2015,15.1,155.8,0.8
-30.733889,29.828333,21-04-2015,28.7,123.0,1.5
-26.98472222,26.63227778,21-04-2015,24.9,182.90001,1.3
-33.31388889,19.07472222,21-04-2015,14.6,192.90001,0.6000000000000001
-27.01011111,26.69808333,22-04-2015,24.2,185.8,1.3
-28.404444,30.013056,22-04-2015,15.2,166.3,0.8
-30.398056,30.601944,22-04-2015,30.2,125.0,1.5
-34.329722,18.990278,06-07-2011,27.2,131.0,1.2000000000000002
-26.648056,27.089444,22-04-2015,31.300001,166.0,1.6
-34.329722,18.990278,28-09-2011,10.900001,159.5,0.4
-34.329722,18.990278,25-10-2011,10.900001,159.5,0.4
-34.329722,18.990278,24-11-2011,10.900001,159.5,0.4
-34.329722,18.990278,22-12-2011,10.900001,159.5,0.4
-26.970278,27.211111,22-04-2015,27.2,172.6,1.4000000000000001
-26.880278,26.965,22-04-2015,27.300001,174.5,1.4000000000000001
-34.329722,18.990278,04-04-2012,16.7,146.3,0.4
-34.329722,18.990278,03-05-2012,16.7,146.3,0.4
-34.329722,18.990278,24-05-2012,16.7,146.3,0.4
-34.329722,18.990278,19-07-2012,30.9,133.1,1.4000000000000001
-34.329722,18.990278,16-08-2012,30.9,133.1,1.4000000000000001
-34.405833,19.600556,22-04-2015,18.0,145.0,0.9
-34.329722,18.990278,11-10-2012,30.9,133.1,1.4000000000000001
-33.7075,18.97444444,22-04-2015,19.1,184.0,0.9
-28.058889,30.373611,22-04-2015,21.9,154.5,1.1
-25.57877778,29.12747222,22-04-2015,48.0,138.90001,2.5
-27.5275,30.858056,23-04-2015,28.9,137.40001,1.5
-30.13573889,30.67422222,23-04-2015,25.0,131.6,1.3
-34.329722,18.990278,11-04-2013,16.7,147.5,0.4
-34.329722,18.990278,09-05-2013,16.7,147.5,0.4
-34.329722,18.990278,06-06-2013,16.7,147.5,0.4
-28.376944,24.303056,23-04-2015,8.5,222.2,0.4
-34.329722,18.990278,01-08-2013,56.9,98.0,2.7
-34.329722,18.990278,29-08-2013,56.9,98.0,2.7
-34.329722,18.990278,26-09-2013,56.9,98.0,2.7
-34.329722,18.990278,23-04-2015,22.5,143.90001,0.9
-34.329722,18.990278,23-01-2014,8.3,149.3,0.2
-32.94583,18.33667,23-04-2015,7.8,191.1,0.4
-33.897778,20.012778,23-04-2015,11.6,184.0,0.6000000000000001
-27.573056,24.746389,24-04-2015,13.3,221.7,0.7000000000000001
-27.902778,24.615556,24-04-2015,11.0,219.90001,0.6000000000000001
-33.870833,20.003333,27-04-2015,12.2,180.40001,0.6000000000000001
-29.140556,31.391944,28-04-2015,106.8,55.0,5.6000000000000005
-25.99136,27.84208,28-04-2015,43.9,143.7,2.3000000000000003
-28.801278,31.955389,28-04-2015,66.1,103.5,3.4000000000000004
-26.970278,27.211111,28-04-2015,27.2,172.6,1.4000000000000001
-26.73806,27.59194,28-04-2015,32.3,161.0,1.7000000000000002
-26.45,28.085833,28-04-2015,36.9,149.8,1.9000000000000001
-33.501667,21.624167,28-04-2015,8.6,181.0,0.5
-28.760833,17.730278,29-04-2015,0.1,248.1,0.0
-34.329722,18.990278,25-06-2015,22.5,143.90001,0.9
-34.329722,18.990278,23-07-2015,22.5,143.90001,0.9
-34.329722,18.990278,27-08-2015,22.5,143.90001,0.9
-34.329722,18.990278,01-10-2015,22.5,143.90001,0.9
-28.7115,24.07288889,29-04-2015,6.4,225.1,0.30000000000000004
-27.01011111,26.69808333,29-04-2015,24.2,185.8,1.3
-25.73411,27.21422,29-04-2015,45.0,149.2,2.4000000000000004
-28.747778,31.745833,29-04-2015,100.9,70.5,5.2
-26.861111,28.884722,29-04-2015,34.100002,148.3,1.8
-27.00222,28.76528,29-04-2015,32.7,150.7,1.7000000000000002
-26.648056,27.089444,29-04-2015,31.300001,166.0,1.6
-26.880278,26.965,29-04-2015,27.300001,174.5,1.4000000000000001
-26.98472222,26.63227778,29-04-2015,24.9,182.90001,1.3
-27.935,26.126667,29-04-2015,12.2,210.6,0.6000000000000001
-28.141944,26.417778,29-04-2015,12.6,207.8,0.7000000000000001
-28.1175,26.719444,29-04-2015,13.2,203.1,0.7000000000000001
-29.1825,23.575556,29-04-2015,3.7,232.7,0.2
-25.45963889,28.26430556,29-04-2015,47.100002,145.8,2.5
-25.81048333,27.90955222,30-04-2015,44.7,147.2,2.3000000000000003
-29.744167,29.905833,30-04-2015,26.1,134.90001,1.3
-29.380556,30.2775,30-04-2015,19.5,133.2,1.0
-27.602222,29.942778,01-05-2015,33.5,152.40001,1.7000000000000002
-28.735556,29.820556,04-05-2015,15.2,165.1,0.8
-26.510278,28.351389,04-05-2015,37.3,146.5,2.0
-26.73806,27.59194,04-05-2015,32.3,161.0,1.7000000000000002
-27.671111,27.236944,04-05-2015,18.1,191.40001,1.0
-25.127778,27.628889,05-05-2015,46.100002,157.3,2.4000000000000004
-25.20639,27.558,05-05-2015,45.9,158.5,2.4000000000000004
-24.69514,27.40906,05-05-2015,45.3,164.8,2.4000000000000004
-27.169444,29.233889,05-05-2015,32.8,144.2,1.7000000000000002
-27.802778,28.768333,05-05-2015,26.6,155.2,1.4000000000000001
-27.398611,26.614722,05-05-2015,18.800001,199.40001,1.0
-34.031944,22.053333,05-05-2015,11.6,151.1,0.6000000000000001
-34.039722,22.133333,05-05-2015,11.8,150.0,0.6000000000000001
-28.338333,31.373611,05-05-2015,35.5,129.40001,1.9000000000000001
-28.068333,31.55,05-05-2015,13.6,162.5,0.7000000000000001
-27.4,26.624722,05-05-2015,18.800001,199.40001,1.0
-27.01011111,26.69808333,06-05-2015,24.2,185.8,1.3
-29.641944,30.6875,06-05-2015,16.4,142.3,0.8
-24.39619444,27.08983333,06-05-2015,41.2,167.6,2.2
-28.75,30.442778,06-05-2015,15.0,166.40001,0.8
-27.02314,28.59389,06-05-2015,32.2,153.3,1.7000000000000002
-26.648056,27.089444,06-05-2015,31.300001,166.0,1.6
-26.970278,27.211111,06-05-2015,27.2,172.6,1.4000000000000001
-26.880278,26.965,06-05-2015,27.300001,174.5,1.4000000000000001
-27.4275,28.525833,06-05-2015,28.6,157.5,1.5
-27.3,28.586944,06-05-2015,29.7,155.90001,1.6
-26.98472222,26.63227778,06-05-2015,24.9,182.90001,1.3
-33.870833,20.003333,31-03-2011,11.8,181.7,0.6000000000000001
-33.870833,20.003333,23-08-2011,6.8,192.7,0.30000000000000004
-33.870833,20.003333,20-09-2011,6.8,192.7,0.30000000000000004
-33.870833,20.003333,26-10-2011,6.8,192.7,0.30000000000000004
-33.870833,20.003333,16-11-2011,6.8,192.7,0.30000000000000004
-33.870833,20.003333,02-04-2012,12.5,178.40001,0.6000000000000001
-33.870833,20.003333,01-05-2012,12.5,178.40001,0.6000000000000001
-33.870833,20.003333,22-05-2012,12.5,178.40001,0.6000000000000001
-33.870833,20.003333,19-06-2012,12.5,178.40001,0.6000000000000001
-34.005833,22.351111,06-05-2015,13.8,142.7,0.7000000000000001
-33.870833,20.003333,10-09-2012,14.8,183.8,0.7000000000000001
-33.870833,20.003333,08-10-2012,14.8,183.8,0.7000000000000001
-33.870833,20.003333,05-11-2012,14.8,183.8,0.7000000000000001
-33.870833,20.003333,06-02-2013,9.6,185.40001,0.4
-33.870833,20.003333,12-02-2013,9.6,185.40001,0.4
-33.870833,20.003333,11-03-2013,9.6,185.40001,0.4
-33.870833,20.003333,08-04-2013,9.6,185.40001,0.4
-33.870833,20.003333,03-06-2013,9.6,185.40001,0.4
-33.870833,20.003333,29-07-2013,35.3,145.1,1.8
-33.870833,20.003333,29-08-2013,35.3,145.1,1.8
-33.870833,20.003333,23-09-2013,35.3,145.1,1.8
-33.870833,20.003333,21-10-2013,35.3,145.1,1.8
-28.44555556,32.325,30-06-2015,14.7,147.6,0.7000000000000001
-33.870833,20.003333,20-01-2014,2.1000001,189.1,0.1
-33.870833,20.003333,10-02-2014,2.1000001,189.1,0.1
-33.870833,20.003333,10-03-2014,2.1000001,189.1,0.1
-33.870833,20.003333,07-04-2014,2.1000001,189.1,0.1
-33.870833,20.003333,19-05-2014,2.1000001,189.1,0.1
-33.870833,20.003333,26-06-2014,2.1000001,189.1,0.1
-33.870833,20.003333,31-07-2014,12.1,189.0,0.6000000000000001
-33.870833,20.003333,04-09-2014,12.1,189.0,0.6000000000000001
-33.870833,20.003333,02-10-2014,12.1,189.0,0.6000000000000001
-33.870833,20.003333,26-02-2015,12.2,180.40001,0.6000000000000001
-29.161667,30.629722,07-05-2015,17.1,137.90001,0.9
-33.870833,20.003333,25-06-2015,12.2,180.40001,0.6000000000000001
-33.870833,20.003333,23-07-2015,12.2,180.40001,0.6000000000000001
-33.870833,20.003333,27-08-2015,12.2,180.40001,0.6000000000000001
-33.870833,20.003333,29-10-2015,12.2,180.40001,0.6000000000000001
-33.870833,20.003333,03-12-2015,12.2,180.40001,0.6000000000000001
-26.619444,27.980833,07-05-2015,34.9,155.1,1.8
-27.573056,24.746389,07-05-2015,13.3,221.7,0.7000000000000001
-28.376944,24.303056,07-05-2015,8.5,222.2,0.4
-34.02861,22.22222,07-05-2015,12.7,146.5,0.7000000000000001
-28.308889,31.9025,07-05-2015,21.9,149.90001,1.1
-27.902778,24.615556,08-05-2015,11.0,219.90001,0.6000000000000001
-28.058889,30.373611,10-05-2015,21.9,154.5,1.1
-29.161667,23.696389,11-05-2015,4.1,228.0,0.2
-24.058889,31.237222,11-05-2015,40.4,133.7,2.1
-25.49037,30.6986,11-05-2015,48.9,116.1,2.5
-24.99328,30.81444,11-05-2015,63.100002,86.8,3.2
-26.648056,27.089444,11-05-2015,31.300001,166.0,1.6
-26.970278,27.211111,11-05-2015,27.2,172.6,1.4000000000000001
-26.880278,26.965,11-05-2015,27.300001,174.5,1.4000000000000001
-29.160278,26.573333,11-05-2015,9.5,210.6,0.5
-31.396,29.2651,11-05-2015,27.1,128.6,1.4000000000000001
-31.554722,29.245556,11-05-2015,28.7,116.5,1.5
-33.818056,19.694722,11-05-2015,13.6,189.1,0.7000000000000001
-32.502778,19.535833,11-05-2015,5.0,229.0,0.30000000000000004
-25.447222,30.711667,11-05-2015,47.4,119.6,2.4000000000000004
-33.818056,19.694722,03-06-2013,10.0,193.90001,0.5
-33.818056,19.694722,29-07-2013,37.100002,156.3,1.9000000000000001
-28.7115,24.07288889,12-05-2015,6.4,225.1,0.30000000000000004
-27.01011111,26.69808333,12-05-2015,24.2,185.8,1.3
-25.81048333,27.90955222,12-05-2015,44.7,147.2,2.3000000000000003
-25.99136,27.84208,12-05-2015,43.9,143.7,2.3000000000000003
-25.681111,31.783333,12-05-2015,30.7,134.40001,1.6
-25.67386,31.57527,12-05-2015,32.8,138.6,1.7000000000000002
-25.513889,31.224444,12-05-2015,42.2,124.1,2.2
-24.768889,31.39,12-05-2015,42.8,123.200005,2.2
-24.9675,31.516667,12-05-2015,37.7,130.2,1.9000000000000001
-27.363611,31.783333,12-05-2015,16.5,154.0,0.8
-26.73806,27.59194,12-05-2015,32.3,161.0,1.7000000000000002
-26.45,28.085833,12-05-2015,36.9,149.8,1.9000000000000001
-26.98472222,26.63227778,12-05-2015,24.9,182.90001,1.3
-28.69485,28.23487,12-05-2015,17.300001,169.1,0.9
-29.615556,27.065278,12-05-2015,11.1,197.6,0.6000000000000001
-28.883333,27.89,12-05-2015,16.0,174.6,0.8
-29.1825,23.575556,12-05-2015,3.7,232.7,0.2
-30.570833,29.150556,12-05-2015,24.4,135.3,1.3
-31.104278,29.399722,12-05-2015,27.1,127.1,1.4000000000000001
-34.075556,20.145556,12-05-2015,12.900001,169.6,0.6000000000000001
-32.595833,19.009444,12-05-2015,7.5,213.7,0.30000000000000004
-34.075556,20.145556,26-01-2011,13.8,169.40001,0.7000000000000001
-34.075556,20.145556,23-02-2011,13.8,169.40001,0.7000000000000001
-25.436111,31.982222,13-05-2015,28.6,136.0,1.5
-25.362222,31.956667,13-05-2015,28.800001,133.3,1.5
-34.075556,20.145556,28-06-2011,13.8,169.40001,0.7000000000000001
-25.398889,31.610556,13-05-2015,33.3,129.6,1.7000000000000002
-25.14944444,31.94055556,13-05-2015,29.800001,132.6,1.5
-26.861111,28.884722,13-05-2015,34.100002,148.3,1.8
-27.273889,28.49,13-05-2015,29.7,157.0,1.6
-27.802778,28.768333,13-05-2015,26.6,155.2,1.4000000000000001
-27.935,26.126667,13-05-2015,12.2,210.6,0.6000000000000001
-30.160091,27.40124,13-05-2015,12.6,188.6,0.7000000000000001
-30.336111,27.359444,13-05-2015,12.8,188.7,0.7000000000000001
-30.568333,29.422778,13-05-2015,24.5,133.3,1.3
-31.031389,28.883333,13-05-2015,25.300001,135.8,1.3
-30.86013889,29.07125,13-05-2015,24.5,137.3,1.3
-30.77586667,29.03221667,13-05-2015,24.5,138.40001,1.3
-33.38056,19.30167,13-05-2015,14.5,181.90001,0.7000000000000001
-33.08883333,19.21878333,13-05-2015,11.900001,188.2,0.6000000000000001
-25.45963889,28.26430556,13-05-2015,47.100002,145.8,2.5
-29.641944,30.6875,14-05-2015,16.4,142.3,0.8
-30.830556,26.921389,14-05-2015,10.6,194.8,0.6000000000000001
-24.282222,28.090278,14-05-2015,49.2,138.1,2.6
-23.658056,31.05,14-05-2015,34.7,142.40001,1.8
-27.273889,28.49,14-05-2015,29.7,157.0,1.6
-31.000833,26.353056,14-05-2015,7.5,201.2,0.4
-30.534167,24.961944,14-05-2015,2.9,226.3,0.2
-33.7075,18.97444444,14-05-2015,19.1,184.0,0.9
-29.744167,29.905833,15-05-2015,26.1,134.90001,1.3
-29.7775,29.470833,18-05-2015,29.300001,128.5,1.5
-29.744167,29.905833,18-05-2015,26.1,134.90001,1.3
-34.065833,20.404167,19-05-2015,11.7,165.90001,0.6000000000000001
-34.075556,20.145556,23-09-2013,41.8,136.2,2.2
-24.679167,30.8025,19-05-2015,66.4,96.3,3.4000000000000004
-25.127778,27.628889,19-05-2015,46.100002,157.3,2.4000000000000004
-25.20639,27.558,19-05-2015,45.9,158.5,2.4000000000000004
-24.39619444,27.08983333,19-05-2015,41.2,167.6,2.2
-24.69514,27.40906,19-05-2015,45.3,164.8,2.4000000000000004
-30.733889,29.828333,19-05-2015,28.7,123.0,1.5
-29.987778,29.851667,19-05-2015,27.6,127.700005,1.4000000000000001
-27.02314,28.59389,19-05-2015,32.2,153.3,1.7000000000000002
-28.141944,26.417778,19-05-2015,12.6,207.8,0.7000000000000001
-28.1175,26.719444,19-05-2015,13.2,203.1,0.7000000000000001
-34.092222,21.295278,19-05-2015,12.8,160.7,0.7000000000000001
-33.31388889,19.07472222,19-05-2015,14.6,192.90001,0.6000000000000001
-29.161667,23.696389,20-05-2015,4.1,228.0,0.2
-22.225556,29.990556,20-05-2015,28.2,164.6,1.5
-24.183889,30.823889,20-05-2015,43.7,130.0,2.3000000000000003
-24.058889,31.237222,20-05-2015,40.4,133.7,2.1
-26.03611,30.99778,20-05-2015,49.600002,123.700005,2.6
-34.075556,20.145556,09-06-2015,12.900001,169.6,0.6000000000000001
-27.937778,31.209444,20-05-2015,15.1,155.8,0.8
-28.404444,30.013056,20-05-2015,15.2,166.3,0.8
-32.595833,19.009444,17-03-2011,7.6,210.90001,0.4
-32.595833,19.009444,13-04-2011,7.6,210.90001,0.4
-26.880278,26.965,20-05-2015,27.300001,174.5,1.4000000000000001
-32.595833,19.009444,14-06-2011,7.6,210.90001,0.4
-32.595833,19.009444,15-07-2011,2.8,228.5,0.1
-32.595833,19.009444,11-08-2011,2.8,228.5,0.1
-32.595833,19.009444,05-10-2011,2.8,228.5,0.1
-28.96362,19.15486,20-05-2015,0.2,253.5,0.0
-34.405833,19.600556,20-05-2015,18.0,145.0,0.9
-33.13083,18.86278,20-05-2015,12.3,197.6,0.5
-27.5275,30.858056,21-05-2015,28.9,137.40001,1.5
-30.13573889,30.67422222,21-05-2015,25.0,131.6,1.3
-32.595833,19.009444,10-04-2012,19.2,194.6,1.0
-32.595833,19.009444,08-05-2012,19.2,194.6,1.0
-27.38972222,26.46388889,21-05-2015,18.5,201.1,1.0
-32.595833,19.009444,24-07-2012,3.7,233.7,0.2
-32.595833,19.009444,22-08-2012,3.7,233.7,0.2
-27.398611,26.614722,21-05-2015,18.800001,199.40001,1.0
-28.376944,24.303056,21-05-2015,8.5,222.2,0.4
-34.250556,20.9925,21-05-2015,14.0,166.8,0.7000000000000001
-34.329722,18.990278,21-05-2015,22.5,143.90001,0.9
-32.94583,18.33667,21-05-2015,7.8,191.1,0.4
-27.4,26.624722,21-05-2015,18.800001,199.40001,1.0
-27.902778,24.615556,22-05-2015,11.0,219.90001,0.6000000000000001
-29.803611,30.516111,22-05-2015,21.800001,130.90001,1.1
-33.501667,21.624167,23-05-2015,8.6,181.0,0.5
-25.99136,27.84208,25-05-2015,43.9,143.7,2.3000000000000003
-26.970278,27.211111,25-05-2015,27.2,172.6,1.4000000000000001
-32.595833,19.009444,20-08-2013,18.2,197.1,0.9
-26.880278,26.965,25-05-2015,27.300001,174.5,1.4000000000000001
-32.595833,19.009444,08-10-2013,18.2,197.1,0.9
-26.73806,27.59194,25-05-2015,32.3,161.0,1.7000000000000002
-26.45,28.085833,25-05-2015,36.9,149.8,1.9000000000000001
-27.01011111,26.69808333,26-05-2015,24.2,185.8,1.3
-29.380556,30.2775,26-05-2015,19.5,133.2,1.0
-26.861111,28.884722,26-05-2015,34.100002,148.3,1.8
-26.648056,27.089444,26-05-2015,31.300001,166.0,1.6
-32.595833,19.009444,24-06-2014,1.0,222.1,0.0
-32.595833,19.009444,23-09-2014,3.7,227.7,0.2
-26.98472222,26.63227778,26-05-2015,24.9,182.90001,1.3
-28.141944,26.417778,26-05-2015,12.6,207.8,0.7000000000000001
-25.45963889,28.26430556,26-05-2015,47.100002,145.8,2.5
-25.81048333,27.90955222,27-05-2015,44.7,147.2,2.3000000000000003
-32.595833,19.009444,09-06-2015,7.5,213.7,0.30000000000000004
-32.595833,19.009444,21-07-2015,7.5,213.7,0.30000000000000004
-32.595833,19.009444,18-08-2015,7.5,213.7,0.30000000000000004
-22.225556,29.990556,27-05-2015,28.2,164.6,1.5
-24.282222,28.090278,27-05-2015,49.2,138.1,2.6
-28.747778,31.745833,27-05-2015,100.9,70.5,5.2
-27.00222,28.76528,27-05-2015,32.7,150.7,1.7000000000000002
-27.273889,28.49,27-05-2015,29.7,157.0,1.6
-29.033333,23.983333,27-05-2015,5.3,225.40001,0.30000000000000004
-33.08883333,19.21878333,15-10-2013,31.1,158.7,1.6
-25.57877778,29.12747222,28-05-2015,48.0,138.90001,2.5
-29.744167,29.905833,29-05-2015,26.1,134.90001,1.3
-28.768056,20.720556,29-05-2015,0.7,253.0,0.0
-22.225556,29.990556,01-06-2015,28.2,164.6,1.5
-33.08883333,19.21878333,23-06-2014,2.4,196.5,0.1
-26.510278,28.351389,01-06-2015,37.3,146.5,2.0
-33.08883333,19.21878333,12-08-2014,9.400001,195.90001,0.5
-33.08883333,19.21878333,10-09-2014,9.400001,195.90001,0.5
-33.08883333,19.21878333,22-10-2014,9.400001,195.90001,0.5
-33.08883333,19.21878333,20-11-2014,9.400001,195.90001,0.5
-33.08883333,19.21878333,14-01-2015,11.900001,188.2,0.6000000000000001
-33.08883333,19.21878333,18-02-2015,11.900001,188.2,0.6000000000000001
-33.08883333,19.21878333,19-03-2015,11.900001,188.2,0.6000000000000001
-33.08883333,19.21878333,15-04-2015,11.900001,188.2,0.6000000000000001
-27.671111,27.236944,01-06-2015,18.1,191.40001,1.0
-33.08883333,19.21878333,19-08-2015,11.900001,188.2,0.6000000000000001
-33.08883333,19.21878333,16-09-2015,11.900001,188.2,0.6000000000000001
-30.568333,29.422778,01-06-2015,24.5,133.3,1.3
-33.08883333,19.21878333,25-11-2015,11.900001,188.2,0.6000000000000001
-31.396,29.2651,01-06-2015,27.1,128.6,1.4000000000000001
-25.127778,27.628889,02-06-2015,46.100002,157.3,2.4000000000000004
-25.20639,27.558,02-06-2015,45.9,158.5,2.4000000000000004
-32.502778,19.535833,13-06-2011,4.7000003,228.7,0.2
-24.69514,27.40906,02-06-2015,45.3,164.8,2.4000000000000004
-27.935,26.126667,02-06-2015,12.2,210.6,0.6000000000000001
-28.1175,26.719444,02-06-2015,13.2,203.1,0.7000000000000001
-27.398611,26.614722,02-06-2015,18.800001,199.40001,1.0
-30.160091,27.40124,02-06-2015,12.6,188.6,0.7000000000000001
-30.336111,27.359444,02-06-2015,12.8,188.7,0.7000000000000001
-31.104278,29.399722,02-06-2015,27.1,127.1,1.4000000000000001
-32.502778,19.535833,27-07-2012,2.5,235.0,0.1
-34.031944,22.053333,02-06-2015,11.6,151.1,0.6000000000000001
-34.039722,22.133333,02-06-2015,11.8,150.0,0.6000000000000001
-34.02861,22.22222,02-06-2015,12.7,146.5,0.7000000000000001
-28.338333,31.373611,02-06-2015,35.5,129.40001,1.9000000000000001
-28.068333,31.55,02-06-2015,13.6,162.5,0.7000000000000001
-27.4,26.624722,02-06-2015,18.800001,199.40001,1.0
-30.830556,26.921389,03-06-2015,10.6,194.8,0.6000000000000001
-24.670833,28.560833,03-06-2015,56.5,131.0,3.0
-24.39619444,27.08983333,03-06-2015,41.2,167.6,2.2
-28.75,30.442778,03-06-2015,15.0,166.40001,0.8
-29.161667,30.629722,03-06-2015,17.1,137.90001,0.9
-27.802778,28.768333,03-06-2015,26.6,155.2,1.4000000000000001
-31.000833,26.353056,03-06-2015,7.5,201.2,0.4
-30.679722,26.7125,03-06-2015,9.5,201.90001,0.5
-30.570833,29.150556,03-06-2015,24.4,135.3,1.3
-28.058889,30.373611,03-06-2015,21.9,154.5,1.1
-28.760833,17.730278,04-06-2015,0.1,248.1,0.0
-32.502778,19.535833,09-06-2014,0.6,233.2,0.0
-28.44555556,32.325,28-07-2015,14.7,147.6,0.7000000000000001
-27.273889,28.49,04-06-2015,29.7,157.0,1.6
-27.573056,24.746389,04-06-2015,13.3,221.7,0.7000000000000001
-28.376944,24.303056,04-06-2015,8.5,222.2,0.4
-31.031389,28.883333,04-06-2015,25.300001,135.8,1.3
-30.86013889,29.07125,04-06-2015,24.5,137.3,1.3
-32.502778,19.535833,13-04-2015,5.0,229.0,0.30000000000000004
-30.77586667,29.03221667,04-06-2015,24.5,138.40001,1.3
-32.502778,19.535833,08-06-2015,5.0,229.0,0.30000000000000004
-27.902778,24.615556,05-06-2015,11.0,219.90001,0.6000000000000001
-32.502778,19.535833,17-08-2015,5.0,229.0,0.30000000000000004
-31.554722,29.245556,05-06-2015,28.7,116.5,1.5
-32.502778,19.535833,19-10-2015,5.0,229.0,0.30000000000000004
-25.99136,27.84208,08-06-2015,43.9,143.7,2.3000000000000003
-31.5653,18.3306,05-01-2011,18.6,71.9,1.0
-31.5653,18.3306,09-02-2011,2.7,206.0,0.1
-31.5653,18.3306,16-03-2011,2.7,206.0,0.1
-31.5653,18.3306,12-04-2011,2.7,206.0,0.1
-26.970278,27.211111,08-06-2015,27.2,172.6,1.4000000000000001
-26.880278,26.965,08-06-2015,27.300001,174.5,1.4000000000000001
-26.73806,27.59194,08-06-2015,32.3,161.0,1.7000000000000002
-26.45,28.085833,08-06-2015,36.9,149.8,1.9000000000000001
-33.818056,19.694722,08-06-2015,13.6,189.1,0.7000000000000001
-31.5653,18.3306,09-11-2011,0.7,222.0,0.0
-31.5653,18.3306,21-12-2011,0.7,222.0,0.0
-31.5653,18.3306,17-01-2012,12.400001,190.8,0.7000000000000001
-31.5653,18.3306,15-02-2012,12.400001,190.8,0.7000000000000001
-31.5653,18.3306,13-03-2012,12.400001,190.8,0.7000000000000001
-31.5653,18.3306,17-04-2012,12.400001,190.8,0.7000000000000001
-31.5653,18.3306,17-05-2012,12.400001,190.8,0.7000000000000001
-31.5653,18.3306,29-05-2012,12.400001,190.8,0.7000000000000001
-27.01011111,26.69808333,09-06-2015,24.2,185.8,1.3
-25.73411,27.21422,09-06-2015,45.0,149.2,2.4000000000000004
-27.363611,31.783333,09-06-2015,16.5,154.0,0.8
-26.861111,28.884722,09-06-2015,34.100002,148.3,1.8
-31.5653,18.3306,23-10-2012,0.5,226.3,0.0
-31.5653,18.3306,13-11-2012,0.5,226.3,0.0
-31.5653,18.3306,04-12-2012,0.5,226.3,0.0
-31.5653,18.3306,26-03-2013,4.5,207.1,0.2
-31.5653,18.3306,23-04-2013,4.5,207.1,0.2
-31.5653,18.3306,21-05-2013,4.5,207.1,0.2
-27.00222,28.76528,09-06-2015,32.7,150.7,1.7000000000000002
-27.02314,28.59389,09-06-2015,32.2,153.3,1.7000000000000002
-31.5653,18.3306,28-01-2014,0.5,212.6,0.0
-31.5653,18.3306,12-02-2014,0.5,212.6,0.0
-31.5653,18.3306,04-03-2014,0.5,212.6,0.0
-31.5653,18.3306,01-04-2014,0.5,212.6,0.0
-31.5653,18.3306,13-05-2014,0.5,212.6,0.0
-26.648056,27.089444,09-06-2015,31.300001,166.0,1.6
-26.98472222,26.63227778,09-06-2015,24.9,182.90001,1.3
-27.935,26.126667,09-06-2015,12.2,210.6,0.6000000000000001
-28.141944,26.417778,09-06-2015,12.6,207.8,0.7000000000000001
-31.5653,18.3306,21-10-2014,1.1,218.1,0.1
-31.5653,18.3306,25-11-2014,1.1,218.1,0.1
-31.5653,18.3306,27-01-2015,2.0,212.3,0.1
-31.5653,18.3306,17-02-2015,2.0,212.3,0.1
-31.5653,18.3306,17-03-2015,2.0,212.3,0.1
-31.5653,18.3306,14-04-2015,2.0,212.3,0.1
-31.5653,18.3306,12-05-2015,2.0,212.3,0.1
-31.5653,18.3306,09-06-2015,2.0,212.3,0.1
-28.1175,26.719444,09-06-2015,13.2,203.1,0.7000000000000001
-29.160278,26.573333,09-06-2015,9.5,210.6,0.5
-31.5653,18.3306,15-09-2015,2.0,212.3,0.1
-31.5653,18.3306,20-10-2015,2.0,212.3,0.1
-31.5653,18.3306,24-11-2015,2.0,212.3,0.1
-32.601389,18.750556,10-05-2011,8.1,208.3,0.4
-32.601389,18.750556,13-06-2011,8.1,208.3,0.4
-32.601389,18.750556,12-07-2011,2.6000001,228.3,0.1
-32.601389,18.750556,10-08-2011,2.6000001,228.3,0.1
-32.601389,18.750556,06-09-2011,2.6000001,228.3,0.1
-32.601389,18.750556,03-11-2011,2.6000001,228.3,0.1
-32.601389,18.750556,29-05-2012,18.1,197.7,0.9
-32.601389,18.750556,03-07-2012,18.1,197.7,0.9
-32.601389,18.750556,31-07-2012,3.5,232.1,0.2
-32.601389,18.750556,28-08-2012,3.5,232.1,0.2
-32.601389,18.750556,26-09-2012,3.5,232.1,0.2
-32.601389,18.750556,23-10-2012,3.5,232.1,0.2
-28.69485,28.23487,09-06-2015,17.300001,169.1,0.9
-32.601389,18.750556,16-07-2013,18.2,196.7,0.9
-32.601389,18.750556,13-08-2013,18.2,196.7,0.9
-32.601389,18.750556,10-09-2013,18.2,196.7,0.9
-32.601389,18.750556,09-10-2013,18.2,196.7,0.9
-32.601389,18.750556,05-11-2013,18.2,196.7,0.9
-32.601389,18.750556,26-11-2013,18.2,196.7,0.9
-32.601389,18.750556,12-06-2014,1.1,222.3,0.1
-32.601389,18.750556,17-07-2014,4.0,225.7,0.2
-32.601389,18.750556,28-08-2014,4.0,225.7,0.2
-32.601389,18.750556,25-09-2014,4.0,225.7,0.2
-32.601389,18.750556,23-10-2014,4.0,225.7,0.2
-32.601389,18.750556,27-11-2014,4.0,225.7,0.2
-32.601389,18.750556,25-02-2015,7.2000003,215.3,0.30000000000000004
-32.601389,18.750556,21-05-2015,7.2000003,215.3,0.30000000000000004
-32.601389,18.750556,26-06-2015,7.2000003,215.3,0.30000000000000004
-32.601389,18.750556,30-07-2015,7.2000003,215.3,0.30000000000000004
-32.601389,18.750556,27-08-2015,7.2000003,215.3,0.30000000000000004
-32.601389,18.750556,29-10-2015,7.2000003,215.3,0.30000000000000004
-28.883333,27.89,09-06-2015,16.0,174.6,0.8
-25.45963889,28.26430556,09-06-2015,47.100002,145.8,2.5
-25.81048333,27.90955222,10-06-2015,44.7,147.2,2.3000000000000003
-29.641944,30.6875,10-06-2015,16.4,142.3,0.8
-24.282222,28.090278,10-06-2015,49.2,138.1,2.6
-23.763056,27.908611,10-06-2015,41.3,149.40001,2.2
-23.23572222,27.717,10-06-2015,30.800001,170.40001,1.6
-24.058889,31.237222,10-06-2015,40.4,133.7,2.1
-27.802778,28.768333,10-06-2015,26.6,155.2,1.4000000000000001
-27.671111,27.236944,10-06-2015,18.1,191.40001,1.0
-30.160091,27.40124,10-06-2015,12.6,188.6,0.7000000000000001
-30.336111,27.359444,10-06-2015,12.8,188.7,0.7000000000000001
-29.615556,27.065278,10-06-2015,11.1,197.6,0.6000000000000001
-33.38056,19.30167,10-06-2015,14.5,181.90001,0.7000000000000001
-33.08883333,19.21878333,10-06-2015,11.900001,188.2,0.6000000000000001
-25.57877778,29.12747222,10-06-2015,48.0,138.90001,2.5
-22.225556,29.990556,11-06-2015,28.2,164.6,1.5
-30.830556,26.921389,11-06-2015,10.6,194.8,0.6000000000000001
-24.95861111,29.39527778,11-06-2015,47.9,143.3,2.5
-27.02314,28.59389,11-06-2015,32.2,153.3,1.7000000000000002
-27.4275,28.525833,11-06-2015,28.6,157.5,1.5
-27.3,28.586944,11-06-2015,29.7,155.90001,1.6
-27.38972222,26.46388889,11-06-2015,18.5,201.1,1.0
-27.398611,26.614722,11-06-2015,18.800001,199.40001,1.0
-31.000833,26.353056,11-06-2015,7.5,201.2,0.4
-30.679722,26.7125,11-06-2015,9.5,201.90001,0.5
-30.534167,24.961944,11-06-2015,2.9,226.3,0.2
-33.7075,18.97444444,11-06-2015,19.1,184.0,0.9
-33.72266667,18.61691667,11-06-2015,15.8,179.2,0.7000000000000001
-27.356667,27.286389,11-06-2015,21.800001,186.5,1.1
-29.641944,30.6875,12-06-2015,16.4,142.3,0.8
-29.744167,29.905833,12-06-2015,26.1,134.90001,1.3
-26.619444,27.980833,12-06-2015,34.9,155.1,1.8
-27.573056,24.746389,12-06-2015,13.3,221.7,0.7000000000000001
-29.658056,25.973333,12-06-2015,6.6,210.5,0.30000000000000004
-23.658056,31.05,15-06-2015,34.7,142.40001,1.8
-29.7775,29.470833,15-06-2015,29.300001,128.5,1.5
-29.987778,29.851667,15-06-2015,27.6,127.700005,1.4000000000000001
-29.744167,29.905833,15-06-2015,26.1,134.90001,1.3
-24.679167,30.8025,16-06-2015,66.4,96.3,3.4000000000000004
-25.127778,27.628889,16-06-2015,46.100002,157.3,2.4000000000000004
-25.20639,27.558,16-06-2015,45.9,158.5,2.4000000000000004
-24.39619444,27.08983333,16-06-2015,41.2,167.6,2.2
-24.69514,27.40906,16-06-2015,45.3,164.8,2.4000000000000004
-22.769722,30.886944,17-06-2015,44.8,138.3,2.3000000000000003
-24.058889,31.237222,17-06-2015,40.4,133.7,2.1
-28.404444,30.013056,17-06-2015,15.2,166.3,0.8
-30.733889,29.828333,17-06-2015,28.7,123.0,1.5
-30.398056,30.601944,17-06-2015,30.2,125.0,1.5
-27.273889,28.49,17-06-2015,29.7,157.0,1.6
-34.092222,21.295278,17-06-2015,12.8,160.7,0.7000000000000001
-28.058889,30.373611,17-06-2015,21.9,154.5,1.1
-27.5275,30.858056,18-06-2015,28.9,137.40001,1.5
-30.13573889,30.67422222,18-06-2015,25.0,131.6,1.3
-26.880278,26.965,18-06-2015,27.300001,174.5,1.4000000000000001
-28.1175,26.719444,18-06-2015,13.2,203.1,0.7000000000000001
-28.376944,24.303056,18-06-2015,8.5,222.2,0.4
-31.394444,20.947222,18-06-2015,5.0,233.6,0.30000000000000004
-29.651389,22.746389,18-06-2015,2.0,246.3,0.1
-34.250556,20.9925,18-06-2015,14.0,166.8,0.7000000000000001
-33.13083,18.86278,04-07-2012,18.9,190.5,0.9
-24.183889,30.823889,19-06-2015,43.7,130.0,2.3000000000000003
-27.902778,24.615556,19-06-2015,11.0,219.90001,0.6000000000000001
-29.803611,30.516111,19-06-2015,21.800001,130.90001,1.1
-25.99136,27.84208,22-06-2015,43.9,143.7,2.3000000000000003
-25.49037,30.6986,22-06-2015,48.9,116.1,2.5
-24.99328,30.81444,22-06-2015,63.100002,86.8,3.2
-26.970278,27.211111,22-06-2015,27.2,172.6,1.4000000000000001
-26.880278,26.965,22-06-2015,27.300001,174.5,1.4000000000000001
-26.73806,27.59194,22-06-2015,32.3,161.0,1.7000000000000002
-26.45,28.085833,22-06-2015,36.9,149.8,1.9000000000000001
-27.273889,28.49,22-06-2015,29.7,157.0,1.6
-27.01011111,26.69808333,23-06-2015,24.2,185.8,1.3
-25.436111,31.982222,23-06-2015,28.6,136.0,1.5
-29.140556,31.391944,23-06-2015,106.8,55.0,5.6000000000000005
-34.065833,20.404167,23-06-2015,11.7,165.90001,0.6000000000000001
-22.43772222,31.07805556,23-06-2015,41.100002,155.3,2.1
-25.681111,31.783333,23-06-2015,30.7,134.40001,1.6
-25.67386,31.57527,23-06-2015,32.8,138.6,1.7000000000000002
-25.398889,31.610556,23-06-2015,33.3,129.6,1.7000000000000002
-28.801278,31.955389,23-06-2015,66.1,103.5,3.4000000000000004
-27.00222,28.76528,23-06-2015,32.7,150.7,1.7000000000000002
-26.98472222,26.63227778,23-06-2015,24.9,182.90001,1.3
-28.1175,26.719444,23-06-2015,13.2,203.1,0.7000000000000001
-25.45963889,28.26430556,23-06-2015,47.100002,145.8,2.5
-29.161667,23.696389,24-06-2015,4.1,228.0,0.2
-31.860278,18.6875,24-06-2015,3.3,217.90001,0.2
-25.362222,31.956667,24-06-2015,28.800001,133.3,1.5
-24.768889,31.39,24-06-2015,42.8,123.200005,2.2
-24.9675,31.516667,24-06-2015,37.7,130.2,1.9000000000000001
-28.747778,31.745833,24-06-2015,100.9,70.5,5.2
-27.273889,28.49,24-06-2015,29.7,157.0,1.6
-29.033333,23.983333,24-06-2015,5.3,225.40001,0.30000000000000004
-26.03611,30.99778,25-06-2015,49.600002,123.700005,2.6
-33.7075,18.97444444,17-02-2011,21.2,179.1,1.0
-26.648056,27.089444,25-06-2015,31.300001,166.0,1.6
-28.460833,21.248889,25-06-2015,0.7,246.1,0.0
-32.94583,18.33667,25-06-2015,7.8,191.1,0.4
-33.897778,20.012778,25-06-2015,11.6,184.0,0.6000000000000001
-33.7075,18.97444444,25-01-2012,16.9,187.8,0.7000000000000001
-33.7075,18.97444444,22-02-2012,16.9,187.8,0.7000000000000001
-33.7075,18.97444444,21-03-2012,16.9,187.8,0.7000000000000001
-29.744167,29.905833,26-06-2015,26.1,134.90001,1.3
-25.81048333,27.90955222,29-06-2015,44.7,147.2,2.3000000000000003
-26.510278,28.351389,29-06-2015,37.3,146.5,2.0
-26.45,28.085833,29-06-2015,36.9,149.8,1.9000000000000001
-27.671111,27.236944,29-06-2015,18.1,191.40001,1.0
-25.127778,27.628889,30-06-2015,46.100002,157.3,2.4000000000000004
-25.20639,27.558,30-06-2015,45.9,158.5,2.4000000000000004
-24.69514,27.40906,30-06-2015,45.3,164.8,2.4000000000000004
-28.735556,29.820556,30-06-2015,15.2,165.1,0.8
-26.861111,28.884722,30-06-2015,34.100002,148.3,1.8
-27.00222,28.76528,30-06-2015,32.7,150.7,1.7000000000000002
-27.02314,28.59389,30-06-2015,32.2,153.3,1.7000000000000002
-27.398611,26.614722,30-06-2015,18.800001,199.40001,1.0
-31.436944,20.474722,30-06-2015,4.8,231.0,0.30000000000000004
-29.651389,22.746389,30-06-2015,2.0,246.3,0.1
-28.338333,31.373611,30-06-2015,35.5,129.40001,1.9000000000000001
-28.068333,31.55,30-06-2015,13.6,162.5,0.7000000000000001
-28.308889,31.9025,30-06-2015,21.9,149.90001,1.1
-27.4,26.624722,30-06-2015,18.800001,199.40001,1.0
-29.161667,23.696389,01-07-2015,4.1,228.0,0.2
-27.602222,29.942778,01-07-2015,33.5,152.40001,1.7000000000000002
-27.169444,29.233889,01-07-2015,32.8,144.2,1.7000000000000002
-27.273889,28.49,01-07-2015,29.7,157.0,1.6
-27.4275,28.525833,01-07-2015,28.6,157.5,1.5
-27.3,28.586944,01-07-2015,29.7,155.90001,1.6
-27.802778,28.768333,01-07-2015,26.6,155.2,1.4000000000000001
-33.7075,18.97444444,28-01-2015,19.1,184.0,0.9
-33.7075,18.97444444,19-02-2015,19.1,184.0,0.9
-33.7075,18.97444444,25-03-2015,19.1,184.0,0.9
-27.935,26.126667,01-07-2015,12.2,210.6,0.6000000000000001
-28.141944,26.417778,01-07-2015,12.6,207.8,0.7000000000000001
-27.671111,27.236944,01-07-2015,18.1,191.40001,1.0
-28.75,30.442778,02-07-2015,15.0,166.40001,0.8
-29.161667,30.629722,02-07-2015,17.1,137.90001,0.9
-27.4275,28.525833,02-07-2015,28.6,157.5,1.5
-27.802778,28.768333,02-07-2015,26.6,155.2,1.4000000000000001
-28.376944,24.303056,02-07-2015,8.5,222.2,0.4
-29.744167,29.905833,03-07-2015,26.1,134.90001,1.3
-27.573056,24.746389,03-07-2015,13.3,221.7,0.7000000000000001
-27.902778,24.615556,03-07-2015,11.0,219.90001,0.6000000000000001
-25.99136,27.84208,06-07-2015,43.9,143.7,2.3000000000000003
-26.45,28.085833,06-07-2015,36.9,149.8,1.9000000000000001
-22.225556,29.990556,07-07-2015,28.2,164.6,1.5
-23.658056,31.05,07-07-2015,34.7,142.40001,1.8
-27.363611,31.783333,07-07-2015,16.5,154.0,0.8
-26.861111,28.884722,07-07-2015,34.100002,148.3,1.8
-27.00222,28.76528,07-07-2015,32.7,150.7,1.7000000000000002
-27.3,28.586944,07-07-2015,29.7,155.90001,1.6
-31.396,29.2651,07-07-2015,27.1,128.6,1.4000000000000001
-31.554722,29.245556,07-07-2015,28.7,116.5,1.5
-34.031944,22.053333,07-07-2015,11.6,151.1,0.6000000000000001
-25.45963889,28.26430556,07-07-2015,47.100002,145.8,2.5
-25.81048333,27.90955222,08-07-2015,44.7,147.2,2.3000000000000003
-29.641944,30.6875,08-07-2015,16.4,142.3,0.8
-23.23572222,27.717,08-07-2015,30.800001,170.40001,1.6
-24.670833,28.560833,08-07-2015,56.5,131.0,3.0
-22.91028,29.61111,08-07-2015,42.100002,137.0,2.2
-26.970278,27.211111,08-07-2015,27.2,172.6,1.4000000000000001
-27.38972222,26.46388889,08-07-2015,18.5,201.1,1.0
-30.534167,24.961944,08-07-2015,2.9,226.3,0.2
-30.570833,29.150556,08-07-2015,24.4,135.3,1.3
-31.104278,29.399722,08-07-2015,27.1,127.1,1.4000000000000001
-30.77586667,29.03221667,08-07-2015,24.5,138.40001,1.3
-34.039722,22.133333,08-07-2015,11.8,150.0,0.6000000000000001
-34.02861,22.22222,08-07-2015,12.7,146.5,0.7000000000000001
-32.94583,18.33667,03-12-2015,7.8,191.1,0.4
-33.464444,18.740556,20-07-2011,5.1,207.0,0.2
-33.464444,18.740556,17-08-2011,5.1,207.0,0.2
-33.464444,18.740556,14-09-2011,5.1,207.0,0.2
-33.464444,18.740556,12-10-2011,5.1,207.0,0.2
-33.464444,18.740556,09-11-2011,5.1,207.0,0.2
-33.464444,18.740556,26-06-2012,16.4,189.0,0.7000000000000001
-33.464444,18.740556,24-07-2012,13.3,201.0,0.6000000000000001
-27.01011111,26.69808333,09-07-2015,24.2,185.8,1.3
-33.464444,18.740556,18-09-2012,13.3,201.0,0.6000000000000001
-33.464444,18.740556,16-10-2012,13.3,201.0,0.6000000000000001
-33.464444,18.740556,15-11-2012,13.3,201.0,0.6000000000000001
-24.282222,28.090278,09-07-2015,49.2,138.1,2.6
-33.464444,18.740556,24-07-2013,31.300001,164.40001,1.5
-33.464444,18.740556,21-08-2013,31.300001,164.40001,1.5
-33.464444,18.740556,11-09-2013,31.300001,164.40001,1.5
-33.464444,18.740556,09-10-2013,31.300001,164.40001,1.5
-33.464444,18.740556,06-11-2013,31.300001,164.40001,1.5
-33.464444,18.740556,27-11-2013,31.300001,164.40001,1.5
-33.464444,18.740556,16-07-2014,13.7,197.0,0.6000000000000001
-33.464444,18.740556,27-08-2014,13.7,197.0,0.6000000000000001
-33.464444,18.740556,01-10-2014,13.7,197.0,0.6000000000000001
-33.464444,18.740556,29-10-2014,13.7,197.0,0.6000000000000001
-23.23572222,27.717,09-07-2015,30.800001,170.40001,1.6
-33.464444,18.740556,23-07-2015,15.3,189.0,0.7000000000000001
-33.464444,18.740556,20-08-2015,15.3,189.0,0.7000000000000001
-33.464444,18.740556,17-09-2015,15.3,189.0,0.7000000000000001
-26.648056,27.089444,09-07-2015,31.300001,166.0,1.6
-26.880278,26.965,09-07-2015,27.300001,174.5,1.4000000000000001
-26.98472222,26.63227778,09-07-2015,24.9,182.90001,1.3
-31.031389,28.883333,09-07-2015,25.300001,135.8,1.3
-33.72266667,18.61691667,11-06-2014,4.6,188.0,0.1
-30.86013889,29.07125,09-07-2015,24.5,137.3,1.3
-33.970833,22.548333,20-01-2011,36.5,109.5,1.8
-33.970833,22.548333,28-02-2011,36.5,109.5,1.8
-33.970833,22.548333,04-04-2011,36.5,109.5,1.8
-33.970833,22.548333,03-05-2011,36.5,109.5,1.8
-33.970833,22.548333,05-07-2011,36.5,109.5,1.8
-33.970833,22.548333,31-08-2011,24.1,130.1,1.2000000000000002
-33.970833,22.548333,14-09-2011,24.1,130.1,1.2000000000000002
-33.970833,22.548333,11-10-2011,24.1,130.1,1.2000000000000002
-33.970833,22.548333,25-11-2011,24.1,130.1,1.2000000000000002
-33.970833,22.548333,20-01-2012,21.7,114.4,0.9
-33.970833,22.548333,20-03-2012,21.7,114.4,0.9
-34.005833,22.351111,09-07-2015,13.8,142.7,0.7000000000000001
-33.970833,22.548333,09-07-2012,40.0,109.3,2.0
-33.970833,22.548333,17-08-2012,40.0,109.3,2.0
-33.970833,22.548333,19-09-2012,40.0,109.3,2.0
-33.970833,22.548333,17-10-2012,40.0,109.3,2.0
-33.970833,22.548333,23-11-2012,40.0,109.3,2.0
-33.970833,22.548333,13-12-2012,40.0,109.3,2.0
-33.970833,22.548333,30-01-2013,19.7,124.3,0.8
-33.970833,22.548333,13-02-2013,19.7,124.3,0.8
-22.43772222,31.07805556,10-07-2015,41.100002,155.3,2.1
-33.970833,22.548333,19-06-2013,19.7,124.3,0.8
-33.970833,22.548333,19-07-2013,89.8,51.4,4.6000000000000005
-33.970833,22.548333,21-08-2013,89.8,51.4,4.6000000000000005
-33.970833,22.548333,20-09-2013,89.8,51.4,4.6000000000000005
-33.970833,22.548333,17-10-2013,89.8,51.4,4.6000000000000005
-33.970833,22.548333,05-11-2013,89.8,51.4,4.6000000000000005
-33.970833,22.548333,08-11-2013,89.8,51.4,4.6000000000000005
-33.970833,22.548333,15-01-2014,35.9,107.1,1.9000000000000001
-33.970833,22.548333,05-03-2014,35.9,107.1,1.9000000000000001
-33.970833,22.548333,02-04-2014,35.9,107.1,1.9000000000000001
-33.970833,22.548333,08-05-2014,35.9,107.1,1.9000000000000001
-28.7115,24.07288889,13-07-2015,6.4,225.1,0.30000000000000004
-33.970833,22.548333,09-07-2014,26.0,129.6,1.4000000000000001
-33.970833,22.548333,06-08-2014,26.0,129.6,1.4000000000000001
-33.970833,22.548333,03-09-2014,26.0,129.6,1.4000000000000001
-33.970833,22.548333,08-10-2014,26.0,129.6,1.4000000000000001
-33.970833,22.548333,07-01-2015,57.600002,0.0,3.6
-33.970833,22.548333,04-02-2015,16.4,138.2,0.8
-33.970833,22.548333,05-03-2015,16.4,138.2,0.8
-33.970833,22.548333,08-04-2015,16.4,138.2,0.8
-33.970833,22.548333,07-05-2015,16.4,138.2,0.8
-33.970833,22.548333,02-06-2015,16.4,138.2,0.8
-33.970833,22.548333,08-07-2015,16.4,138.2,0.8
-33.970833,22.548333,05-08-2015,16.4,138.2,0.8
-33.970833,22.548333,02-09-2015,16.4,138.2,0.8
-33.970833,22.548333,06-10-2015,16.4,138.2,0.8
-33.970833,22.548333,04-11-2015,16.4,138.2,0.8
-33.970833,22.548333,03-12-2015,16.4,138.2,0.8
-34.005833,22.351111,21-01-2011,28.0,121.3,1.4000000000000001
-34.005833,22.351111,11-02-2011,28.0,121.3,1.4000000000000001
-34.005833,22.351111,17-03-2011,28.0,121.3,1.4000000000000001
-34.005833,22.351111,19-04-2011,28.0,121.3,1.4000000000000001
-34.005833,22.351111,17-05-2011,28.0,121.3,1.4000000000000001
-34.005833,22.351111,21-06-2011,28.0,121.3,1.4000000000000001
-24.679167,30.8025,13-07-2015,66.4,96.3,3.4000000000000004
-34.005833,22.351111,12-10-2011,21.800001,136.8,1.1
-29.7775,29.470833,13-07-2015,29.300001,128.5,1.5
-29.744167,29.905833,13-07-2015,26.1,134.90001,1.3
-29.160278,26.573333,13-07-2015,9.5,210.6,0.5
-34.005833,22.351111,26-06-2012,16.4,123.200005,0.8
-34.005833,22.351111,18-07-2012,35.600002,117.5,1.8
-29.1825,23.575556,13-07-2015,3.7,232.7,0.2
-25.127778,27.628889,14-07-2015,46.100002,157.3,2.4000000000000004
-24.39619444,27.08983333,14-07-2015,41.2,167.6,2.2
-24.69514,27.40906,14-07-2015,45.3,164.8,2.4000000000000004
-28.69485,28.23487,14-07-2015,17.300001,169.1,0.9
-34.005833,22.351111,05-04-2013,13.3,133.8,0.7000000000000001
-28.883333,27.89,14-07-2015,16.0,174.6,0.8
-34.005833,22.351111,04-07-2013,13.3,133.8,0.7000000000000001
-34.005833,22.351111,06-08-2013,81.4,63.4,4.3
-24.183889,30.823889,15-07-2015,43.7,130.0,2.3000000000000003
-25.20639,27.558,15-07-2015,45.9,158.5,2.4000000000000004
-34.005833,22.351111,04-12-2013,81.4,63.4,4.3
-34.005833,22.351111,22-01-2014,27.9,118.1,1.5
-34.005833,22.351111,20-02-2014,27.9,118.1,1.5
-22.769722,30.886944,15-07-2015,44.8,138.3,2.3000000000000003
-34.005833,22.351111,03-04-2014,27.9,118.1,1.5
-28.404444,30.013056,15-07-2015,15.2,166.3,0.8
-30.733889,29.828333,15-07-2015,28.7,123.0,1.5
-30.160091,27.40124,15-07-2015,12.6,188.6,0.7000000000000001
-30.336111,27.359444,15-07-2015,12.8,188.7,0.7000000000000001
-29.615556,27.065278,15-07-2015,11.1,197.6,0.6000000000000001
-34.005833,22.351111,04-11-2014,23.1,137.3,1.2000000000000002
-34.005833,22.351111,03-12-2014,23.1,137.3,1.2000000000000002
-28.058889,30.373611,15-07-2015,21.9,154.5,1.1
-30.830556,26.921389,16-07-2015,10.6,194.8,0.6000000000000001
-34.005833,22.351111,10-04-2015,13.8,142.7,0.7000000000000001
-27.937778,31.209444,16-07-2015,15.1,155.8,0.8
-34.005833,22.351111,04-06-2015,13.8,142.7,0.7000000000000001
-27.5275,30.858056,16-07-2015,28.9,137.40001,1.5
-30.13573889,30.67422222,16-07-2015,25.0,131.6,1.3
-30.398056,30.601944,16-07-2015,30.2,125.0,1.5
-27.02314,28.59389,16-07-2015,32.2,153.3,1.7000000000000002
-27.273889,28.49,16-07-2015,29.7,157.0,1.6
-27.935,26.126667,16-07-2015,12.2,210.6,0.6000000000000001
-28.141944,26.417778,16-07-2015,12.6,207.8,0.7000000000000001
-28.1175,26.719444,16-07-2015,13.2,203.1,0.7000000000000001
-31.000833,26.353056,16-07-2015,7.5,201.2,0.4
-30.679722,26.7125,16-07-2015,9.5,201.90001,0.5
-30.534167,24.961944,16-07-2015,2.9,226.3,0.2
-29.744167,29.905833,17-07-2015,26.1,134.90001,1.3
-27.902778,24.615556,17-07-2015,11.0,219.90001,0.6000000000000001
-29.803611,30.516111,17-07-2015,21.800001,130.90001,1.1
-27.01011111,26.69808333,20-07-2015,24.2,185.8,1.3
-29.140556,31.391944,20-07-2015,106.8,55.0,5.6000000000000005
-25.99136,27.84208,20-07-2015,43.9,143.7,2.3000000000000003
-26.648056,27.089444,20-07-2015,31.300001,166.0,1.6
-26.880278,26.965,20-07-2015,27.300001,174.5,1.4000000000000001
-26.73806,27.59194,20-07-2015,32.3,161.0,1.7000000000000002
-26.45,28.085833,20-07-2015,36.9,149.8,1.9000000000000001
-26.98472222,26.63227778,20-07-2015,24.9,182.90001,1.3
-32.502778,19.535833,20-07-2015,5.0,229.0,0.30000000000000004
-34.065833,20.404167,21-07-2015,11.7,165.90001,0.6000000000000001
-31.860278,18.6875,21-07-2015,3.3,217.90001,0.2
-33.980556,21.653333,21-07-2015,10.6,156.1,0.6000000000000001
-26.006389,29.253889,21-07-2015,47.2,126.200005,2.5
-28.801278,31.955389,21-07-2015,66.1,103.5,3.4000000000000004
-27.00222,28.76528,21-07-2015,32.7,150.7,1.7000000000000002
-27.38972222,26.46388889,21-07-2015,18.5,201.1,1.0
-27.398611,26.614722,21-07-2015,18.800001,199.40001,1.0
-34.092222,21.295278,21-07-2015,12.8,160.7,0.7000000000000001
-31.5653,18.3306,21-07-2015,2.0,212.3,0.1
-27.4,26.624722,21-07-2015,18.800001,199.40001,1.0
-25.81048333,27.90955222,22-07-2015,44.7,147.2,2.3000000000000003
-28.747778,31.745833,22-07-2015,100.9,70.5,5.2
-26.970278,27.211111,22-07-2015,27.2,172.6,1.4000000000000001
-26.880278,26.965,22-07-2015,27.300001,174.5,1.4000000000000001
-27.273889,28.49,22-07-2015,29.7,157.0,1.6
-28.141944,26.417778,22-07-2015,12.6,207.8,0.7000000000000001
-28.1175,26.719444,22-07-2015,13.2,203.1,0.7000000000000001
-34.250556,20.9925,22-07-2015,14.0,166.8,0.7000000000000001
-34.405833,19.600556,22-07-2015,18.0,145.0,0.9
-33.38056,19.30167,22-07-2015,14.5,181.90001,0.7000000000000001
-33.08883333,19.21878333,22-07-2015,11.900001,188.2,0.6000000000000001
-24.95861111,29.39527778,23-07-2015,47.9,143.3,2.5
-33.7075,18.97444444,23-07-2015,19.1,184.0,0.9
-25.57877778,29.12747222,23-07-2015,48.0,138.90001,2.5
-33.897778,20.012778,23-07-2015,11.6,184.0,0.6000000000000001
-26.619444,27.980833,27-07-2015,34.9,155.1,1.8
-25.127778,27.628889,28-07-2015,46.100002,157.3,2.4000000000000004
-25.20639,27.558,28-07-2015,45.9,158.5,2.4000000000000004
-24.69514,27.40906,28-07-2015,45.3,164.8,2.4000000000000004
-28.44555556,32.325,25-08-2015,14.7,147.6,0.7000000000000001
-27.169444,29.233889,28-07-2015,32.8,144.2,1.7000000000000002
-27.935,26.126667,28-07-2015,12.2,210.6,0.6000000000000001
-28.141944,26.417778,28-07-2015,12.6,207.8,0.7000000000000001
-28.1175,26.719444,28-07-2015,13.2,203.1,0.7000000000000001
-27.398611,26.614722,28-07-2015,18.800001,199.40001,1.0
-27.671111,27.236944,28-07-2015,18.1,191.40001,1.0
-28.69485,28.23487,28-07-2015,17.300001,169.1,0.9
-33.501667,21.624167,28-07-2015,8.6,181.0,0.5
-33.31388889,19.07472222,28-07-2015,14.6,192.90001,0.6000000000000001
-28.338333,31.373611,28-07-2015,35.5,129.40001,1.9000000000000001
-28.068333,31.55,28-07-2015,13.6,162.5,0.7000000000000001
-28.308889,31.9025,28-07-2015,21.9,149.90001,1.1
-27.4,26.624722,28-07-2015,18.800001,199.40001,1.0
-29.161667,23.696389,29-07-2015,4.1,228.0,0.2
-27.602222,29.942778,29-07-2015,33.5,152.40001,1.7000000000000002
-27.802778,28.768333,29-07-2015,26.6,155.2,1.4000000000000001
-33.13083,18.86278,29-07-2015,12.3,197.6,0.5
-26.03611,30.99778,30-07-2015,49.600002,123.700005,2.6
-28.75,30.442778,30-07-2015,15.0,166.40001,0.8
-29.161667,30.629722,30-07-2015,17.1,137.90001,0.9
-27.02314,28.59389,30-07-2015,32.2,153.3,1.7000000000000002
-27.273889,28.49,30-07-2015,29.7,157.0,1.6
-27.4275,28.525833,30-07-2015,28.6,157.5,1.5
-27.3,28.586944,30-07-2015,29.7,155.90001,1.6
-27.573056,24.746389,30-07-2015,13.3,221.7,0.7000000000000001
-28.460833,21.248889,30-07-2015,0.7,246.1,0.0
-32.94583,18.33667,30-07-2015,7.8,191.1,0.4
-29.641944,30.6875,31-07-2015,16.4,142.3,0.8
-24.95861111,29.39527778,31-07-2015,47.9,143.3,2.5
-28.141944,26.417778,31-07-2015,12.6,207.8,0.7000000000000001
-28.1175,26.719444,31-07-2015,13.2,203.1,0.7000000000000001
-27.902778,24.615556,31-07-2015,11.0,219.90001,0.6000000000000001
-25.99136,27.84208,03-08-2015,43.9,143.7,2.3000000000000003
-26.73806,27.59194,03-08-2015,32.3,161.0,1.7000000000000002
-26.45,28.085833,03-08-2015,36.9,149.8,1.9000000000000001
-29.160278,26.573333,03-08-2015,9.5,210.6,0.5
-31.396,29.2651,03-08-2015,27.1,128.6,1.4000000000000001
-31.554722,29.245556,03-08-2015,28.7,116.5,1.5
-26.861111,28.884722,04-08-2015,34.100002,148.3,1.8
-27.00222,28.76528,04-08-2015,32.7,150.7,1.7000000000000002
-26.970278,27.211111,04-08-2015,27.2,172.6,1.4000000000000001
-26.880278,26.965,04-08-2015,27.300001,174.5,1.4000000000000001
-28.69485,28.23487,04-08-2015,17.300001,169.1,0.9
-29.615556,27.065278,04-08-2015,11.1,197.6,0.6000000000000001
-28.883333,27.89,04-08-2015,16.0,174.6,0.8
-30.568333,29.422778,04-08-2015,24.5,133.3,1.3
-30.570833,29.150556,04-08-2015,24.4,135.3,1.3
-31.104278,29.399722,04-08-2015,27.1,127.1,1.4000000000000001
-34.031944,22.053333,04-08-2015,11.6,151.1,0.6000000000000001
-34.039722,22.133333,04-08-2015,11.8,150.0,0.6000000000000001
-25.45963889,28.26430556,04-08-2015,47.100002,145.8,2.5
-27.01011111,26.69808333,05-08-2015,24.2,185.8,1.3
-25.81048333,27.90955222,05-08-2015,44.7,147.2,2.3000000000000003
-24.670833,28.560833,05-08-2015,56.5,131.0,3.0
-25.73411,27.21422,05-08-2015,45.0,149.2,2.4000000000000004
-26.648056,27.089444,05-08-2015,31.300001,166.0,1.6
-26.98472222,26.63227778,05-08-2015,24.9,182.90001,1.3
-27.935,26.126667,05-08-2015,12.2,210.6,0.6000000000000001
-30.160091,27.40124,05-08-2015,12.6,188.6,0.7000000000000001
-30.336111,27.359444,05-08-2015,12.8,188.7,0.7000000000000001
-28.768056,20.720556,05-08-2015,0.7,253.0,0.0
-31.031389,28.883333,05-08-2015,25.300001,135.8,1.3
-30.86013889,29.07125,05-08-2015,24.5,137.3,1.3
-30.77586667,29.03221667,05-08-2015,24.5,138.40001,1.3
-34.02861,22.22222,05-08-2015,12.7,146.5,0.7000000000000001
-30.830556,26.921389,06-08-2015,10.6,194.8,0.6000000000000001
-22.769722,30.886944,06-08-2015,44.8,138.3,2.3000000000000003
-26.905,32.324722,06-08-2015,17.6,157.40001,0.9
-28.141944,26.417778,06-08-2015,12.6,207.8,0.7000000000000001
-31.000833,26.353056,06-08-2015,7.5,201.2,0.4
-30.679722,26.7125,06-08-2015,9.5,201.90001,0.5
-30.534167,24.961944,06-08-2015,2.9,226.3,0.2
-23.658056,31.05,07-08-2015,34.7,142.40001,1.8
-23.838611,31.640833,07-08-2015,37.100002,144.1,1.9000000000000001
-24.058889,31.237222,07-08-2015,40.4,133.7,2.1
-29.7775,29.470833,10-08-2015,29.300001,128.5,1.5
-29.987778,29.851667,10-08-2015,27.6,127.700005,1.4000000000000001
-24.69514,27.40906,11-08-2015,45.3,164.8,2.4000000000000004
-24.99328,30.81444,11-08-2015,63.100002,86.8,3.2
-30.733889,29.828333,11-08-2015,28.7,123.0,1.5
-25.127778,27.628889,12-08-2015,46.100002,157.3,2.4000000000000004
-25.20639,27.558,12-08-2015,45.9,158.5,2.4000000000000004
-24.768889,31.39,12-08-2015,42.8,123.200005,2.2
-24.9675,31.516667,12-08-2015,37.7,130.2,1.9000000000000001
-27.937778,31.209444,12-08-2015,15.1,155.8,0.8
-28.404444,30.013056,12-08-2015,15.2,166.3,0.8
-30.398056,30.601944,12-08-2015,30.2,125.0,1.5
-28.141944,26.417778,12-08-2015,12.6,207.8,0.7000000000000001
-28.1175,26.719444,12-08-2015,13.2,203.1,0.7000000000000001
-27.671111,27.236944,12-08-2015,18.1,191.40001,1.0
-28.058889,30.373611,12-08-2015,21.9,154.5,1.1
-30.13573889,30.67422222,13-08-2015,25.0,131.6,1.3
-27.38972222,26.46388889,13-08-2015,18.5,201.1,1.0
-27.398611,26.614722,13-08-2015,18.800001,199.40001,1.0
-27.902778,24.615556,13-08-2015,11.0,219.90001,0.6000000000000001
-27.4,26.624722,13-08-2015,18.800001,199.40001,1.0
-29.744167,29.905833,14-08-2015,26.1,134.90001,1.3
-29.380556,30.2775,17-08-2015,19.5,133.2,1.0
-26.73806,27.59194,17-08-2015,32.3,161.0,1.7000000000000002
-26.45,28.085833,17-08-2015,36.9,149.8,1.9000000000000001
-28.760833,17.730278,18-08-2015,0.1,248.1,0.0
-29.140556,31.391944,18-08-2015,106.8,55.0,5.6000000000000005
-31.860278,18.6875,18-08-2015,3.3,217.90001,0.2
-24.679167,30.8025,18-08-2015,66.4,96.3,3.4000000000000004
-25.99136,27.84208,18-08-2015,43.9,143.7,2.3000000000000003
-28.801278,31.955389,18-08-2015,66.1,103.5,3.4000000000000004
-27.937778,31.209444,18-08-2015,15.1,155.8,0.8
-26.861111,28.884722,18-08-2015,34.100002,148.3,1.8
-27.00222,28.76528,18-08-2015,32.7,150.7,1.7000000000000002
-26.970278,27.211111,18-08-2015,27.2,172.6,1.4000000000000001
-26.880278,26.965,18-08-2015,27.300001,174.5,1.4000000000000001
-30.160091,27.40124,18-08-2015,12.6,188.6,0.7000000000000001
-34.092222,21.295278,18-08-2015,12.8,160.7,0.7000000000000001
-33.818056,19.694722,18-08-2015,13.6,189.1,0.7000000000000001
-31.5653,18.3306,18-08-2015,2.0,212.3,0.1
-22.91028,29.61111,19-08-2015,42.100002,137.0,2.2
-25.73411,27.21422,19-08-2015,45.0,149.2,2.4000000000000004
-26.006389,29.253889,19-08-2015,47.2,126.200005,2.5
-24.058889,31.237222,19-08-2015,40.4,133.7,2.1
-28.747778,31.745833,19-08-2015,100.9,70.5,5.2
-26.648056,27.089444,19-08-2015,31.300001,166.0,1.6
-27.273889,28.49,19-08-2015,29.7,157.0,1.6
-26.98472222,26.63227778,19-08-2015,24.9,182.90001,1.3
-33.38056,19.30167,19-08-2015,14.5,181.90001,0.7000000000000001
-25.45963889,28.26430556,19-08-2015,47.100002,145.8,2.5
-25.81048333,27.90955222,20-08-2015,44.7,147.2,2.3000000000000003
-24.183889,30.823889,20-08-2015,43.7,130.0,2.3000000000000003
-24.282222,28.090278,20-08-2015,49.2,138.1,2.6
-27.935,26.126667,20-08-2015,12.2,210.6,0.6000000000000001
-28.141944,26.417778,20-08-2015,12.6,207.8,0.7000000000000001
-28.1175,26.719444,20-08-2015,13.2,203.1,0.7000000000000001
-33.7075,18.97444444,20-08-2015,19.1,184.0,0.9
-24.95861111,29.39527778,21-08-2015,47.9,143.3,2.5
-27.573056,24.746389,21-08-2015,13.3,221.7,0.7000000000000001
-29.380556,30.2775,22-08-2015,19.5,133.2,1.0
-28.735556,29.820556,24-08-2015,15.2,165.1,0.8
-28.308889,31.9025,24-08-2015,21.9,149.90001,1.1
-34.065833,20.404167,25-08-2015,11.7,165.90001,0.6000000000000001
-25.127778,27.628889,25-08-2015,46.100002,157.3,2.4000000000000004
-25.20639,27.558,25-08-2015,45.9,158.5,2.4000000000000004
-28.44555556,32.325,21-09-2015,14.7,147.6,0.7000000000000001
-26.619444,27.980833,25-08-2015,34.9,155.1,1.8
-26.510278,28.351389,25-08-2015,37.3,146.5,2.0
-27.671111,27.236944,25-08-2015,18.1,191.40001,1.0
-33.501667,21.624167,25-08-2015,8.6,181.0,0.5
-33.31388889,19.07472222,25-08-2015,14.6,192.90001,0.6000000000000001
-28.068333,31.55,25-08-2015,13.6,162.5,0.7000000000000001
-29.161667,23.696389,26-08-2015,4.1,228.0,0.2
-28.7115,24.07288889,26-08-2015,6.4,225.1,0.30000000000000004
-29.641944,30.6875,26-08-2015,16.4,142.3,0.8
-27.169444,29.233889,26-08-2015,32.8,144.2,1.7000000000000002
-27.802778,28.768333,26-08-2015,26.6,155.2,1.4000000000000001
-27.398611,26.614722,26-08-2015,18.800001,199.40001,1.0
-34.405833,19.600556,26-08-2015,18.0,145.0,0.9
-33.13083,18.86278,26-08-2015,12.3,197.6,0.5
-27.4,26.624722,26-08-2015,18.800001,199.40001,1.0
-27.602222,29.942778,27-08-2015,33.5,152.40001,1.7000000000000002
-28.75,30.442778,27-08-2015,15.0,166.40001,0.8
-29.161667,30.629722,27-08-2015,17.1,137.90001,0.9
-32.94583,18.33667,27-08-2015,7.8,191.1,0.4
-23.838611,31.640833,28-08-2015,37.100002,144.1,1.9000000000000001
-24.058889,31.237222,28-08-2015,40.4,133.7,2.1
-29.744167,29.905833,28-08-2015,26.1,134.90001,1.3
-29.1825,23.575556,29-08-2015,3.7,232.7,0.2
-25.99136,27.84208,31-08-2015,43.9,143.7,2.3000000000000003
-26.73806,27.59194,31-08-2015,32.3,161.0,1.7000000000000002
-26.45,28.085833,31-08-2015,36.9,149.8,1.9000000000000001
-27.363611,31.783333,01-09-2015,16.5,154.0,0.8
-26.861111,28.884722,01-09-2015,34.100002,148.3,1.8
-27.00222,28.76528,01-09-2015,32.7,150.7,1.7000000000000002
-26.970278,27.211111,01-09-2015,27.2,172.6,1.4000000000000001
-27.273889,28.49,01-09-2015,29.7,157.0,1.6
-27.4275,28.525833,01-09-2015,28.6,157.5,1.5
-27.3,28.586944,01-09-2015,29.7,155.90001,1.6
-27.935,26.126667,01-09-2015,12.2,210.6,0.6000000000000001
-31.396,29.2651,01-09-2015,27.1,128.6,1.4000000000000001
-31.554722,29.245556,01-09-2015,28.7,116.5,1.5
-34.005833,22.351111,01-09-2015,13.8,142.7,0.7000000000000001
-25.45963889,28.26430556,01-09-2015,47.100002,145.8,2.5
-25.447222,30.711667,01-09-2015,47.4,119.6,2.4000000000000004
-27.01011111,26.69808333,02-09-2015,24.2,185.8,1.3
-25.81048333,27.90955222,02-09-2015,44.7,147.2,2.3000000000000003
-25.436111,31.982222,02-09-2015,28.6,136.0,1.5
-23.658056,31.05,02-09-2015,34.7,142.40001,1.8
-25.681111,31.783333,02-09-2015,30.7,134.40001,1.6
-25.362222,31.956667,02-09-2015,28.800001,133.3,1.5
-27.02314,28.59389,02-09-2015,32.2,153.3,1.7000000000000002
-26.648056,27.089444,02-09-2015,31.300001,166.0,1.6
-27.273889,28.49,02-09-2015,29.7,157.0,1.6
-27.4275,28.525833,02-09-2015,28.6,157.5,1.5
-27.3,28.586944,02-09-2015,29.7,155.90001,1.6
-30.570833,29.150556,02-09-2015,24.4,135.3,1.3
-31.104278,29.399722,02-09-2015,27.1,127.1,1.4000000000000001
-30.77586667,29.03221667,02-09-2015,24.5,138.40001,1.3
-34.031944,22.053333,02-09-2015,11.6,151.1,0.6000000000000001
-29.641944,30.6875,03-09-2015,16.4,142.3,0.8
-25.398889,31.610556,03-09-2015,33.3,129.6,1.7000000000000002
-27.802778,28.768333,03-09-2015,26.6,155.2,1.4000000000000001
-27.935,26.126667,03-09-2015,12.2,210.6,0.6000000000000001
-28.141944,26.417778,03-09-2015,12.6,207.8,0.7000000000000001
-30.679722,26.7125,03-09-2015,9.5,201.90001,0.5
-30.568333,29.422778,03-09-2015,24.5,133.3,1.3
-31.031389,28.883333,03-09-2015,25.300001,135.8,1.3
-30.86013889,29.07125,03-09-2015,24.5,137.3,1.3
-29.987778,29.851667,07-09-2015,27.6,127.700005,1.4000000000000001
-29.744167,29.905833,07-09-2015,26.1,134.90001,1.3
-29.160278,26.573333,07-09-2015,9.5,210.6,0.5
-25.57877778,29.12747222,07-09-2015,48.0,138.90001,2.5
-22.225556,29.990556,08-09-2015,28.2,164.6,1.5
-22.91028,29.61111,08-09-2015,42.100002,137.0,2.2
-25.127778,27.628889,08-09-2015,46.100002,157.3,2.4000000000000004
-25.20639,27.558,08-09-2015,45.9,158.5,2.4000000000000004
-24.69514,27.40906,08-09-2015,45.3,164.8,2.4000000000000004
-23.838611,31.640833,08-09-2015,37.100002,144.1,1.9000000000000001
-26.006389,29.253889,08-09-2015,47.2,126.200005,2.5
-30.733889,29.828333,08-09-2015,28.7,123.0,1.5
-29.7775,29.470833,08-09-2015,29.300001,128.5,1.5
-28.141944,26.417778,08-09-2015,12.6,207.8,0.7000000000000001
-27.671111,27.236944,08-09-2015,18.1,191.40001,1.0
-28.69485,28.23487,08-09-2015,17.300001,169.1,0.9
-29.615556,27.065278,08-09-2015,11.1,197.6,0.6000000000000001
-28.883333,27.89,08-09-2015,16.0,174.6,0.8
-24.058889,31.237222,09-09-2015,40.4,133.7,2.1
-27.937778,31.209444,09-09-2015,15.1,155.8,0.8
-28.404444,30.013056,09-09-2015,15.2,166.3,0.8
-30.398056,30.601944,09-09-2015,30.2,125.0,1.5
-27.398611,26.614722,09-09-2015,18.800001,199.40001,1.0
-30.160091,27.40124,09-09-2015,12.6,188.6,0.7000000000000001
-30.336111,27.359444,09-09-2015,12.8,188.7,0.7000000000000001
-28.058889,30.373611,09-09-2015,21.9,154.5,1.1
-27.4,26.624722,09-09-2015,18.800001,199.40001,1.0
-29.161667,23.696389,10-09-2015,4.1,228.0,0.2
-30.830556,26.921389,10-09-2015,10.6,194.8,0.6000000000000001
-24.282222,28.090278,10-09-2015,49.2,138.1,2.6
-22.769722,30.886944,10-09-2015,44.8,138.3,2.3000000000000003
-27.5275,30.858056,10-09-2015,28.9,137.40001,1.5
-30.13573889,30.67422222,10-09-2015,25.0,131.6,1.3
-31.000833,26.353056,10-09-2015,7.5,201.2,0.4
-30.679722,26.7125,10-09-2015,9.5,201.90001,0.5
-30.534167,24.961944,10-09-2015,2.9,226.3,0.2
-24.95861111,29.39527778,11-09-2015,47.9,143.3,2.5
-29.744167,29.905833,11-09-2015,26.1,134.90001,1.3
-27.573056,24.746389,11-09-2015,13.3,221.7,0.7000000000000001
-29.651389,22.746389,11-09-2015,2.0,246.3,0.1
-29.1825,23.575556,11-09-2015,3.7,232.7,0.2
-29.803611,30.516111,11-09-2015,21.800001,130.90001,1.1
-26.73806,27.59194,14-09-2015,32.3,161.0,1.7000000000000002
-26.45,28.085833,14-09-2015,36.9,149.8,1.9000000000000001
-32.502778,19.535833,14-09-2015,5.0,229.0,0.30000000000000004
-29.140556,31.391944,15-09-2015,106.8,55.0,5.6000000000000005
-31.860278,18.6875,15-09-2015,3.3,217.90001,0.2
-24.679167,30.8025,15-09-2015,66.4,96.3,3.4000000000000004
-28.801278,31.955389,15-09-2015,66.1,103.5,3.4000000000000004
-26.861111,28.884722,15-09-2015,34.100002,148.3,1.8
-27.00222,28.76528,15-09-2015,32.7,150.7,1.7000000000000002
-26.970278,27.211111,15-09-2015,27.2,172.6,1.4000000000000001
-26.880278,26.965,15-09-2015,27.300001,174.5,1.4000000000000001
-34.092222,21.295278,15-09-2015,12.8,160.7,0.7000000000000001
-34.075556,20.145556,15-09-2015,12.900001,169.6,0.6000000000000001
-32.595833,19.009444,15-09-2015,7.5,213.7,0.30000000000000004
-25.45963889,28.26430556,15-09-2015,47.100002,145.8,2.5
-27.01011111,26.69808333,16-09-2015,24.2,185.8,1.3
-25.81048333,27.90955222,16-09-2015,44.7,147.2,2.3000000000000003
-29.641944,30.6875,16-09-2015,16.4,142.3,0.8
-24.670833,28.560833,16-09-2015,56.5,131.0,3.0
-24.058889,31.237222,16-09-2015,40.4,133.7,2.1
-26.648056,27.089444,16-09-2015,31.300001,166.0,1.6
-26.98472222,26.63227778,16-09-2015,24.9,182.90001,1.3
-34.250556,20.9925,16-09-2015,14.0,166.8,0.7000000000000001
-33.38056,19.30167,16-09-2015,14.5,181.90001,0.7000000000000001
-24.183889,30.823889,17-09-2015,43.7,130.0,2.3000000000000003
-26.03611,30.99778,17-09-2015,49.600002,123.700005,2.6
-28.747778,31.745833,17-09-2015,100.9,70.5,5.2
-27.935,26.126667,17-09-2015,12.2,210.6,0.6000000000000001
-28.141944,26.417778,17-09-2015,12.6,207.8,0.7000000000000001
-33.7075,18.97444444,17-09-2015,19.1,184.0,0.9
-28.44555556,32.325,20-10-2015,14.7,147.6,0.7000000000000001
-28.735556,29.820556,21-09-2015,15.2,165.1,0.8
-26.648056,27.089444,21-09-2015,31.300001,166.0,1.6
-26.619444,27.980833,21-09-2015,34.9,155.1,1.8
-26.510278,28.351389,21-09-2015,37.3,146.5,2.0
-33.501667,21.624167,21-09-2015,8.6,181.0,0.5
-28.338333,31.373611,21-09-2015,35.5,129.40001,1.9000000000000001
-28.068333,31.55,21-09-2015,13.6,162.5,0.7000000000000001
-28.308889,31.9025,21-09-2015,21.9,149.90001,1.1
-25.127778,27.628889,22-09-2015,46.100002,157.3,2.4000000000000004
-25.20639,27.558,22-09-2015,45.9,158.5,2.4000000000000004
-24.69514,27.40906,22-09-2015,45.3,164.8,2.4000000000000004
-27.169444,29.233889,22-09-2015,32.8,144.2,1.7000000000000002
-29.161667,23.696389,23-09-2015,4.1,228.0,0.2
-28.7115,24.07288889,23-09-2015,6.4,225.1,0.30000000000000004
-27.02314,28.59389,23-09-2015,32.2,153.3,1.7000000000000002
-27.4275,28.525833,23-09-2015,28.6,157.5,1.5
-27.3,28.586944,23-09-2015,29.7,155.90001,1.6
-27.398611,26.614722,23-09-2015,18.800001,199.40001,1.0
-27.4,26.624722,23-09-2015,18.800001,199.40001,1.0
-27.602222,29.942778,24-09-2015,33.5,152.40001,1.7000000000000002
-28.75,30.442778,24-09-2015,15.0,166.40001,0.8
-29.161667,30.629722,24-09-2015,17.1,137.90001,0.9
-29.744167,29.905833,25-09-2015,26.1,134.90001,1.3
-27.902778,24.615556,25-09-2015,11.0,219.90001,0.6000000000000001
-25.99136,27.84208,28-09-2015,43.9,143.7,2.3000000000000003
-26.45,28.085833,28-09-2015,36.9,149.8,1.9000000000000001
-34.065833,20.404167,29-09-2015,11.7,165.90001,0.6000000000000001
-24.99328,30.81444,29-09-2015,63.100002,86.8,3.2
-27.363611,31.783333,29-09-2015,16.5,154.0,0.8
-26.861111,28.884722,29-09-2015,34.100002,148.3,1.8
-26.970278,27.211111,29-09-2015,27.2,172.6,1.4000000000000001
-26.880278,26.965,29-09-2015,27.300001,174.5,1.4000000000000001
-27.38972222,26.46388889,29-09-2015,18.5,201.1,1.0
-33.31388889,19.07472222,29-09-2015,14.6,192.90001,0.6000000000000001
-25.45963889,28.26430556,29-09-2015,47.100002,145.8,2.5
-27.01011111,26.69808333,30-09-2015,24.2,185.8,1.3
-25.81048333,27.90955222,30-09-2015,44.7,147.2,2.3000000000000003
-29.641944,30.6875,30-09-2015,16.4,142.3,0.8
-24.768889,31.39,30-09-2015,42.8,123.200005,2.2
-27.00222,28.76528,30-09-2015,32.7,150.7,1.7000000000000002
-26.648056,27.089444,30-09-2015,31.300001,166.0,1.6
-27.273889,28.49,30-09-2015,29.7,157.0,1.6
-26.98472222,26.63227778,30-09-2015,24.9,182.90001,1.3
-31.031389,28.883333,30-09-2015,25.300001,135.8,1.3
-30.86013889,29.07125,30-09-2015,24.5,137.3,1.3
-30.77586667,29.03221667,30-09-2015,24.5,138.40001,1.3
-34.405833,19.600556,30-09-2015,18.0,145.0,0.9
-32.94583,18.33667,30-09-2015,7.8,191.1,0.4
-26.73806,27.59194,01-10-2015,32.3,161.0,1.7000000000000002
-27.935,26.126667,01-10-2015,12.2,210.6,0.6000000000000001
-28.141944,26.417778,01-10-2015,12.6,207.8,0.7000000000000001
-30.160091,27.40124,01-10-2015,12.6,188.6,0.7000000000000001
-33.13083,18.86278,01-10-2015,12.3,197.6,0.5
-33.897778,20.012778,01-10-2015,11.6,184.0,0.6000000000000001
-29.7775,29.470833,05-10-2015,29.300001,128.5,1.5
-29.987778,29.851667,05-10-2015,27.6,127.700005,1.4000000000000001
-29.744167,29.905833,05-10-2015,26.1,134.90001,1.3
-31.396,29.2651,05-10-2015,27.1,128.6,1.4000000000000001
-31.554722,29.245556,05-10-2015,28.7,116.5,1.5
-24.679167,30.8025,06-10-2015,66.4,96.3,3.4000000000000004
-25.127778,27.628889,06-10-2015,46.100002,157.3,2.4000000000000004
-25.20639,27.558,06-10-2015,45.9,158.5,2.4000000000000004
-24.69514,27.40906,06-10-2015,45.3,164.8,2.4000000000000004
-23.658056,31.05,06-10-2015,34.7,142.40001,1.8
-30.733889,29.828333,06-10-2015,28.7,123.0,1.5
-30.568333,29.422778,06-10-2015,24.5,133.3,1.3
-30.570833,29.150556,06-10-2015,24.4,135.3,1.3
-31.104278,29.399722,06-10-2015,27.1,127.1,1.4000000000000001
-34.031944,22.053333,06-10-2015,11.6,151.1,0.6000000000000001
-34.039722,22.133333,06-10-2015,11.8,150.0,0.6000000000000001
-29.641944,30.6875,07-10-2015,16.4,142.3,0.8
-24.058889,31.237222,07-10-2015,40.4,133.7,2.1
-27.937778,31.209444,07-10-2015,15.1,155.8,0.8
-28.404444,30.013056,07-10-2015,15.2,166.3,0.8
-30.398056,30.601944,07-10-2015,30.2,125.0,1.5
-34.02861,22.22222,07-10-2015,12.7,146.5,0.7000000000000001
-34.005833,22.351111,07-10-2015,13.8,142.7,0.7000000000000001
-28.058889,30.373611,07-10-2015,21.9,154.5,1.1
-24.183889,30.823889,08-10-2015,43.7,130.0,2.3000000000000003
-27.5275,30.858056,08-10-2015,28.9,137.40001,1.5
-30.13573889,30.67422222,08-10-2015,25.0,131.6,1.3
-27.273889,28.49,08-10-2015,29.7,157.0,1.6
-27.4275,28.525833,08-10-2015,28.6,157.5,1.5
-31.396,29.2651,08-10-2015,27.1,128.6,1.4000000000000001
-29.161667,23.696389,09-10-2015,4.1,228.0,0.2
-29.744167,29.905833,09-10-2015,26.1,134.90001,1.3
-27.573056,24.746389,09-10-2015,13.3,221.7,0.7000000000000001
-27.902778,24.615556,09-10-2015,11.0,219.90001,0.6000000000000001
-29.803611,30.516111,09-10-2015,21.800001,130.90001,1.1
-25.99136,27.84208,12-10-2015,43.9,143.7,2.3000000000000003
-26.73806,27.59194,12-10-2015,32.3,161.0,1.7000000000000002
-26.45,28.085833,12-10-2015,36.9,149.8,1.9000000000000001
-29.140556,31.391944,13-10-2015,106.8,55.0,5.6000000000000005
-28.801278,31.955389,13-10-2015,66.1,103.5,3.4000000000000004
-26.861111,28.884722,13-10-2015,34.100002,148.3,1.8
-26.880278,26.965,13-10-2015,27.300001,174.5,1.4000000000000001
-27.38972222,26.46388889,13-10-2015,18.5,201.1,1.0
-28.141944,26.417778,13-10-2015,12.6,207.8,0.7000000000000001
-28.1175,26.719444,13-10-2015,13.2,203.1,0.7000000000000001
-27.398611,26.614722,13-10-2015,18.800001,199.40001,1.0
-25.45963889,28.26430556,13-10-2015,47.100002,145.8,2.5
-27.01011111,26.69808333,14-10-2015,24.2,185.8,1.3
-25.81048333,27.90955222,14-10-2015,44.7,147.2,2.3000000000000003
-25.73411,27.21422,14-10-2015,45.0,149.2,2.4000000000000004
-22.769722,30.886944,14-10-2015,44.8,138.3,2.3000000000000003
-28.747778,31.745833,14-10-2015,100.9,70.5,5.2
-29.380556,30.2775,14-10-2015,19.5,133.2,1.0
-27.00222,28.76528,14-10-2015,32.7,150.7,1.7000000000000002
-26.648056,27.089444,14-10-2015,31.300001,166.0,1.6
-27.273889,28.49,14-10-2015,29.7,157.0,1.6
-26.98472222,26.63227778,14-10-2015,24.9,182.90001,1.3
-27.671111,27.236944,14-10-2015,18.1,191.40001,1.0
-26.03611,30.99778,15-10-2015,49.600002,123.700005,2.6
-28.141944,26.417778,15-10-2015,12.6,207.8,0.7000000000000001
-24.058889,31.237222,16-10-2015,40.4,133.7,2.1
-28.735556,29.820556,19-10-2015,15.2,165.1,0.8
-26.619444,27.980833,19-10-2015,34.9,155.1,1.8
-29.160278,26.573333,19-10-2015,9.5,210.6,0.5
-33.818056,19.694722,19-10-2015,13.6,189.1,0.7000000000000001
-25.447222,30.711667,19-10-2015,47.4,119.6,2.4000000000000004
-28.760833,17.730278,20-10-2015,0.1,248.1,0.0
-31.860278,18.6875,20-10-2015,3.3,217.90001,0.2
-25.127778,27.628889,20-10-2015,46.100002,157.3,2.4000000000000004
-25.20639,27.558,20-10-2015,45.9,158.5,2.4000000000000004
-24.69514,27.40906,20-10-2015,45.3,164.8,2.4000000000000004
-25.681111,31.783333,20-10-2015,30.7,134.40001,1.6
-25.67386,31.57527,20-10-2015,32.8,138.6,1.7000000000000002
-28.44555556,32.325,17-11-2015,14.7,147.6,0.7000000000000001
-27.802778,28.768333,20-10-2015,26.6,155.2,1.4000000000000001
-27.671111,27.236944,20-10-2015,18.1,191.40001,1.0
-28.69485,28.23487,20-10-2015,17.300001,169.1,0.9
-28.883333,27.89,20-10-2015,16.0,174.6,0.8
-34.092222,21.295278,20-10-2015,12.8,160.7,0.7000000000000001
-32.595833,19.009444,20-10-2015,7.5,213.7,0.30000000000000004
-28.338333,31.373611,20-10-2015,35.5,129.40001,1.9000000000000001
-29.161667,23.696389,21-10-2015,4.1,228.0,0.2
-30.830556,26.921389,21-10-2015,10.6,194.8,0.6000000000000001
-24.670833,28.560833,21-10-2015,56.5,131.0,3.0
-22.91028,29.61111,21-10-2015,42.100002,137.0,2.2
-28.058889,30.373611,27-04-2015,21.9,154.5,1.1
-26.006389,29.253889,21-10-2015,47.2,126.200005,2.5
-25.362222,31.956667,21-10-2015,28.800001,133.3,1.5
-25.398889,31.610556,21-10-2015,33.3,129.6,1.7000000000000002
-27.602222,29.942778,21-10-2015,33.5,152.40001,1.7000000000000002
-27.169444,29.233889,21-10-2015,32.8,144.2,1.7000000000000002
-26.510278,28.351389,21-10-2015,37.3,146.5,2.0
-27.398611,26.614722,21-10-2015,18.800001,199.40001,1.0
-30.336111,27.359444,21-10-2015,12.8,188.7,0.7000000000000001
-29.615556,27.065278,21-10-2015,11.1,197.6,0.6000000000000001
-34.250556,20.9925,21-10-2015,14.0,166.8,0.7000000000000001
-33.38056,19.30167,21-10-2015,14.5,181.90001,0.7000000000000001
-33.08883333,19.21878333,21-10-2015,11.900001,188.2,0.6000000000000001
-27.4,26.624722,21-10-2015,18.800001,199.40001,1.0
-28.75,30.442778,22-10-2015,15.0,166.40001,0.8
-29.161667,30.629722,22-10-2015,17.1,137.90001,0.9
-27.02314,28.59389,22-10-2015,32.2,153.3,1.7000000000000002
-27.4275,28.525833,22-10-2015,28.6,157.5,1.5
-27.3,28.586944,22-10-2015,29.7,155.90001,1.6
-31.000833,26.353056,22-10-2015,7.5,201.2,0.4
-30.679722,26.7125,22-10-2015,9.5,201.90001,0.5
-33.7075,18.97444444,22-10-2015,19.1,184.0,0.9
-29.744167,29.905833,23-10-2015,26.1,134.90001,1.3
-27.573056,24.746389,23-10-2015,13.3,221.7,0.7000000000000001
-27.902778,24.615556,23-10-2015,11.0,219.90001,0.6000000000000001
-29.658056,25.973333,23-10-2015,6.6,210.5,0.30000000000000004
-25.99136,27.84208,26-10-2015,43.9,143.7,2.3000000000000003
-26.45,28.085833,26-10-2015,36.9,149.8,1.9000000000000001
-31.554722,29.245556,26-10-2015,28.7,116.5,1.5
-33.501667,21.624167,26-10-2015,8.6,181.0,0.5
-25.73411,27.21422,27-10-2015,45.0,149.2,2.4000000000000004
-27.363611,31.783333,27-10-2015,16.5,154.0,0.8
-26.970278,27.211111,27-10-2015,27.2,172.6,1.4000000000000001
-26.880278,26.965,27-10-2015,27.300001,174.5,1.4000000000000001
-31.104278,29.399722,27-10-2015,27.1,127.1,1.4000000000000001
-33.31388889,19.07472222,27-10-2015,14.6,192.90001,0.6000000000000001
-25.45963889,28.26430556,27-10-2015,47.100002,145.8,2.5
-28.760833,17.730278,28-10-2015,0.1,248.1,0.0
-29.161667,23.696389,28-10-2015,4.1,228.0,0.2
-28.7115,24.07288889,28-10-2015,6.4,225.1,0.30000000000000004
-27.01011111,26.69808333,28-10-2015,24.2,185.8,1.3
-29.641944,30.6875,28-10-2015,16.4,142.3,0.8
-27.00222,28.76528,28-10-2015,32.7,150.7,1.7000000000000002
-26.648056,27.089444,28-10-2015,31.300001,166.0,1.6
-26.98472222,26.63227778,28-10-2015,24.9,182.90001,1.3
-29.651389,22.746389,28-10-2015,2.0,246.3,0.1
-29.1825,23.575556,28-10-2015,3.7,232.7,0.2
-34.405833,19.600556,28-10-2015,18.0,145.0,0.9
-33.13083,18.86278,28-10-2015,12.3,197.6,0.5
-25.81048333,27.90955222,29-10-2015,44.7,147.2,2.3000000000000003
-30.570833,29.150556,29-10-2015,24.4,135.3,1.3
-30.77586667,29.03221667,29-10-2015,24.5,138.40001,1.3
-34.329722,18.990278,29-10-2015,22.5,143.90001,0.9
-32.94583,18.33667,29-10-2015,7.8,191.1,0.4
-30.568333,29.422778,30-10-2015,24.5,133.3,1.3
-31.031389,28.883333,30-10-2015,25.300001,135.8,1.3
-30.86013889,29.07125,30-10-2015,24.5,137.3,1.3
-29.987778,29.851667,01-11-2015,27.6,127.700005,1.4000000000000001
-29.7775,29.470833,02-11-2015,29.300001,128.5,1.5
-29.987778,29.851667,02-11-2015,27.6,127.700005,1.4000000000000001
-25.127778,27.628889,03-11-2015,46.100002,157.3,2.4000000000000004
-25.20639,27.558,03-11-2015,45.9,158.5,2.4000000000000004
-30.733889,29.828333,03-11-2015,28.7,123.0,1.5
-34.031944,22.053333,03-11-2015,11.6,151.1,0.6000000000000001
-27.937778,31.209444,04-11-2015,15.1,155.8,0.8
-28.404444,30.013056,04-11-2015,15.2,166.3,0.8
-30.398056,30.601944,04-11-2015,30.2,125.0,1.5
-29.615556,27.065278,04-11-2015,11.1,197.6,0.6000000000000001
-34.005833,22.351111,04-11-2015,13.8,142.7,0.7000000000000001
-28.058889,30.373611,04-11-2015,21.9,154.5,1.1
-22.91028,29.61111,05-11-2015,42.100002,137.0,2.2
-27.5275,30.858056,05-11-2015,28.9,137.40001,1.5
-30.13573889,30.67422222,05-11-2015,25.0,131.6,1.3
-29.744167,29.905833,06-11-2015,26.1,134.90001,1.3
-27.573056,24.746389,06-11-2015,13.3,221.7,0.7000000000000001
-27.902778,24.615556,06-11-2015,11.0,219.90001,0.6000000000000001
-29.803611,30.516111,06-11-2015,21.800001,130.90001,1.1
-25.99136,27.84208,09-11-2015,43.9,143.7,2.3000000000000003
-29.380556,30.2775,09-11-2015,19.5,133.2,1.0
-26.73806,27.59194,09-11-2015,32.3,161.0,1.7000000000000002
-29.160278,26.573333,09-11-2015,9.5,210.6,0.5
-29.651389,22.746389,09-11-2015,2.0,246.3,0.1
-28.747778,31.745833,10-11-2015,100.9,70.5,5.2
-28.141944,26.417778,10-11-2015,12.6,207.8,0.7000000000000001
-27.671111,27.236944,10-11-2015,18.1,191.40001,1.0
-28.69485,28.23487,10-11-2015,17.300001,169.1,0.9
-29.615556,27.065278,10-11-2015,11.1,197.6,0.6000000000000001
-28.883333,27.89,10-11-2015,16.0,174.6,0.8
-31.394444,20.947222,10-11-2015,5.0,233.6,0.30000000000000004
-25.45963889,28.26430556,10-11-2015,47.100002,145.8,2.5
-25.81048333,27.90955222,11-11-2015,44.7,147.2,2.3000000000000003
-29.140556,31.391944,11-11-2015,106.8,55.0,5.6000000000000005
-28.801278,31.955389,11-11-2015,66.1,103.5,3.4000000000000004
-27.00222,28.76528,11-11-2015,32.7,150.7,1.7000000000000002
-26.970278,27.211111,11-11-2015,27.2,172.6,1.4000000000000001
-26.880278,26.965,11-11-2015,27.300001,174.5,1.4000000000000001
-27.273889,28.49,11-11-2015,29.7,157.0,1.6
-27.38972222,26.46388889,11-11-2015,18.5,201.1,1.0
-27.398611,26.614722,11-11-2015,18.800001,199.40001,1.0
-30.336111,27.359444,11-11-2015,12.8,188.7,0.7000000000000001
-27.4,26.624722,11-11-2015,18.800001,199.40001,1.0
-27.01011111,26.69808333,12-11-2015,24.2,185.8,1.3
-30.830556,26.921389,12-11-2015,10.6,194.8,0.6000000000000001
-23.658056,31.05,12-11-2015,34.7,142.40001,1.8
-26.648056,27.089444,12-11-2015,31.300001,166.0,1.6
-26.98472222,26.63227778,12-11-2015,24.9,182.90001,1.3
-27.935,26.126667,12-11-2015,12.2,210.6,0.6000000000000001
-28.1175,26.719444,12-11-2015,13.2,203.1,0.7000000000000001
-31.000833,26.353056,12-11-2015,7.5,201.2,0.4
-30.679722,26.7125,12-11-2015,9.5,201.90001,0.5
-26.619444,27.980833,16-11-2015,34.9,155.1,1.8
-24.679167,30.8025,17-11-2015,66.4,96.3,3.4000000000000004
-25.127778,27.628889,17-11-2015,46.100002,157.3,2.4000000000000004
-25.20639,27.558,17-11-2015,45.9,158.5,2.4000000000000004
-24.99328,30.81444,17-11-2015,63.100002,86.8,3.2
-27.169444,29.233889,17-11-2015,32.8,144.2,1.7000000000000002
-26.510278,28.351389,17-11-2015,37.3,146.5,2.0
-27.273889,28.49,17-11-2015,29.7,157.0,1.6
-27.3,28.586944,17-11-2015,29.7,155.90001,1.6
-27.671111,27.236944,17-11-2015,18.1,191.40001,1.0
-34.092222,21.295278,17-11-2015,12.8,160.7,0.7000000000000001
-33.501667,21.624167,17-11-2015,8.6,181.0,0.5
-28.338333,31.373611,17-11-2015,35.5,129.40001,1.9000000000000001
-24.670833,28.560833,18-11-2015,56.5,131.0,3.0
-25.73411,27.21422,18-11-2015,45.0,149.2,2.4000000000000004
-24.058889,31.237222,18-11-2015,40.4,133.7,2.1
-24.034167,31.123611,18-11-2015,42.5,131.40001,2.2
-27.602222,29.942778,18-11-2015,33.5,152.40001,1.7000000000000002
-27.02314,28.59389,18-11-2015,32.2,153.3,1.7000000000000002
-27.4275,28.525833,18-11-2015,28.6,157.5,1.5
-27.802778,28.768333,18-11-2015,26.6,155.2,1.4000000000000001
-27.398611,26.614722,18-11-2015,18.800001,199.40001,1.0
-34.250556,20.9925,18-11-2015,14.0,166.8,0.7000000000000001
-27.4,26.624722,18-11-2015,18.800001,199.40001,1.0
-24.183889,30.823889,19-11-2015,43.7,130.0,2.3000000000000003
-28.75,30.442778,19-11-2015,15.0,166.40001,0.8
-29.161667,30.629722,19-11-2015,17.1,137.90001,0.9
-27.3,28.586944,19-11-2015,29.7,155.90001,1.6
-29.744167,29.905833,20-11-2015,26.1,134.90001,1.3
-27.573056,24.746389,20-11-2015,13.3,221.7,0.7000000000000001
-27.902778,24.615556,20-11-2015,11.0,219.90001,0.6000000000000001
-25.99136,27.84208,23-11-2015,43.9,143.7,2.3000000000000003
-26.73806,27.59194,23-11-2015,32.3,161.0,1.7000000000000002
-26.45,28.085833,23-11-2015,36.9,149.8,1.9000000000000001
-31.554722,29.245556,23-11-2015,28.7,116.5,1.5
-32.502778,19.535833,23-11-2015,5.0,229.0,0.30000000000000004
-25.447222,30.711667,23-11-2015,47.4,119.6,2.4000000000000004
-29.641944,30.6875,24-11-2015,16.4,142.3,0.8
-25.681111,31.783333,24-11-2015,30.7,134.40001,1.6
-25.67386,31.57527,24-11-2015,32.8,138.6,1.7000000000000002
-25.513889,31.224444,24-11-2015,42.2,124.1,2.2
-26.861111,28.884722,24-11-2015,34.100002,148.3,1.8
-26.970278,27.211111,24-11-2015,27.2,172.6,1.4000000000000001
-26.880278,26.965,24-11-2015,27.300001,174.5,1.4000000000000001
-31.104278,29.399722,24-11-2015,27.1,127.1,1.4000000000000001
-31.396,29.2651,24-11-2015,27.1,128.6,1.4000000000000001
-33.818056,19.694722,24-11-2015,13.6,189.1,0.7000000000000001
-34.075556,20.145556,24-11-2015,12.900001,169.6,0.6000000000000001
-32.595833,19.009444,24-11-2015,7.5,213.7,0.30000000000000004
-25.45963889,28.26430556,24-11-2015,47.100002,145.8,2.5
-27.01011111,26.69808333,25-11-2015,24.2,185.8,1.3
-25.81048333,27.90955222,25-11-2015,44.7,147.2,2.3000000000000003
-25.436111,31.982222,25-11-2015,28.6,136.0,1.5
-25.362222,31.956667,25-11-2015,28.800001,133.3,1.5
-25.398889,31.610556,25-11-2015,33.3,129.6,1.7000000000000002
-25.14944444,31.94055556,25-11-2015,29.800001,132.6,1.5
-27.00222,28.76528,25-11-2015,32.7,150.7,1.7000000000000002
-26.648056,27.089444,25-11-2015,31.300001,166.0,1.6
-27.273889,28.49,25-11-2015,29.7,157.0,1.6
-26.98472222,26.63227778,25-11-2015,24.9,182.90001,1.3
-30.568333,29.422778,25-11-2015,24.5,133.3,1.3
-30.570833,29.150556,25-11-2015,24.4,135.3,1.3
-33.38056,19.30167,25-11-2015,14.5,181.90001,0.7000000000000001
-30.86013889,29.07125,26-11-2015,24.5,137.3,1.3
-30.77586667,29.03221667,26-11-2015,24.5,138.40001,1.3
-33.7075,18.97444444,26-11-2015,19.1,184.0,0.9
-31.031389,28.883333,27-11-2015,25.300001,135.8,1.3
-29.7775,29.470833,30-11-2015,29.300001,128.5,1.5
-34.065833,20.404167,01-12-2015,11.7,165.90001,0.6000000000000001
-25.127778,27.628889,01-12-2015,46.100002,157.3,2.4000000000000004
-25.20639,27.558,01-12-2015,45.9,158.5,2.4000000000000004
-28.404444,30.013056,01-12-2015,15.2,166.3,0.8
-30.733889,29.828333,01-12-2015,28.7,123.0,1.5
-27.398611,26.614722,01-12-2015,18.800001,199.40001,1.0
-34.031944,22.053333,01-12-2015,11.6,151.1,0.6000000000000001
-34.039722,22.133333,01-12-2015,11.8,150.0,0.6000000000000001
-33.31388889,19.07472222,01-12-2015,14.6,192.90001,0.6000000000000001
-29.161667,23.696389,02-12-2015,4.1,228.0,0.2
-25.73411,27.21422,02-12-2015,45.0,149.2,2.4000000000000004
-27.5275,30.858056,02-12-2015,28.9,137.40001,1.5
-30.398056,30.601944,02-12-2015,30.2,125.0,1.5
-27.671111,27.236944,02-12-2015,18.1,191.40001,1.0
-31.436944,20.474722,02-12-2015,4.8,231.0,0.30000000000000004
-34.02861,22.22222,02-12-2015,12.7,146.5,0.7000000000000001
-34.405833,19.600556,02-12-2015,18.0,145.0,0.9
-33.13083,18.86278,02-12-2015,12.3,197.6,0.5
-34.005833,22.351111,02-12-2015,13.8,142.7,0.7000000000000001
-28.058889,30.373611,02-12-2015,21.9,154.5,1.1
-23.658056,31.05,03-12-2015,34.7,142.40001,1.8
-34.329722,18.990278,03-12-2015,22.5,143.90001,0.9
-29.803611,30.516111,03-12-2015,21.800001,130.90001,1.1
-29.744167,29.905833,04-12-2015,26.1,134.90001,1.3
-27.935,26.126667,04-12-2015,12.2,210.6,0.6000000000000001
-27.902778,24.615556,04-12-2015,11.0,219.90001,0.6000000000000001
-28.058889,30.373611,05-12-2015,21.9,154.5,1.1
-24.058889,31.237222,06-12-2015,40.4,133.7,2.1
-25.99136,27.84208,07-12-2015,43.9,143.7,2.3000000000000003
-29.380556,30.2775,07-12-2015,19.5,133.2,1.0
-26.73806,27.59194,07-12-2015,32.3,161.0,1.7000000000000002
-26.45,28.085833,07-12-2015,36.9,149.8,1.9000000000000001
-29.160278,26.573333,07-12-2015,9.5,210.6,0.5
-29.140556,31.391944,08-12-2015,106.8,55.0,5.6000000000000005
-26.861111,28.884722,08-12-2015,34.100002,148.3,1.8
-26.970278,27.211111,08-12-2015,27.2,172.6,1.4000000000000001
-26.880278,26.965,08-12-2015,27.300001,174.5,1.4000000000000001
-28.69485,28.23487,08-12-2015,17.300001,169.1,0.9
-29.615556,27.065278,08-12-2015,11.1,197.6,0.6000000000000001
-28.883333,27.89,08-12-2015,16.0,174.6,0.8
-33.501667,21.624167,08-12-2015,8.6,181.0,0.5
-25.45963889,28.26430556,08-12-2015,47.100002,145.8,2.5
-27.01011111,26.69808333,09-12-2015,24.2,185.8,1.3
-25.81048333,27.90955222,09-12-2015,44.7,147.2,2.3000000000000003
-24.670833,28.560833,09-12-2015,56.5,131.0,3.0
-22.91028,29.61111,09-12-2015,42.100002,137.0,2.2
-28.747778,31.745833,09-12-2015,100.9,70.5,5.2
-26.98472222,26.63227778,09-12-2015,24.9,182.90001,1.3
-27.671111,27.236944,09-12-2015,18.1,191.40001,1.0
-30.336111,27.359444,09-12-2015,12.8,188.7,0.7000000000000001
-34.092222,21.295278,09-12-2015,12.8,160.7,0.7000000000000001
-29.641944,30.6875,10-12-2015,16.4,142.3,0.8
-22.769722,30.886944,10-12-2015,44.8,138.3,2.3000000000000003
-28.801278,31.955389,10-12-2015,66.1,103.5,3.4000000000000004
-27.38972222,26.46388889,10-12-2015,18.5,201.1,1.0
-27.935,26.126667,10-12-2015,12.2,210.6,0.6000000000000001
-33.897778,20.012778,12-01-2012,11.2,182.3,0.5
-33.897778,20.012778,01-03-2012,11.2,182.3,0.5
-27.398611,26.614722,10-12-2015,18.800001,199.40001,1.0
-30.679722,26.7125,10-12-2015,9.5,201.90001,0.5
-33.897778,20.012778,19-06-2012,11.2,182.3,0.5
-27.4,26.624722,10-12-2015,18.800001,199.40001,1.0
-34.250556,20.9925,11-12-2015,14.0,166.8,0.7000000000000001
-28.735556,29.820556,14-12-2015,15.2,165.1,0.8
-33.897778,20.012778,18-01-2013,8.900001,188.40001,0.4
-26.619444,27.980833,14-12-2015,34.9,155.1,1.8
-24.679167,30.8025,15-12-2015,66.4,96.3,3.4000000000000004
-27.169444,29.233889,15-12-2015,32.8,144.2,1.7000000000000002
-26.510278,28.351389,15-12-2015,37.3,146.5,2.0
-27.671111,27.236944,15-12-2015,18.1,191.40001,1.0
-29.161667,23.696389,16-12-2015,4.1,228.0,0.2
-25.127778,27.628889,16-12-2015,46.100002,157.3,2.4000000000000004
-25.20639,27.558,16-12-2015,45.9,158.5,2.4000000000000004
-27.602222,29.942778,16-12-2015,33.5,152.40001,1.7000000000000002
-27.00222,28.76528,16-12-2015,32.7,150.7,1.7000000000000002
-27.02314,28.59389,16-12-2015,32.2,153.3,1.7000000000000002
-27.273889,28.49,16-12-2015,29.7,157.0,1.6
-27.4275,28.525833,16-12-2015,28.6,157.5,1.5
-27.3,28.586944,16-12-2015,29.7,155.90001,1.6
-33.897778,20.012778,26-02-2015,11.6,184.0,0.6000000000000001
-27.398611,26.614722,16-12-2015,18.800001,199.40001,1.0
-29.033333,23.983333,16-12-2015,5.3,225.40001,0.30000000000000004
-33.897778,20.012778,21-05-2015,11.6,184.0,0.6000000000000001
-33.897778,20.012778,27-08-2015,11.6,184.0,0.6000000000000001
-33.897778,20.012778,29-10-2015,11.6,184.0,0.6000000000000001
-33.897778,20.012778,03-12-2015,11.6,184.0,0.6000000000000001
-27.4,26.624722,16-12-2015,18.800001,199.40001,1.0
-24.183889,30.823889,17-12-2015,43.7,130.0,2.3000000000000003
-29.161667,30.629722,17-12-2015,17.1,137.90001,0.9
-27.802778,28.768333,17-12-2015,26.6,155.2,1.4000000000000001
-29.744167,29.905833,18-12-2015,26.1,134.90001,1.3
-27.902778,24.615556,18-12-2015,11.0,219.90001,0.6000000000000001
-25.99136,27.84208,21-12-2015,43.9,143.7,2.3000000000000003
-26.73806,27.59194,21-12-2015,32.3,161.0,1.7000000000000002
-26.45,28.085833,21-12-2015,36.9,149.8,1.9000000000000001
-28.404444,30.013056,22-12-2015,15.2,166.3,0.8
-27.00222,28.76528,22-12-2015,32.7,150.7,1.7000000000000002
-26.970278,27.211111,22-12-2015,27.2,172.6,1.4000000000000001
-26.880278,26.965,22-12-2015,27.300001,174.5,1.4000000000000001
-27.273889,28.49,22-12-2015,29.7,157.0,1.6
-25.45963889,28.26430556,22-12-2015,47.100002,145.8,2.5
-27.01011111,26.69808333,23-12-2015,24.2,185.8,1.3
-25.81048333,27.90955222,23-12-2015,44.7,147.2,2.3000000000000003
-27.5275,30.858056,23-12-2015,28.9,137.40001,1.5
-26.861111,28.884722,23-12-2015,34.100002,148.3,1.8
-26.98472222,26.63227778,23-12-2015,24.9,182.90001,1.3
-27.935,26.126667,23-12-2015,12.2,210.6,0.6000000000000001
-29.744167,29.905833,31-12-2015,26.1,134.90001,1.3
