Latitude,Longitude,Sample Date,pet,ppt,tmax
-28.760833,17.730278,02-01-2011,174.2,32.7,36.1
-26.861111,28.884722,03-01-2011,124.1,51.1,27.16
-26.45,28.085833,03-01-2011,127.5,62.7,27.519999
-27.671111,27.236944,03-01-2011,129.7,84.2,28.869999
-27.356667,27.286389,03-01-2011,129.2,78.0,28.67
-27.01011111,26.69808333,04-01-2011,98.6,106.0,24.18
-25.127778,27.628889,04-01-2011,105.5,135.1,27.17
-25.20639,27.558,04-01-2011,103.700005,143.4,27.0
-24.69514,27.40906,04-01-2011,111.8,141.1,27.74
-26.98472222,26.63227778,04-01-2011,98.200005,109.30000000000001,24.35
-28.141944,26.417778,04-01-2011,93.8,90.9,23.88
-27.398611,26.614722,04-01-2011,100.9,97.2,24.8
-33.501667,21.624167,04-01-2011,100.200005,16.3,24.55
-32.502778,19.535833,04-01-2011,119.9,16.2,27.06
-25.45963889,28.26430556,04-01-2011,103.6,141.9,26.4
-27.495556,26.074722,04-01-2011,99.700005,99.5,24.73
-26.648056,27.089444,05-01-2011,83.5,63.300000000000004,21.92
-26.970278,27.211111,05-01-2011,82.1,66.7,21.859999
-27.38972222,26.46388889,05-01-2011,83.200005,97.4,22.81
-27.044444,27.005,05-01-2011,82.4,74.60000000000001,21.949999
-30.830556,26.921389,06-01-2011,57.0,54.1,14.589999
-27.00222,28.76528,06-01-2011,70.0,26.400000000000002,17.38
-27.02314,28.59389,06-01-2011,72.4,27.0,17.869999
-30.679722,26.7125,06-01-2011,59.8,44.900000000000006,15.74
-30.160091,27.40124,06-01-2011,57.4,53.800000000000004,14.62
-32.595833,19.009444,06-01-2011,52.7,73.2,19.279999
-25.99136,27.84208,10-01-2011,173.2,48.0,28.539999
-26.73806,27.59194,10-01-2011,179.40001,39.5,28.34
-26.45,28.085833,10-01-2011,172.90001,45.300000000000004,27.91
-30.86013889,29.07125,10-01-2011,138.0,28.8,25.609999
-27.356667,27.286389,10-01-2011,185.8,31.6,29.06
-27.01011111,26.69808333,11-01-2011,191.7,44.300000000000004,30.09
-25.73411,27.21422,11-01-2011,182.5,56.2,29.99
-26.98472222,26.63227778,11-01-2011,192.0,44.300000000000004,30.16
-27.398611,26.614722,11-01-2011,197.40001,45.2,30.63
-27.671111,27.236944,11-01-2011,192.1,42.2,30.029999
-29.160278,26.573333,11-01-2011,199.1,29.5,29.3
-34.250556,20.9925,11-01-2011,140.2,51.900000000000006,24.189999
-25.45963889,28.26430556,11-01-2011,182.8,54.2,31.4
-25.81048333,27.90955222,12-01-2011,164.1,100.5,28.97
-27.273889,28.49,12-01-2011,164.3,104.7,27.599998
-27.4275,28.525833,12-01-2011,163.6,107.7,27.46
-28.883333,27.89,12-01-2011,164.2,105.80000000000001,26.349998
-27.00222,28.76528,13-01-2011,161.6,95.4,27.63
-27.02314,28.59389,13-01-2011,163.1,97.60000000000001,27.8
-30.534167,24.961944,13-01-2011,205.0,44.900000000000006,29.9
-28.460833,21.248889,13-01-2011,244.7,52.300000000000004,33.62
-29.658056,25.973333,14-01-2011,186.90001,71.0,28.289999
-28.760833,17.730278,16-01-2011,257.5,1.3,34.98
-25.513889,31.224444,17-01-2011,149.40001,105.80000000000001,28.0
-26.861111,28.884722,17-01-2011,161.0,89.0,27.43
-31.554722,29.245556,17-01-2011,123.700005,106.2,24.68
-28.058889,30.373611,17-01-2011,158.0,99.60000000000001,28.029999
-25.127778,27.628889,18-01-2011,169.3,112.2,31.17
-25.20639,27.558,18-01-2011,170.0,112.9,31.109999
-24.69514,27.40906,18-01-2011,172.90001,121.0,31.609999
-25.681111,31.783333,18-01-2011,149.2,65.4,29.599998
-27.802778,28.768333,18-01-2011,159.1,107.80000000000001,26.91
-27.398611,26.614722,18-01-2011,191.90001,84.9,29.939999
-31.104278,29.399722,18-01-2011,134.1,101.80000000000001,25.75
-31.396,29.2651,18-01-2011,134.5,98.7,25.96
-33.38056,19.30167,18-01-2011,194.3,13.4,26.59
-33.31388889,19.07472222,18-01-2011,205.90001,13.8,29.13
-27.495556,26.074722,18-01-2011,194.2,79.9,29.939999
-24.39619444,27.08983333,19-01-2011,169.2,96.5,31.679998
-26.970278,27.211111,19-01-2011,173.90001,96.2,28.859999
-26.880278,26.965,19-01-2011,175.5,93.9,29.15
-27.273889,28.49,19-01-2011,164.3,104.7,27.599998
-27.3,28.586944,19-01-2011,163.40001,103.80000000000001,27.63
-27.044444,27.005,19-01-2011,178.7,93.5,29.25
-30.568333,29.422778,19-01-2011,137.7,105.30000000000001,24.699999
-30.570833,29.150556,19-01-2011,138.90001,108.5,24.51
-34.031944,22.053333,19-01-2011,157.5,20.200000000000003,25.33
-33.13083,18.86278,19-01-2011,207.1,12.200000000000001,29.59
-33.7075,18.97444444,19-01-2011,200.3,19.6,28.39
-25.57877778,29.12747222,19-01-2011,161.6,102.30000000000001,29.429998
-26.006389,29.253889,20-01-2011,152.0,96.5,27.09
-27.02314,28.59389,20-01-2011,163.1,97.60000000000001,27.8
-30.679722,26.7125,20-01-2011,180.90001,68.10000000000001,28.599998
-28.460833,21.248889,20-01-2011,244.7,52.300000000000004,33.62
-30.77586667,29.03221667,20-01-2011,141.5,104.30000000000001,26.0
-24.925278,29.324444,21-01-2011,162.40001,109.5,30.97
-28.460833,21.248889,21-01-2011,244.7,52.300000000000004,33.62
-24.679167,30.8025,24-01-2011,143.3,149.0,25.99
-25.99136,27.84208,24-01-2011,161.1,98.5,28.039999
-25.49037,30.6986,24-01-2011,144.7,122.5,26.84
-26.970278,27.211111,24-01-2011,173.90001,96.2,28.859999
-27.671111,27.236944,24-01-2011,182.90001,94.2,29.48
-27.356667,27.286389,24-01-2011,182.40001,94.80000000000001,29.23
-27.01011111,26.69808333,25-01-2011,183.5,90.9,29.289999
-26.98472222,26.63227778,25-01-2011,181.40001,91.80000000000001,29.349998
-27.398611,26.614722,25-01-2011,191.90001,84.9,29.939999
-33.818056,19.694722,25-01-2011,201.8,12.3,28.73
-25.45963889,28.26430556,25-01-2011,164.5,104.7,29.849998
-33.897778,20.012778,25-01-2011,196.1,11.0,29.26
-25.81048333,27.90955222,26-01-2011,164.1,100.5,28.97
-34.065833,20.404167,26-01-2011,179.3,12.700000000000001,29.189999
-24.058889,31.237222,26-01-2011,154.6,63.300000000000004,31.59
-26.648056,27.089444,26-01-2011,170.90001,93.9,28.599998
-26.880278,26.965,26-01-2011,175.5,93.9,29.15
-27.273889,28.49,26-01-2011,164.3,104.7,27.599998
-27.044444,27.005,26-01-2011,178.7,93.5,29.25
-34.092222,21.295278,26-01-2011,173.1,16.6,27.42
-27.02314,28.59389,27-01-2011,163.1,97.60000000000001,27.8
-26.73806,27.59194,27-01-2011,168.1,96.30000000000001,28.13
-28.760833,17.730278,30-01-2011,257.5,1.3,34.98
-26.861111,28.884722,31-01-2011,161.0,89.0,27.43
-26.73806,27.59194,31-01-2011,168.1,96.30000000000001,28.13
-25.127778,27.628889,01-02-2011,169.3,112.2,31.17
-24.69514,27.40906,01-02-2011,172.90001,121.0,31.609999
-27.363611,31.783333,01-02-2011,154.40001,75.0,30.019999
-27.802778,28.768333,01-02-2011,159.1,107.80000000000001,26.91
-29.160278,26.573333,01-02-2011,190.1,84.30000000000001,28.949999
-34.329722,18.990278,01-02-2011,158.2,23.5,23.05
-25.20639,27.558,02-02-2011,170.0,112.9,31.109999
-23.281,30.54305556,03-02-2011,154.40001,99.5,30.859999
-28.801278,31.955389,03-02-2011,150.2,89.60000000000001,28.939999
-27.00222,28.76528,03-02-2011,161.6,95.4,27.63
-27.02314,28.59389,03-02-2011,163.1,97.60000000000001,27.8
-27.3,28.586944,03-02-2011,163.40001,103.80000000000001,27.63
-30.679722,26.7125,03-02-2011,180.90001,68.10000000000001,28.599998
-28.460833,21.248889,03-02-2011,244.7,52.300000000000004,33.62
-28.460833,21.248889,04-02-2011,244.7,52.300000000000004,33.62
-29.140556,31.391944,07-02-2011,143.5,108.7,28.07
-25.99136,27.84208,07-02-2011,161.1,98.5,28.039999
-24.058889,31.237222,07-02-2011,154.6,63.300000000000004,31.59
-26.73806,27.59194,07-02-2011,168.1,96.30000000000001,28.13
-30.86013889,29.07125,07-02-2011,140.6,101.60000000000001,26.07
-27.356667,27.286389,07-02-2011,182.40001,94.80000000000001,29.23
-28.058889,30.373611,07-02-2011,158.0,99.60000000000001,28.029999
-27.01011111,26.69808333,08-02-2011,183.5,90.9,29.289999
-27.169444,29.233889,08-02-2011,157.3,90.0,26.93
-26.98472222,26.63227778,08-02-2011,181.40001,91.80000000000001,29.349998
-27.398611,26.614722,08-02-2011,191.90001,84.9,29.939999
-27.573056,24.746389,08-02-2011,208.40001,75.2,31.66
-33.501667,21.624167,08-02-2011,189.1,13.0,27.64
-32.502778,19.535833,08-02-2011,233.40001,4.800000000000001,30.92
-25.45963889,28.26430556,08-02-2011,164.5,104.7,29.849998
-26.970278,27.211111,09-02-2011,173.90001,96.2,28.859999
-27.273889,28.49,09-02-2011,164.3,104.7,27.599998
-28.69485,28.23487,09-02-2011,160.7,103.4,25.769999
-28.883333,27.89,09-02-2011,164.2,105.80000000000001,26.349998
-27.02314,28.59389,10-02-2011,163.1,97.60000000000001,27.8
-30.679722,26.7125,10-02-2011,180.90001,68.10000000000001,28.599998
-30.534167,24.961944,10-02-2011,205.0,44.900000000000006,29.9
-34.031944,22.053333,10-02-2011,157.5,20.200000000000003,25.33
-34.039722,22.133333,10-02-2011,156.0,21.1,25.16
-32.595833,19.009444,10-02-2011,218.5,7.300000000000001,30.83
-28.801278,31.955389,11-02-2011,150.2,89.60000000000001,28.939999
-29.658056,25.973333,11-02-2011,186.90001,71.0,28.289999
-28.068333,31.55,11-02-2011,159.1,77.30000000000001,30.42
-28.760833,17.730278,13-02-2011,257.5,1.3,34.98
-29.7775,29.470833,14-02-2011,138.3,148.1,24.17
-29.987778,29.851667,14-02-2011,136.0,127.0,25.42
-29.744167,29.905833,14-02-2011,141.6,126.30000000000001,26.31
-26.861111,28.884722,14-02-2011,161.0,89.0,27.43
-26.45,28.085833,14-02-2011,162.5,90.0,27.789999
-31.396,29.2651,14-02-2011,134.5,98.7,25.96
-25.20639,27.558,15-02-2011,170.0,112.9,31.109999
-24.69514,27.40906,15-02-2011,172.90001,121.0,31.609999
-26.006389,29.253889,15-02-2011,152.0,96.5,27.09
-27.802778,28.768333,15-02-2011,159.1,107.80000000000001,26.91
-27.398611,26.614722,15-02-2011,191.90001,84.9,29.939999
-27.671111,27.236944,15-02-2011,182.90001,94.2,29.48
-29.160278,26.573333,15-02-2011,190.1,84.30000000000001,28.949999
-30.568333,29.422778,15-02-2011,137.7,105.30000000000001,24.699999
-30.570833,29.150556,15-02-2011,138.90001,108.5,24.51
-33.38056,19.30167,15-02-2011,194.3,13.4,26.59
-33.31388889,19.07472222,15-02-2011,205.90001,13.8,29.13
-27.495556,26.074722,15-02-2011,194.2,79.9,29.939999
-25.436111,31.982222,16-02-2011,148.90001,61.800000000000004,30.689999
-24.39619444,27.08983333,16-02-2011,169.2,96.5,31.679998
-25.67386,31.57527,16-02-2011,154.8,81.0,30.3
-30.733889,29.828333,16-02-2011,132.40001,114.80000000000001,25.43
-30.398056,30.601944,16-02-2011,134.7,125.4,26.41
-27.273889,28.49,16-02-2011,164.3,104.7,27.599998
-27.3,28.586944,16-02-2011,163.40001,103.80000000000001,27.63
-27.044444,27.005,16-02-2011,178.7,93.5,29.25
-30.86013889,29.07125,16-02-2011,140.6,101.60000000000001,26.07
-30.77586667,29.03221667,16-02-2011,141.5,104.30000000000001,26.0
-33.13083,18.86278,16-02-2011,207.1,12.200000000000001,29.59
-24.925278,29.324444,17-02-2011,162.40001,109.5,30.97
-27.00222,28.76528,17-02-2011,161.6,95.4,27.63
-27.02314,28.59389,17-02-2011,163.1,97.60000000000001,27.8
-22.43772222,31.07805556,18-02-2011,172.0,112.30000000000001,33.94
-29.803611,30.516111,18-02-2011,134.2,120.7,26.14
-25.99136,27.84208,21-02-2011,161.1,98.5,28.039999
-26.861111,28.884722,21-02-2011,161.0,89.0,27.43
-26.73806,27.59194,21-02-2011,168.1,96.30000000000001,28.13
-26.45,28.085833,21-02-2011,162.5,90.0,27.789999
-27.01011111,26.69808333,22-02-2011,183.5,90.9,29.289999
-27.169444,29.233889,22-02-2011,157.3,90.0,26.93
-26.98472222,26.63227778,22-02-2011,181.40001,91.80000000000001,29.349998
-27.398611,26.614722,22-02-2011,191.90001,84.9,29.939999
-29.160278,26.573333,22-02-2011,190.1,84.30000000000001,28.949999
-33.818056,19.694722,22-02-2011,201.8,12.3,28.73
-25.81048333,27.90955222,23-02-2011,164.1,100.5,28.97
-29.641944,30.6875,23-02-2011,139.7,111.0,27.15
-34.065833,20.404167,23-02-2011,179.3,12.700000000000001,29.189999
-33.980556,21.653333,23-02-2011,164.5,15.8,26.83
-22.769722,30.886944,23-02-2011,159.8,120.60000000000001,32.01
-27.00222,28.76528,23-02-2011,161.6,95.4,27.63
-27.02314,28.59389,23-02-2011,163.1,97.60000000000001,27.8
-27.38972222,26.46388889,23-02-2011,193.3,83.7,30.07
-27.398611,26.614722,23-02-2011,191.90001,84.9,29.939999
-27.671111,27.236944,23-02-2011,182.90001,94.2,29.48
-27.356667,27.286389,23-02-2011,182.40001,94.80000000000001,29.23
-33.897778,20.012778,23-02-2011,196.1,11.0,29.26
-23.763056,27.908611,24-02-2011,156.3,109.0,30.519999
-23.23572222,27.717,24-02-2011,162.0,82.0,31.82
-28.44555556,32.325,24-02-2011,144.8,85.4,28.019999
-30.679722,26.7125,24-02-2011,180.90001,68.10000000000001,28.599998
-30.160091,27.40124,24-02-2011,171.3,84.5,27.289999
-30.336111,27.359444,24-02-2011,171.90001,82.9,27.3
-28.460833,21.248889,24-02-2011,244.7,52.300000000000004,33.62
-22.91028,29.61111,25-02-2011,151.90001,112.60000000000001,30.48
-28.760833,17.730278,27-02-2011,257.5,1.3,34.98
-24.183889,30.823889,01-03-2011,152.3,94.10000000000001,30.939999
-27.398611,26.614722,01-03-2011,191.90001,84.9,29.939999
-27.671111,27.236944,01-03-2011,182.90001,94.2,29.48
-29.160278,26.573333,01-03-2011,190.1,84.30000000000001,28.949999
-27.495556,26.074722,01-03-2011,194.2,79.9,29.939999
-23.658056,31.05,02-03-2011,156.40001,65.4,31.859999
-26.648056,27.089444,02-03-2011,170.90001,93.9,28.599998
-27.802778,28.768333,02-03-2011,159.1,107.80000000000001,26.91
-24.679167,30.8025,03-03-2011,143.3,149.0,25.99
-27.273889,28.49,03-03-2011,164.3,104.7,27.599998
-27.3,28.586944,03-03-2011,163.40001,103.80000000000001,27.63
-30.679722,26.7125,03-03-2011,180.90001,68.10000000000001,28.599998
-27.02314,28.59389,04-03-2011,163.1,97.60000000000001,27.8
-25.99136,27.84208,07-03-2011,161.1,98.5,28.039999
-31.554722,29.245556,07-03-2011,123.700005,106.2,24.68
-27.01011111,26.69808333,08-03-2011,183.5,90.9,29.289999
-27.802778,28.768333,08-03-2011,159.1,107.80000000000001,26.91
-26.98472222,26.63227778,08-03-2011,181.40001,91.80000000000001,29.349998
-27.398611,26.614722,08-03-2011,191.90001,84.9,29.939999
-27.671111,27.236944,08-03-2011,182.90001,94.2,29.48
-29.160278,26.573333,08-03-2011,190.1,84.30000000000001,28.949999
-31.396,29.2651,08-03-2011,134.5,98.7,25.96
-25.45963889,28.26430556,08-03-2011,164.5,104.7,29.849998
-25.81048333,27.90955222,09-03-2011,164.1,100.5,28.97
-22.225556,29.990556,09-03-2011,164.1,78.7,32.969997
-26.03611,30.99778,09-03-2011,155.6,142.70000000000002,28.119999
-28.404444,30.013056,09-03-2011,160.6,99.7,29.06
-29.380556,30.2775,09-03-2011,134.90001,117.4,25.3
-26.648056,27.089444,09-03-2011,170.90001,93.9,28.599998
-26.970278,27.211111,09-03-2011,173.90001,96.2,28.859999
-27.273889,28.49,09-03-2011,164.3,104.7,27.599998
-27.3,28.586944,09-03-2011,163.40001,103.80000000000001,27.63
-27.044444,27.005,09-03-2011,178.7,93.5,29.25
-28.69485,28.23487,09-03-2011,160.7,103.4,25.769999
-28.883333,27.89,09-03-2011,164.2,105.80000000000001,26.349998
-30.568333,29.422778,09-03-2011,137.7,105.30000000000001,24.699999
-30.570833,29.150556,09-03-2011,138.90001,108.5,24.51
-34.329722,18.990278,09-03-2011,158.2,23.5,23.05
-30.830556,26.921389,10-03-2011,175.90001,68.9,27.859999
-25.49037,30.6986,10-03-2011,144.7,122.5,26.84
-29.380556,30.2775,10-03-2011,134.90001,117.4,25.3
-30.86013889,29.07125,10-03-2011,140.6,101.60000000000001,26.07
-30.77586667,29.03221667,10-03-2011,141.5,104.30000000000001,26.0
-29.658056,25.973333,11-03-2011,186.90001,71.0,28.289999
-30.534167,24.961944,11-03-2011,205.0,44.900000000000006,29.9
-31.031389,28.883333,11-03-2011,138.90001,102.10000000000001,25.63
-34.039722,22.133333,11-03-2011,156.0,21.1,25.16
-28.760833,17.730278,13-03-2011,257.5,1.3,34.98
-29.7775,29.470833,14-03-2011,138.3,148.1,24.17
-29.987778,29.851667,14-03-2011,136.0,127.0,25.42
-29.744167,29.905833,14-03-2011,141.6,126.30000000000001,26.31
-26.861111,28.884722,14-03-2011,161.0,89.0,27.43
-26.73806,27.59194,14-03-2011,168.1,96.30000000000001,28.13
-26.45,28.085833,14-03-2011,162.5,90.0,27.789999
-25.127778,27.628889,15-03-2011,169.3,112.2,31.17
-25.20639,27.558,15-03-2011,170.0,112.9,31.109999
-24.69514,27.40906,15-03-2011,172.90001,121.0,31.609999
-25.73411,27.21422,15-03-2011,164.0,114.0,28.75
-26.006389,29.253889,15-03-2011,152.0,96.5,27.09
-28.747778,31.745833,15-03-2011,152.90001,97.7,29.599998
-30.733889,29.828333,15-03-2011,132.40001,114.80000000000001,25.43
-27.398611,26.614722,15-03-2011,191.90001,84.9,29.939999
-27.495556,26.074722,15-03-2011,194.2,79.9,29.939999
-24.282222,28.090278,16-03-2011,155.40001,99.0,29.25
-30.398056,30.601944,16-03-2011,134.7,125.4,26.41
-30.27402,30.69602,16-03-2011,134.40001,124.0,26.349998
-26.880278,26.965,16-03-2011,175.5,93.9,29.15
-27.273889,28.49,16-03-2011,164.3,104.7,27.599998
-34.031944,22.053333,16-03-2011,157.5,20.200000000000003,25.33
-23.763056,27.908611,17-03-2011,156.3,109.0,30.519999
-27.00222,28.76528,17-03-2011,161.6,95.4,27.63
-27.02314,28.59389,17-03-2011,163.1,97.60000000000001,27.8
-24.925278,29.324444,18-03-2011,162.40001,109.5,30.97
-29.803611,30.516111,18-03-2011,134.2,120.7,26.14
-26.970278,27.211111,21-03-2011,173.90001,96.2,28.859999
-27.01011111,26.69808333,22-03-2011,183.5,90.9,29.289999
-25.99136,27.84208,22-03-2011,161.1,98.5,28.039999
-26.861111,28.884722,22-03-2011,161.0,89.0,27.43
-26.45,28.085833,22-03-2011,162.5,90.0,27.789999
-27.398611,26.614722,22-03-2011,191.90001,84.9,29.939999
-33.501667,21.624167,22-03-2011,189.1,13.0,27.64
-33.31388889,19.07472222,22-03-2011,205.90001,13.8,29.13
-28.338333,31.373611,22-03-2011,148.5,94.60000000000001,28.3
-29.641944,30.6875,23-03-2011,139.7,111.0,27.15
-28.735556,29.820556,23-03-2011,157.90001,104.9,29.14
-26.648056,27.089444,23-03-2011,170.90001,93.9,28.599998
-27.044444,27.005,23-03-2011,178.7,93.5,29.25
-29.160278,26.573333,23-03-2011,190.1,84.30000000000001,28.949999
-33.13083,18.86278,23-03-2011,207.1,12.200000000000001,29.59
-25.45963889,28.26430556,23-03-2011,164.5,104.7,29.849998
-25.81048333,27.90955222,24-03-2011,164.1,100.5,28.97
-27.602222,29.942778,24-03-2011,165.8,98.7,29.22
-27.3,28.586944,24-03-2011,163.40001,103.80000000000001,27.63
-33.38056,19.30167,24-03-2011,194.3,13.4,26.59
-27.00222,28.76528,25-03-2011,161.6,95.4,27.63
-27.02314,28.59389,25-03-2011,163.1,97.60000000000001,27.8
-30.160091,27.40124,25-03-2011,171.3,84.5,27.289999
-30.336111,27.359444,25-03-2011,171.90001,82.9,27.3
-28.760833,17.730278,27-03-2011,257.5,1.3,34.98
-22.43772222,31.07805556,28-03-2011,172.0,112.30000000000001,33.94
-26.73806,27.59194,28-03-2011,168.1,96.30000000000001,28.13
-25.127778,27.628889,29-03-2011,169.3,112.2,31.17
-25.20639,27.558,29-03-2011,170.0,112.9,31.109999
-24.69514,27.40906,29-03-2011,172.90001,121.0,31.609999
-27.169444,29.233889,29-03-2011,157.3,90.0,26.93
-26.98472222,26.63227778,29-03-2011,181.40001,91.80000000000001,29.349998
-28.141944,26.417778,29-03-2011,192.90001,83.30000000000001,29.789999
-28.116667,26.725278,29-03-2011,188.7,84.0,29.539999
-27.398611,26.614722,29-03-2011,191.90001,84.9,29.939999
-29.160278,26.573333,29-03-2011,190.1,84.30000000000001,28.949999
-27.495556,26.074722,29-03-2011,194.2,79.9,29.939999
-34.065833,20.404167,30-03-2011,179.3,12.700000000000001,29.189999
-27.363611,31.783333,30-03-2011,154.40001,75.0,30.019999
-26.905,32.324722,30-03-2011,159.5,52.2,31.529999
-28.75,30.442778,30-03-2011,161.1,98.10000000000001,30.07
-29.161667,30.629722,30-03-2011,137.6,114.30000000000001,25.699999
-26.880278,26.965,30-03-2011,175.5,93.9,29.15
-27.398611,26.614722,30-03-2011,191.90001,84.9,29.939999
-28.69485,28.23487,30-03-2011,160.7,103.4,25.769999
-28.883333,27.89,30-03-2011,164.2,105.80000000000001,26.349998
-33.818056,19.694722,30-03-2011,201.8,12.3,28.73
-34.075556,20.145556,30-03-2011,183.2,13.3,28.57
-27.00222,28.76528,31-03-2011,161.6,95.4,27.63
-27.02314,28.59389,31-03-2011,163.1,97.60000000000001,27.8
-30.679722,26.7125,31-03-2011,180.90001,68.10000000000001,28.599998
-30.534167,24.961944,31-03-2011,205.0,44.900000000000006,29.9
-33.897778,20.012778,31-03-2011,196.1,11.0,29.26
-22.769722,30.886944,01-04-2011,159.8,120.60000000000001,32.01
-27.802778,28.768333,01-04-2011,159.1,107.80000000000001,26.91
-27.5275,30.858056,02-04-2011,150.3,107.2,27.09
-25.99136,27.84208,04-04-2011,161.1,98.5,28.039999
-25.513889,31.224444,04-04-2011,149.40001,105.80000000000001,28.0
-25.398889,31.610556,04-04-2011,146.8,69.8,29.41
-24.183889,30.823889,05-04-2011,152.3,94.10000000000001,30.939999
-23.281,30.54305556,05-04-2011,154.40001,99.5,30.859999
-25.362222,31.956667,05-04-2011,146.6,61.5,30.09
-29.380556,30.2775,05-04-2011,134.90001,117.4,25.3
-27.398611,26.614722,05-04-2011,191.90001,84.9,29.939999
-25.45963889,28.26430556,05-04-2011,164.5,104.7,29.849998
-25.81048333,27.90955222,06-04-2011,164.1,100.5,28.97
-23.658056,31.05,06-04-2011,156.40001,65.4,31.859999
-24.058889,31.237222,06-04-2011,154.6,63.300000000000004,31.59
-24.034167,31.123611,06-04-2011,153.8,73.7,31.039999
-24.99328,30.81444,06-04-2011,131.40001,145.6,23.949999
-25.14944444,31.94055556,06-04-2011,146.8,62.1,30.01
-27.937778,31.209444,06-04-2011,154.3,82.30000000000001,28.3
-28.404444,30.013056,06-04-2011,160.6,99.7,29.06
-26.880278,26.965,06-04-2011,175.5,93.9,29.15
-31.000833,26.353056,06-04-2011,181.2,53.800000000000004,27.609999
-24.679167,30.8025,07-04-2011,143.3,149.0,25.99
-24.99328,30.81444,07-04-2011,131.40001,145.6,23.949999
-27.02314,28.59389,07-04-2011,163.1,97.60000000000001,27.8
-28.760833,17.730278,10-04-2011,257.5,1.3,34.98
-26.73806,27.59194,10-04-2011,168.1,96.30000000000001,28.13
-25.49037,30.6986,11-04-2011,144.7,122.5,26.84
-29.987778,29.851667,11-04-2011,136.0,127.0,25.42
-29.744167,29.905833,11-04-2011,141.6,126.30000000000001,26.31
-26.861111,28.884722,11-04-2011,161.0,89.0,27.43
-26.970278,27.211111,11-04-2011,173.90001,96.2,28.859999
-26.45,28.085833,11-04-2011,162.5,90.0,27.789999
-31.396,29.2651,11-04-2011,134.5,98.7,25.96
-31.554722,29.245556,11-04-2011,123.700005,106.2,24.68
-27.356667,27.286389,11-04-2011,182.40001,94.80000000000001,29.23
-25.447222,30.711667,11-04-2011,146.6,120.30000000000001,27.359999
-27.01011111,26.69808333,12-04-2011,183.5,90.9,29.289999
-25.127778,27.628889,12-04-2011,169.3,112.2,31.17
-25.20639,27.558,12-04-2011,170.0,112.9,31.109999
-24.69514,27.40906,12-04-2011,172.90001,121.0,31.609999
-25.73411,27.21422,12-04-2011,164.0,114.0,28.75
-26.006389,29.253889,12-04-2011,152.0,96.5,27.09
-26.03611,30.99778,12-04-2011,155.6,142.70000000000002,28.119999
-28.801278,31.955389,12-04-2011,150.2,89.60000000000001,28.939999
-30.733889,29.828333,12-04-2011,132.40001,114.80000000000001,25.43
-27.169444,29.233889,12-04-2011,157.3,90.0,26.93
-27.802778,28.768333,12-04-2011,159.1,107.80000000000001,26.91
-26.98472222,26.63227778,12-04-2011,181.40001,91.80000000000001,29.349998
-27.398611,26.614722,12-04-2011,191.90001,84.9,29.939999
-29.160278,26.573333,12-04-2011,190.1,84.30000000000001,28.949999
-30.568333,29.422778,12-04-2011,137.7,105.30000000000001,24.699999
-30.570833,29.150556,12-04-2011,138.90001,108.5,24.51
-33.501667,21.624167,12-04-2011,189.1,13.0,27.64
-27.495556,26.074722,12-04-2011,194.2,79.9,29.939999
-25.57877778,29.12747222,12-04-2011,161.6,102.30000000000001,29.429998
-28.801278,31.955389,13-04-2011,150.2,89.60000000000001,28.939999
-30.398056,30.601944,13-04-2011,134.7,125.4,26.41
-30.27402,30.69602,13-04-2011,134.40001,124.0,26.349998
-26.648056,27.089444,13-04-2011,170.90001,93.9,28.599998
-27.044444,27.005,13-04-2011,178.7,93.5,29.25
-31.031389,28.883333,13-04-2011,138.90001,102.10000000000001,25.63
-30.86013889,29.07125,13-04-2011,140.6,101.60000000000001,26.07
-24.925278,29.324444,14-04-2011,162.40001,109.5,30.97
-27.00222,28.76528,14-04-2011,161.6,95.4,27.63
-27.02314,28.59389,14-04-2011,163.1,97.60000000000001,27.8
-30.160091,27.40124,14-04-2011,171.3,84.5,27.289999
-30.336111,27.359444,14-04-2011,171.90001,82.9,27.3
-30.830556,26.921389,15-04-2011,175.90001,68.9,27.859999
-27.902778,24.615556,15-04-2011,208.0,70.8,32.02
-34.031944,22.053333,15-04-2011,157.5,20.200000000000003,25.33
-29.803611,30.516111,15-04-2011,134.2,120.7,26.14
-22.43772222,31.07805556,16-04-2011,172.0,112.30000000000001,33.94
-25.99136,27.84208,18-04-2011,161.1,98.5,28.039999
-34.039722,22.133333,18-04-2011,156.0,21.1,25.16
-28.735556,29.820556,19-04-2011,157.90001,104.9,29.14
-27.802778,28.768333,19-04-2011,159.1,107.80000000000001,26.91
-33.38056,19.30167,19-04-2011,194.3,13.4,26.59
-33.31388889,19.07472222,19-04-2011,205.90001,13.8,29.13
-27.356667,27.286389,19-04-2011,182.40001,94.80000000000001,29.23
-28.068333,31.55,19-04-2011,159.1,77.30000000000001,30.42
-27.398611,26.614722,20-04-2011,191.90001,84.9,29.939999
-29.160278,26.573333,20-04-2011,190.1,84.30000000000001,28.949999
-30.830556,26.921389,21-04-2011,175.90001,68.9,27.859999
-27.363611,31.783333,21-04-2011,154.40001,75.0,30.019999
-27.044444,27.005,21-04-2011,178.7,93.5,29.25
-27.902778,24.615556,21-04-2011,208.0,70.8,32.02
-28.760833,17.730278,25-04-2011,257.5,1.3,34.98
-26.861111,28.884722,25-04-2011,161.0,89.0,27.43
-26.970278,27.211111,25-04-2011,173.90001,96.2,28.859999
-26.45,28.085833,25-04-2011,162.5,90.0,27.789999
-27.01011111,26.69808333,26-04-2011,183.5,90.9,29.289999
-25.127778,27.628889,26-04-2011,169.3,112.2,31.17
-25.20639,27.558,26-04-2011,170.0,112.9,31.109999
-24.69514,27.40906,26-04-2011,172.90001,121.0,31.609999
-27.169444,29.233889,26-04-2011,157.3,90.0,26.93
-26.98472222,26.63227778,26-04-2011,181.40001,91.80000000000001,29.349998
-27.398611,26.614722,26-04-2011,191.90001,84.9,29.939999
-27.495556,26.074722,26-04-2011,194.2,79.9,29.939999
-34.065833,20.404167,27-04-2011,179.3,12.700000000000001,29.189999
-28.75,30.442778,27-04-2011,161.1,98.10000000000001,30.07
-29.161667,30.629722,27-04-2011,137.6,114.30000000000001,25.699999
-26.880278,26.965,27-04-2011,175.5,93.9,29.15
-33.897778,20.012778,28-04-2011,196.1,11.0,29.26
-25.99136,27.84208,02-05-2011,161.1,98.5,28.039999
-29.380556,30.2775,03-05-2011,134.90001,117.4,25.3
-26.45,28.085833,03-05-2011,162.5,90.0,27.789999
-27.902778,24.615556,03-05-2011,208.0,70.8,32.02
-25.45963889,28.26430556,03-05-2011,164.5,104.7,29.849998
-25.57877778,29.12747222,03-05-2011,161.6,102.30000000000001,29.429998
-25.81048333,27.90955222,04-05-2011,164.1,100.5,28.97
-26.006389,29.253889,04-05-2011,152.0,96.5,27.09
-28.404444,30.013056,04-05-2011,160.6,99.7,29.06
-27.802778,28.768333,04-05-2011,159.1,107.80000000000001,26.91
-27.356667,27.286389,04-05-2011,182.40001,94.80000000000001,29.23
-27.937778,31.209444,05-05-2011,154.3,82.30000000000001,28.3
-27.5275,30.858056,05-05-2011,150.3,107.2,27.09
-27.3,28.586944,05-05-2011,163.40001,103.80000000000001,27.63
-27.398611,26.614722,05-05-2011,191.90001,84.9,29.939999
-27.00222,28.76528,06-05-2011,161.6,95.4,27.63
-27.02314,28.59389,06-05-2011,163.1,97.60000000000001,27.8
-26.648056,27.089444,06-05-2011,170.90001,93.9,28.599998
-26.970278,27.211111,06-05-2011,173.90001,96.2,28.859999
-28.760833,17.730278,08-05-2011,257.5,1.3,34.98
-29.7775,29.470833,09-05-2011,138.3,148.1,24.17
-29.744167,29.905833,09-05-2011,141.6,126.30000000000001,26.31
-26.861111,28.884722,09-05-2011,161.0,89.0,27.43
-26.970278,27.211111,09-05-2011,173.90001,96.2,28.859999
-31.104278,29.399722,09-05-2011,134.1,101.80000000000001,25.75
-25.127778,27.628889,10-05-2011,169.3,112.2,31.17
-25.20639,27.558,10-05-2011,170.0,112.9,31.109999
-24.69514,27.40906,10-05-2011,172.90001,121.0,31.609999
-24.058889,31.237222,10-05-2011,154.6,63.300000000000004,31.59
-24.034167,31.123611,10-05-2011,153.8,73.7,31.039999
-28.747778,31.745833,10-05-2011,152.90001,97.7,29.599998
-30.733889,29.828333,10-05-2011,132.40001,114.80000000000001,25.43
-26.98472222,26.63227778,10-05-2011,181.40001,91.80000000000001,29.349998
-27.398611,26.614722,10-05-2011,191.90001,84.9,29.939999
-29.160278,26.573333,10-05-2011,190.1,84.30000000000001,28.949999
-31.396,29.2651,10-05-2011,134.5,98.7,25.96
-33.501667,21.624167,10-05-2011,189.1,13.0,27.64
-32.502778,19.535833,10-05-2011,233.40001,4.800000000000001,30.92
-31.5653,18.3306,10-05-2011,208.7,2.9000000000000004,28.32
-27.495556,26.074722,10-05-2011,194.2,79.9,29.939999
-24.183889,30.823889,11-05-2011,152.3,94.10000000000001,30.939999
-28.801278,31.955389,11-05-2011,150.2,89.60000000000001,28.939999
-30.398056,30.601944,11-05-2011,134.7,125.4,26.41
-30.27402,30.69602,11-05-2011,134.40001,124.0,26.349998
-27.00222,28.76528,11-05-2011,161.6,95.4,27.63
-27.02314,28.59389,11-05-2011,163.1,97.60000000000001,27.8
-27.273889,28.49,11-05-2011,164.3,104.7,27.599998
-27.4275,28.525833,11-05-2011,163.6,107.7,27.46
-27.044444,27.005,11-05-2011,178.7,93.5,29.25
-22.225556,29.990556,24-11-2014,179.5,25.5,34.27
-30.568333,29.422778,11-05-2011,137.7,105.30000000000001,24.699999
-30.570833,29.150556,11-05-2011,138.90001,108.5,24.51
-32.595833,19.009444,11-05-2011,218.5,7.300000000000001,30.83
-29.140556,31.391944,12-05-2011,143.5,108.7,28.07
-29.641944,30.6875,12-05-2011,139.7,111.0,27.15
-24.679167,30.8025,12-05-2011,143.3,149.0,25.99
-30.830556,26.921389,12-05-2011,175.90001,68.9,27.859999
-30.13573889,30.67422222,12-05-2011,136.5,119.10000000000001,26.74
-26.73806,27.59194,12-05-2011,168.1,96.30000000000001,28.13
-31.000833,26.353056,12-05-2011,181.2,53.800000000000004,27.609999
-22.225556,29.990556,30-07-2015,192.8,29.700000000000003,35.86
-22.225556,29.990556,03-08-2015,192.8,29.700000000000003,35.86
-30.679722,26.7125,12-05-2011,180.90001,68.10000000000001,28.599998
-31.031389,28.883333,12-05-2011,138.90001,102.10000000000001,25.63
-30.86013889,29.07125,12-05-2011,140.6,101.60000000000001,26.07
-30.77586667,29.03221667,12-05-2011,141.5,104.30000000000001,26.0
-24.925278,29.324444,13-05-2011,162.40001,109.5,30.97
-29.658056,25.973333,13-05-2011,186.90001,71.0,28.289999
-30.534167,24.961944,13-05-2011,205.0,44.900000000000006,29.9
-29.803611,30.516111,13-05-2011,134.2,120.7,26.14
-25.447222,30.711667,13-05-2011,146.6,120.30000000000001,27.359999
-25.99136,27.84208,16-05-2011,161.1,98.5,28.039999
-25.513889,31.224444,16-05-2011,149.40001,105.80000000000001,28.0
-26.861111,28.884722,16-05-2011,161.0,89.0,27.43
-26.970278,27.211111,16-05-2011,173.90001,96.2,28.859999
-34.031944,22.053333,16-05-2011,157.5,20.200000000000003,25.33
-34.039722,22.133333,16-05-2011,156.0,21.1,25.16
-33.38056,19.30167,16-05-2011,194.3,13.4,26.59
-33.31388889,19.07472222,16-05-2011,205.90001,13.8,29.13
-27.01011111,26.69808333,17-05-2011,183.5,90.9,29.289999
-25.436111,31.982222,17-05-2011,148.90001,61.800000000000004,30.689999
-25.681111,31.783333,17-05-2011,149.2,65.4,29.599998
-25.67386,31.57527,17-05-2011,154.8,81.0,30.3
-26.98472222,26.63227778,17-05-2011,181.40001,91.80000000000001,29.349998
-27.398611,26.614722,17-05-2011,191.90001,84.9,29.939999
-25.45963889,28.26430556,17-05-2011,164.5,104.7,29.849998
-28.338333,31.373611,17-05-2011,148.5,94.60000000000001,28.3
-28.068333,31.55,17-05-2011,159.1,77.30000000000001,30.42
-25.81048333,27.90955222,18-05-2011,164.1,100.5,28.97
-24.768889,31.39,18-05-2011,148.6,74.8,29.89
-26.880278,26.965,18-05-2011,175.5,93.9,29.15
-28.801278,31.955389,19-05-2011,150.2,89.60000000000001,28.939999
-27.169444,29.233889,19-05-2011,157.3,90.0,26.93
-25.447222,30.711667,19-05-2011,146.6,120.30000000000001,27.359999
-22.548889,28.898056,20-05-2011,161.40001,83.80000000000001,32.23
-22.43772222,31.07805556,20-05-2011,172.0,112.30000000000001,33.94
-27.902778,24.615556,20-05-2011,208.0,70.8,32.02
-28.760833,17.730278,22-05-2011,257.5,1.3,34.98
-25.49037,30.6986,23-05-2011,144.7,122.5,26.84
-28.75,30.442778,23-05-2011,161.1,98.10000000000001,30.07
-26.73806,27.59194,23-05-2011,168.1,96.30000000000001,28.13
-26.45,28.085833,23-05-2011,162.5,90.0,27.789999
-27.356667,27.286389,23-05-2011,182.40001,94.80000000000001,29.23
-22.935,28.004167,24-05-2011,164.0,81.80000000000001,32.6
-33.980556,21.653333,24-05-2011,164.5,15.8,26.83
-25.127778,27.628889,24-05-2011,169.3,112.2,31.17
-25.20639,27.558,24-05-2011,170.0,112.9,31.109999
-24.69514,27.40906,24-05-2011,172.90001,121.0,31.609999
-27.363611,31.783333,24-05-2011,154.40001,75.0,30.019999
-27.169444,29.233889,24-05-2011,157.3,90.0,26.93
-27.802778,28.768333,24-05-2011,159.1,107.80000000000001,26.91
-28.141944,26.417778,24-05-2011,192.90001,83.30000000000001,29.789999
-28.116667,26.725278,24-05-2011,188.7,84.0,29.539999
-27.398611,26.614722,24-05-2011,191.90001,84.9,29.939999
-27.671111,27.236944,24-05-2011,182.90001,94.2,29.48
-28.69485,28.23487,24-05-2011,160.7,103.4,25.769999
-34.092222,21.295278,24-05-2011,173.1,16.6,27.42
-27.495556,26.074722,24-05-2011,194.2,79.9,29.939999
-34.065833,20.404167,25-05-2011,179.3,12.700000000000001,29.189999
-23.23572222,27.717,25-05-2011,162.0,82.0,31.82
-28.75,30.442778,25-05-2011,161.1,98.10000000000001,30.07
-29.161667,30.629722,25-05-2011,137.6,114.30000000000001,25.699999
-26.648056,27.089444,25-05-2011,170.90001,93.9,28.599998
-27.273889,28.49,25-05-2011,164.3,104.7,27.599998
-27.4275,28.525833,25-05-2011,163.6,107.7,27.46
-27.3,28.586944,25-05-2011,163.40001,103.80000000000001,27.63
-27.398611,26.614722,25-05-2011,191.90001,84.9,29.939999
-27.044444,27.005,25-05-2011,178.7,93.5,29.25
-30.679722,26.7125,25-05-2011,180.90001,68.10000000000001,28.599998
-34.250556,20.9925,25-05-2011,179.40001,17.6,27.33
-33.818056,19.694722,25-05-2011,201.8,12.3,28.73
-34.075556,20.145556,25-05-2011,183.2,13.3,28.57
-30.398056,30.601944,26-05-2011,134.7,125.4,26.41
-30.27402,30.69602,26-05-2011,134.40001,124.0,26.349998
-27.00222,28.76528,26-05-2011,161.6,95.4,27.63
-27.02314,28.59389,26-05-2011,163.1,97.60000000000001,27.8
-27.671111,27.236944,26-05-2011,182.90001,94.2,29.48
-27.356667,27.286389,26-05-2011,182.40001,94.80000000000001,29.23
-33.897778,20.012778,26-05-2011,196.1,11.0,29.26
-27.902778,24.615556,27-05-2011,208.0,70.8,32.02
-22.91028,29.61111,28-05-2011,151.90001,112.60000000000001,30.48
-25.99136,27.84208,30-05-2011,161.1,98.5,28.039999
-26.861111,28.884722,30-05-2011,161.0,89.0,27.43
-26.970278,27.211111,30-05-2011,173.90001,96.2,28.859999
-26.45,28.085833,30-05-2011,162.5,90.0,27.789999
-27.01011111,26.69808333,31-05-2011,183.5,90.9,29.289999
-29.380556,30.2775,31-05-2011,134.90001,117.4,25.3
-27.802778,28.768333,31-05-2011,159.1,107.80000000000001,26.91
-26.98472222,26.63227778,31-05-2011,181.40001,91.80000000000001,29.349998
-27.398611,26.614722,31-05-2011,191.90001,84.9,29.939999
-29.160278,26.573333,31-05-2011,190.1,84.30000000000001,28.949999
-25.45963889,28.26430556,31-05-2011,164.5,104.7,29.849998
-25.81048333,27.90955222,01-06-2011,164.1,100.5,28.97
-28.404444,30.013056,01-06-2011,160.6,99.7,29.06
-27.00222,28.76528,01-06-2011,161.6,95.4,27.63
-27.02314,28.59389,01-06-2011,163.1,97.60000000000001,27.8
-26.648056,27.089444,01-06-2011,170.90001,93.9,28.599998
-27.3,28.586944,01-06-2011,163.40001,103.80000000000001,27.63
-27.044444,27.005,01-06-2011,178.7,93.5,29.25
-28.058889,30.373611,01-06-2011,158.0,99.60000000000001,28.029999
-27.937778,31.209444,02-06-2011,154.3,82.30000000000001,28.3
-27.5275,30.858056,02-06-2011,150.3,107.2,27.09
-30.568333,29.422778,04-06-2011,137.7,105.30000000000001,24.699999
-28.760833,17.730278,05-06-2011,257.5,1.3,34.98
-29.7775,29.470833,06-06-2011,138.3,148.1,24.17
-29.987778,29.851667,06-06-2011,136.0,127.0,25.42
-29.744167,29.905833,06-06-2011,141.6,126.30000000000001,26.31
-26.73806,27.59194,06-06-2011,168.1,96.30000000000001,28.13
-31.104278,29.399722,06-06-2011,134.1,101.80000000000001,25.75
-31.396,29.2651,06-06-2011,134.5,98.7,25.96
-31.554722,29.245556,06-06-2011,123.700005,106.2,24.68
-25.57877778,29.12747222,06-06-2011,161.6,102.30000000000001,29.429998
-25.127778,27.628889,07-06-2011,169.3,112.2,31.17
-25.20639,27.558,07-06-2011,170.0,112.9,31.109999
-24.69514,27.40906,07-06-2011,172.90001,121.0,31.609999
-23.658056,31.05,07-06-2011,156.40001,65.4,31.859999
-26.006389,29.253889,07-06-2011,152.0,96.5,27.09
-28.747778,31.745833,07-06-2011,152.90001,97.7,29.599998
-30.733889,29.828333,07-06-2011,132.40001,114.80000000000001,25.43
-27.169444,29.233889,07-06-2011,157.3,90.0,26.93
-27.398611,26.614722,07-06-2011,191.90001,84.9,29.939999
-30.86013889,29.07125,07-06-2011,140.6,101.60000000000001,26.07
-30.570833,29.150556,07-06-2011,138.90001,108.5,24.51
-30.77586667,29.03221667,07-06-2011,141.5,104.30000000000001,26.0
-27.495556,26.074722,07-06-2011,194.2,79.9,29.939999
-30.830556,26.921389,08-06-2011,175.90001,68.9,27.859999
-22.769722,30.886944,08-06-2011,159.8,120.60000000000001,32.01
-30.398056,30.601944,08-06-2011,134.7,125.4,26.41
-30.27402,30.69602,08-06-2011,134.40001,124.0,26.349998
-27.02314,28.59389,08-06-2011,163.1,97.60000000000001,27.8
-26.880278,26.965,08-06-2011,175.5,93.9,29.15
-29.140556,31.391944,09-06-2011,143.5,108.7,28.07
-24.925278,29.324444,09-06-2011,162.40001,109.5,30.97
-27.902778,24.615556,10-06-2011,208.0,70.8,32.02
-29.803611,30.516111,10-06-2011,134.2,120.7,26.14
-31.5653,18.3306,12-06-2011,208.7,2.9000000000000004,28.32
-25.99136,27.84208,13-06-2011,161.1,98.5,28.039999
-27.671111,27.236944,13-06-2011,182.90001,94.2,29.48
-27.356667,27.286389,13-06-2011,182.40001,94.80000000000001,29.23
-31.860278,18.6875,14-06-2011,216.7,4.2,29.55
-24.679167,30.8025,14-06-2011,143.3,149.0,25.99
-28.735556,29.820556,14-06-2011,157.90001,104.9,29.14
-26.861111,28.884722,14-06-2011,161.0,89.0,27.43
-27.00222,28.76528,14-06-2011,161.6,95.4,27.63
-26.45,28.085833,14-06-2011,162.5,90.0,27.789999
-27.398611,26.614722,14-06-2011,191.90001,84.9,29.939999
-34.031944,22.053333,14-06-2011,157.5,20.200000000000003,25.33
-25.45963889,28.26430556,14-06-2011,164.5,104.7,29.849998
-28.338333,31.373611,14-06-2011,148.5,94.60000000000001,28.3
-28.068333,31.55,14-06-2011,159.1,77.30000000000001,30.42
-25.81048333,27.90955222,15-06-2011,164.1,100.5,28.97
-30.830556,26.921389,15-06-2011,175.90001,68.9,27.859999
-24.058889,31.237222,15-06-2011,154.6,63.300000000000004,31.59
-24.034167,31.123611,15-06-2011,153.8,73.7,31.039999
-27.3,28.586944,15-06-2011,163.40001,103.80000000000001,27.63
-33.501667,21.624167,15-06-2011,189.1,13.0,27.64
-27.602222,29.942778,16-06-2011,165.8,98.7,29.22
-30.679722,26.7125,16-06-2011,180.90001,68.10000000000001,28.599998
-28.760833,17.730278,19-06-2011,257.5,1.3,34.98
-27.602222,29.942778,20-06-2011,165.8,98.7,29.22
-28.883333,27.89,20-06-2011,164.2,105.80000000000001,26.349998
-25.436111,31.982222,21-06-2011,148.90001,61.800000000000004,30.689999
-25.127778,27.628889,21-06-2011,169.3,112.2,31.17
-25.20639,27.558,21-06-2011,170.0,112.9,31.109999
-24.69514,27.40906,21-06-2011,172.90001,121.0,31.609999
-25.681111,31.783333,21-06-2011,149.2,65.4,29.599998
-26.970278,27.211111,21-06-2011,173.90001,96.2,28.859999
-26.73806,27.59194,21-06-2011,168.1,96.30000000000001,28.13
-34.039722,22.133333,21-06-2011,156.0,21.1,25.16
-33.38056,19.30167,21-06-2011,194.3,13.4,26.59
-33.31388889,19.07472222,21-06-2011,205.90001,13.8,29.13
-27.356667,27.286389,21-06-2011,182.40001,94.80000000000001,29.23
-29.161667,23.696389,22-06-2011,223.1,35.6,33.57
-27.01011111,26.69808333,22-06-2011,183.5,90.9,29.289999
-25.14944444,31.94055556,22-06-2011,146.8,62.1,30.01
-24.9675,31.516667,22-06-2011,150.8,69.60000000000001,30.189999
-28.75,30.442778,22-06-2011,161.1,98.10000000000001,30.07
-29.161667,30.629722,22-06-2011,137.6,114.30000000000001,25.699999
-27.169444,29.233889,22-06-2011,157.3,90.0,26.93
-27.02314,28.59389,22-06-2011,163.1,97.60000000000001,27.8
-26.98472222,26.63227778,22-06-2011,181.40001,91.80000000000001,29.349998
-27.398611,26.614722,22-06-2011,191.90001,84.9,29.939999
-29.042222,24.6,22-06-2011,211.0,69.10000000000001,31.51
-34.092222,21.295278,22-06-2011,173.1,16.6,27.42
-27.495556,26.074722,22-06-2011,194.2,79.9,29.939999
-30.27402,30.69602,23-06-2011,134.40001,124.0,26.349998
-26.648056,27.089444,23-06-2011,170.90001,93.9,28.599998
-26.880278,26.965,23-06-2011,175.5,93.9,29.15
-27.044444,27.005,23-06-2011,178.7,93.5,29.25
-28.376944,24.303056,23-06-2011,211.8,62.0,32.1
-29.028629,24.638389,23-06-2011,209.7,71.60000000000001,31.4
-28.69485,28.23487,23-06-2011,160.7,103.4,25.769999
-25.398889,31.610556,24-06-2011,146.8,69.8,29.41
-27.573056,24.746389,24-06-2011,208.40001,75.2,31.66
-27.902778,24.615556,24-06-2011,208.0,70.8,32.02
-26.861111,28.884722,27-06-2011,161.0,89.0,27.43
-27.02314,28.59389,27-06-2011,163.1,97.60000000000001,27.8
-26.45,28.085833,27-06-2011,162.5,90.0,27.789999
-31.396,29.2651,27-06-2011,134.5,98.7,25.96
-24.670833,28.560833,28-06-2011,158.7,131.4,29.59
-29.380556,30.2775,28-06-2011,134.90001,117.4,25.3
-31.104278,29.399722,28-06-2011,134.1,101.80000000000001,25.75
-33.818056,19.694722,28-06-2011,201.8,12.3,28.73
-29.161667,23.696389,29-06-2011,223.1,35.6,33.57
-25.81048333,27.90955222,29-06-2011,164.1,100.5,28.97
-24.282222,28.090278,29-06-2011,155.40001,99.0,29.25
-23.23572222,27.717,29-06-2011,162.0,82.0,31.82
-26.03611,30.99778,29-06-2011,155.6,142.70000000000002,28.119999
-27.937778,31.209444,29-06-2011,154.3,82.30000000000001,28.3
-28.404444,30.013056,29-06-2011,160.6,99.7,29.06
-27.02314,28.59389,29-06-2011,163.1,97.60000000000001,27.8
-28.141944,26.417778,29-06-2011,192.90001,83.30000000000001,29.789999
-28.1175,26.719444,29-06-2011,188.7,84.0,29.539999
-29.033333,23.983333,29-06-2011,217.7,45.0,32.88
-30.568333,29.422778,29-06-2011,137.7,105.30000000000001,24.699999
-25.447222,30.711667,29-06-2011,146.6,120.30000000000001,27.359999
-27.01011111,26.69808333,30-06-2011,183.5,90.9,29.289999
-22.935,28.004167,30-06-2011,164.0,81.80000000000001,32.6
-22.91028,29.61111,30-06-2011,151.90001,112.60000000000001,30.48
-27.5275,30.858056,30-06-2011,150.3,107.2,27.09
-26.648056,27.089444,30-06-2011,170.90001,93.9,28.599998
-26.970278,27.211111,30-06-2011,173.90001,96.2,28.859999
-26.880278,26.965,30-06-2011,175.5,93.9,29.15
-27.38972222,26.46388889,30-06-2011,193.3,83.7,30.07
-26.98472222,26.63227778,30-06-2011,181.40001,91.80000000000001,29.349998
-34.065833,20.404167,10-01-2012,118.4,36.300000000000004,23.84
-34.065833,20.404167,01-02-2012,178.8,11.200000000000001,30.529999
-34.065833,20.404167,29-02-2012,178.8,11.200000000000001,30.529999
-27.398611,26.614722,30-06-2011,191.90001,84.9,29.939999
-31.031389,28.883333,30-06-2011,138.90001,102.10000000000001,25.63
-30.86013889,29.07125,30-06-2011,140.6,101.60000000000001,26.07
-30.77586667,29.03221667,30-06-2011,141.5,104.30000000000001,26.0
-27.356667,27.286389,30-06-2011,182.40001,94.80000000000001,29.23
-33.897778,20.012778,30-06-2011,196.1,11.0,29.26
-22.43772222,31.07805556,02-07-2011,172.0,112.30000000000001,33.94
-28.760833,17.730278,03-07-2011,257.5,1.3,34.98
-29.7775,29.470833,04-07-2011,138.3,148.1,24.17
-29.987778,29.851667,04-07-2011,136.0,127.0,25.42
-29.744167,29.905833,04-07-2011,141.6,126.30000000000001,26.31
-26.73806,27.59194,04-07-2011,168.1,96.30000000000001,28.13
-30.830556,26.921389,05-07-2011,175.90001,68.9,27.859999
-25.127778,27.628889,05-07-2011,169.3,112.2,31.17
-25.20639,27.558,05-07-2011,170.0,112.9,31.109999
-24.69514,27.40906,05-07-2011,172.90001,121.0,31.609999
-23.658056,31.05,05-07-2011,156.40001,65.4,31.859999
-30.733889,29.828333,05-07-2011,132.40001,114.80000000000001,25.43
-27.169444,29.233889,05-07-2011,157.3,90.0,26.93
-34.065833,20.404167,21-01-2014,178.0,3.1,30.099998
-34.065833,20.404167,11-02-2014,178.0,3.1,30.099998
-34.065833,20.404167,11-03-2014,178.0,3.1,30.099998
-27.671111,27.236944,05-07-2011,182.90001,94.2,29.48
-28.69485,28.23487,05-07-2011,160.7,103.4,25.769999
-28.883333,27.89,05-07-2011,164.2,105.80000000000001,26.349998
-29.161667,23.696389,06-07-2011,223.1,35.6,33.57
-30.27402,30.69602,06-07-2011,134.40001,124.0,26.349998
-27.00222,28.76528,06-07-2011,161.6,95.4,27.63
-27.02314,28.59389,06-07-2011,163.1,97.60000000000001,27.8
-27.398611,26.614722,06-07-2011,191.90001,84.9,29.939999
-34.065833,20.404167,24-02-2015,177.6,11.8,31.42
-27.044444,27.005,06-07-2011,178.7,93.5,29.25
-34.405833,19.600556,06-07-2011,158.7,20.3,24.16
-27.495556,26.074722,06-07-2011,194.2,79.9,29.939999
-28.376944,24.303056,07-07-2011,211.8,62.0,32.1
-34.065833,20.404167,27-10-2015,177.6,11.8,31.42
-27.573056,24.746389,08-07-2011,208.40001,75.2,31.66
-27.902778,24.615556,08-07-2011,208.0,70.8,32.02
-28.460833,21.248889,08-07-2011,244.7,52.300000000000004,33.62
-29.803611,30.516111,08-07-2011,134.2,120.7,26.14
-28.96362,19.15486,09-07-2011,263.0,2.4000000000000004,38.61
-25.99136,27.84208,11-07-2011,173.1,73.3,30.16
-26.45,28.085833,11-07-2011,170.6,65.2,29.74
-26.98472222,26.63227778,11-07-2011,188.5,47.300000000000004,32.17
-29.160278,26.573333,11-07-2011,200.0,55.6,33.16
-23.281,30.54305556,12-07-2011,166.7,85.0,32.739998
-27.02314,28.59389,12-07-2011,168.3,66.10000000000001,29.64
-26.648056,27.089444,12-07-2011,179.7,51.400000000000006,30.83
-26.970278,27.211111,12-07-2011,181.3,53.1,31.05
-26.880278,26.965,12-07-2011,182.1,50.0,31.41
-27.044444,27.005,12-07-2011,184.5,50.7,31.51
-29.160278,26.573333,12-07-2011,200.0,55.6,33.16
-30.160091,27.40124,12-07-2011,181.7,61.5,31.189999
-28.883333,27.89,12-07-2011,170.6,73.7,29.869999
-34.039722,22.133333,12-07-2011,164.8,18.1,27.91
-32.502778,19.535833,12-07-2011,229.8,2.2,34.87
-31.5653,18.3306,12-07-2011,222.7,0.7000000000000001,31.98
-34.005833,22.351111,12-07-2011,158.6,21.6,26.74
-25.45963889,28.26430556,12-07-2011,177.0,70.0,31.91
-29.161667,23.696389,13-07-2011,226.6,33.1,36.809998
-25.81048333,27.90955222,13-07-2011,176.0,72.10000000000001,31.07
-29.641944,30.6875,13-07-2011,148.0,123.5,30.06
-22.769722,30.886944,13-07-2011,174.6,70.0,33.32
-29.033333,23.983333,13-07-2011,221.90001,37.6,36.34
-34.02861,22.22222,13-07-2011,162.2,18.8,27.289999
-31.860278,18.6875,14-07-2011,231.8,1.6,33.5
-27.602222,29.942778,14-07-2011,167.3,90.5,29.97
-27.3,28.586944,14-07-2011,168.1,66.3,29.55
-27.573056,24.746389,14-07-2011,215.5,46.1,35.42
-29.033333,23.983333,14-07-2011,221.90001,37.6,36.34
-30.160091,27.40124,14-07-2011,181.7,61.5,31.189999
-30.336111,27.359444,14-07-2011,182.7,58.5,31.13
-34.250556,20.9925,14-07-2011,186.8,11.100000000000001,30.519999
-25.362222,31.956667,15-07-2011,156.6,87.30000000000001,32.44
-25.14944444,31.94055556,15-07-2011,159.7,84.7,32.6
-29.658056,25.973333,15-07-2011,201.6,45.6,33.12
-31.000833,26.353056,15-07-2011,196.2,38.900000000000006,31.48
-30.534167,24.961944,15-07-2011,217.8,35.9,34.329998
-28.760833,17.730278,17-07-2011,249.8,0.4,37.14
-26.861111,28.884722,18-07-2011,164.90001,69.8,28.96
-26.73806,27.59194,18-07-2011,174.5,59.300000000000004,30.199999
-28.69485,28.23487,18-07-2011,165.0,72.60000000000001,28.76
-25.127778,27.628889,19-07-2011,187.5,56.5,33.51
-25.20639,27.558,19-07-2011,185.90001,55.7,33.239998
-24.69514,27.40906,19-07-2011,187.7,54.800000000000004,33.57
-27.169444,29.233889,19-07-2011,162.0,70.5,28.599998
-33.38056,19.30167,19-07-2011,206.7,5.300000000000001,30.51
-33.31388889,19.07472222,19-07-2011,216.90001,4.1000000000000005,32.809998
-27.495556,26.074722,19-07-2011,200.7,43.800000000000004,32.829998
-29.161667,23.696389,20-07-2011,226.6,33.1,36.809998
-27.01011111,26.69808333,20-07-2011,189.3,46.800000000000004,32.01
-28.75,30.442778,20-07-2011,166.6,78.5,32.469997
-29.161667,30.629722,20-07-2011,144.3,118.5,28.01
-30.534167,24.961944,20-07-2011,217.8,35.9,34.329998
-34.092222,21.295278,20-07-2011,181.40001,12.600000000000001,30.72
-33.13083,18.86278,20-07-2011,210.1,3.4000000000000004,33.37
-31.000833,26.353056,21-07-2011,196.2,38.900000000000006,31.48
-33.7075,18.97444444,21-07-2011,212.8,5.2,32.05
-25.99136,27.84208,25-07-2011,173.1,73.3,30.16
-26.861111,28.884722,25-07-2011,164.90001,69.8,28.96
-26.006389,29.253889,26-07-2011,159.90001,83.80000000000001,28.64
-29.380556,30.2775,26-07-2011,144.1,87.4,27.92
-26.648056,27.089444,26-07-2011,179.7,51.400000000000006,30.83
-26.880278,26.965,26-07-2011,182.1,50.0,31.41
-26.98472222,26.63227778,26-07-2011,188.5,47.300000000000004,32.17
-28.141944,26.417778,26-07-2011,196.40001,51.1,32.64
-27.044444,27.005,26-07-2011,184.5,50.7,31.51
-33.501667,21.624167,26-07-2011,193.40001,12.4,30.84
-25.45963889,28.26430556,26-07-2011,177.0,70.0,31.91
-29.161667,23.696389,27-07-2011,226.6,33.1,36.809998
-25.81048333,27.90955222,27-07-2011,176.0,72.10000000000001,31.07
-34.065833,20.404167,27-07-2011,194.90001,7.800000000000001,32.43
-23.23572222,27.717,27-07-2011,179.8,42.1,34.42
-27.4275,28.525833,27-07-2011,167.7,65.7,29.519999
-27.935,26.126667,27-07-2011,196.7,47.800000000000004,32.66
-29.033333,23.983333,27-07-2011,221.90001,37.6,36.34
-34.075556,20.145556,27-07-2011,197.40001,7.9,31.73
-22.91028,29.61111,28-07-2011,163.1,59.1,32.18
-24.925278,29.324444,28-07-2011,177.1,57.5,33.04
-26.905,32.324722,28-07-2011,169.7,80.10000000000001,34.51
-27.38972222,26.46388889,28-07-2011,197.5,45.900000000000006,32.719997
-27.398611,26.614722,28-07-2011,195.8,46.800000000000004,32.61
-27.671111,27.236944,28-07-2011,188.3,52.400000000000006,31.789999
-28.404444,30.013056,29-07-2011,165.40001,90.7,30.97
-28.058889,30.373611,29-07-2011,160.6,91.10000000000001,29.38
-28.760833,17.730278,31-07-2011,249.8,0.4,37.14
-29.7775,29.470833,01-08-2011,144.7,94.80000000000001,26.75
-29.987778,29.851667,01-08-2011,144.90001,66.8,28.16
-29.744167,29.905833,01-08-2011,150.0,68.9,29.099998
-27.169444,29.233889,01-08-2011,162.0,70.5,28.599998
-26.45,28.085833,01-08-2011,170.6,65.2,29.74
-27.4,26.624722,01-08-2011,195.8,46.800000000000004,32.61
-25.127778,27.628889,02-08-2011,187.5,56.5,33.51
-25.20639,27.558,02-08-2011,185.90001,55.7,33.239998
-24.69514,27.40906,02-08-2011,187.7,54.800000000000004,33.57
-30.733889,29.828333,02-08-2011,142.2,55.300000000000004,28.449999
-27.802778,28.768333,02-08-2011,162.6,68.2,28.949999
-30.160091,27.40124,02-08-2011,181.7,61.5,31.189999
-30.336111,27.359444,02-08-2011,182.7,58.5,31.13
-34.405833,19.600556,02-08-2011,174.1,8.9,27.539999
-27.01011111,26.69808333,03-08-2011,189.3,46.800000000000004,32.01
-30.830556,26.921389,03-08-2011,190.3,44.1,31.8
-30.398056,30.601944,03-08-2011,148.3,58.2,29.439999
-27.00222,28.76528,03-08-2011,166.1,67.3,29.289999
-27.02314,28.59389,03-08-2011,168.3,66.10000000000001,29.64
-26.970278,27.211111,03-08-2011,181.3,53.1,31.05
-27.4275,28.525833,03-08-2011,167.7,65.7,29.519999
-27.3,28.586944,03-08-2011,168.1,66.3,29.55
-27.398611,26.614722,03-08-2011,195.8,46.800000000000004,32.61
-30.679722,26.7125,03-08-2011,195.0,43.7,32.96
-27.495556,26.074722,03-08-2011,200.7,43.800000000000004,32.829998
-29.803611,30.516111,05-08-2011,143.8,96.9,28.98
-26.73806,27.59194,07-08-2011,174.5,59.300000000000004,30.199999
-25.99136,27.84208,08-08-2011,173.1,73.3,30.16
-26.861111,28.884722,08-08-2011,164.90001,69.8,28.96
-26.45,28.085833,08-08-2011,170.6,65.2,29.74
-29.160278,26.573333,08-08-2011,200.0,55.6,33.16
-27.01011111,26.69808333,09-08-2011,189.3,46.800000000000004,32.01
-27.00222,28.76528,09-08-2011,166.1,67.3,29.289999
-26.880278,26.965,09-08-2011,182.1,50.0,31.41
-26.98472222,26.63227778,09-08-2011,188.5,47.300000000000004,32.17
-28.69485,28.23487,09-08-2011,165.0,72.60000000000001,28.76
-29.615556,27.065278,09-08-2011,188.5,64.4,31.75
-28.883333,27.89,09-08-2011,170.6,73.7,29.869999
-25.45963889,28.26430556,09-08-2011,177.0,70.0,31.91
-29.161667,23.696389,10-08-2011,226.6,33.1,36.809998
-25.81048333,27.90955222,10-08-2011,176.0,72.10000000000001,31.07
-29.641944,30.6875,10-08-2011,148.0,123.5,30.06
-27.602222,29.942778,10-08-2011,167.3,90.5,29.97
-31.554722,29.245556,10-08-2011,142.40001,50.5,27.9
-34.039722,22.133333,10-08-2011,164.8,18.1,27.91
-32.502778,19.535833,10-08-2011,229.8,2.2,34.87
-31.5653,18.3306,10-08-2011,222.7,0.7000000000000001,31.98
-31.860278,18.6875,11-08-2011,231.8,1.6,33.5
-30.830556,26.921389,11-08-2011,190.3,44.1,31.8
-22.43772222,31.07805556,11-08-2011,186.90001,51.6,35.48
-28.735556,29.820556,11-08-2011,164.1,91.7,31.519999
-31.000833,26.353056,11-08-2011,196.2,38.900000000000006,31.48
-30.679722,26.7125,11-08-2011,195.0,43.7,32.96
-30.160091,27.40124,11-08-2011,181.7,61.5,31.189999
-30.336111,27.359444,11-08-2011,182.7,58.5,31.13
-30.568333,29.422778,11-08-2011,146.90001,58.800000000000004,27.689999
-30.570833,29.150556,11-08-2011,148.90001,62.300000000000004,27.46
-31.104278,29.399722,11-08-2011,148.3,50.6,28.789999
-34.250556,20.9925,11-08-2011,186.8,11.100000000000001,30.519999
-27.573056,24.746389,12-08-2011,215.5,46.1,35.42
-29.658056,25.973333,12-08-2011,201.6,45.6,33.12
-30.534167,24.961944,12-08-2011,217.8,35.9,34.329998
-28.460833,21.248889,12-08-2011,249.2,18.5,37.95
-30.86013889,29.07125,12-08-2011,153.2,52.5,29.109999
-30.77586667,29.03221667,12-08-2011,154.1,55.0,29.039999
-23.838611,31.640833,13-08-2011,180.5,59.7,34.76
-28.760833,17.730278,14-08-2011,249.8,0.4,37.14
-26.970278,27.211111,15-08-2011,181.3,53.1,31.05
-26.73806,27.59194,15-08-2011,174.5,59.300000000000004,30.199999
-27.044444,27.005,15-08-2011,184.5,50.7,31.51
-24.679167,30.8025,16-08-2011,151.40001,121.60000000000001,27.76
-25.127778,27.628889,16-08-2011,187.5,56.5,33.51
-25.20639,27.558,16-08-2011,185.90001,55.7,33.239998
-24.69514,27.40906,16-08-2011,187.7,54.800000000000004,33.57
-27.169444,29.233889,16-08-2011,162.0,70.5,28.599998
-26.648056,27.089444,16-08-2011,179.7,51.400000000000006,30.83
-29.160278,26.573333,16-08-2011,200.0,55.6,33.16
-33.38056,19.30167,16-08-2011,206.7,5.300000000000001,30.51
-33.31388889,19.07472222,16-08-2011,216.90001,4.1000000000000005,32.809998
-27.495556,26.074722,16-08-2011,200.7,43.800000000000004,32.829998
-29.161667,23.696389,17-08-2011,226.6,33.1,36.809998
-22.769722,30.886944,17-08-2011,174.6,70.0,33.32
-24.058889,31.237222,17-08-2011,171.8,68.9,33.489998
-28.75,30.442778,17-08-2011,166.6,78.5,32.469997
-29.161667,30.629722,17-08-2011,144.3,118.5,28.01
-27.802778,28.768333,17-08-2011,162.6,68.2,28.949999
-29.033333,23.983333,17-08-2011,221.90001,37.6,36.34
-33.980556,21.653333,06-04-2011,164.5,15.8,26.83
-33.980556,21.653333,17-08-2011,178.8,13.0,29.89
-33.980556,21.653333,27-09-2011,178.8,13.0,29.89
-33.980556,21.653333,25-10-2011,178.8,13.0,29.89
-33.980556,21.653333,29-11-2011,178.8,13.0,29.89
-33.980556,21.653333,15-02-2012,157.40001,12.9,27.789999
-33.980556,21.653333,18-04-2012,157.40001,12.9,27.789999
-33.980556,21.653333,16-05-2012,157.40001,12.9,27.789999
-33.980556,21.653333,12-06-2012,157.40001,12.9,27.789999
-33.980556,21.653333,05-07-2012,157.40001,12.9,27.789999
-33.980556,21.653333,07-08-2012,176.5,22.700000000000003,28.869999
-33.980556,21.653333,05-09-2012,176.5,22.700000000000003,28.869999
-33.980556,21.653333,03-10-2012,176.5,22.700000000000003,28.869999
-33.980556,21.653333,06-11-2012,176.5,22.700000000000003,28.869999
-33.980556,21.653333,03-12-2012,176.5,22.700000000000003,28.869999
-33.980556,21.653333,29-01-2013,164.6,10.0,27.47
-33.980556,21.653333,28-02-2013,164.6,10.0,27.47
-33.980556,21.653333,10-03-2013,164.6,10.0,27.47
-33.980556,21.653333,19-03-2013,164.6,10.0,27.47
-33.980556,21.653333,15-05-2013,164.6,10.0,27.47
-33.980556,21.653333,12-06-2013,164.6,10.0,27.47
-33.980556,21.653333,18-07-2013,162.6,55.6,29.119999
-33.980556,21.653333,14-08-2013,162.6,55.6,29.119999
-33.980556,21.653333,11-09-2013,162.6,55.6,29.119999
-33.980556,21.653333,08-10-2013,162.6,55.6,29.119999
-34.092222,21.295278,17-08-2011,181.40001,12.600000000000001,30.72
-33.980556,21.653333,05-12-2013,162.6,55.6,29.119999
-33.980556,21.653333,07-01-2014,58.0,14.5,20.619999
-33.980556,21.653333,18-02-2014,161.40001,13.100000000000001,27.5
-33.980556,21.653333,11-03-2014,161.40001,13.100000000000001,27.5
-33.980556,21.653333,10-04-2014,161.40001,13.100000000000001,27.5
-33.980556,21.653333,13-05-2014,161.40001,13.100000000000001,27.5
-33.980556,21.653333,10-06-2014,161.40001,13.100000000000001,27.5
-33.980556,21.653333,08-07-2014,161.40001,13.100000000000001,27.5
-33.980556,21.653333,21-08-2014,181.3,15.3,29.72
-33.980556,21.653333,11-09-2014,181.3,15.3,29.72
-33.980556,21.653333,14-10-2014,181.3,15.3,29.72
-33.980556,21.653333,11-11-2014,181.3,15.3,29.72
-33.980556,21.653333,02-12-2014,181.3,15.3,29.72
-33.980556,21.653333,15-01-2015,166.7,11.100000000000001,28.8
-33.980556,21.653333,17-02-2015,166.7,11.100000000000001,28.8
-33.980556,21.653333,10-03-2015,166.7,11.100000000000001,28.8
-33.980556,21.653333,14-04-2015,166.7,11.100000000000001,28.8
-33.980556,21.653333,19-05-2015,166.7,11.100000000000001,28.8
-33.980556,21.653333,18-08-2015,166.7,11.100000000000001,28.8
-33.980556,21.653333,15-09-2015,166.7,11.100000000000001,28.8
-33.980556,21.653333,20-10-2015,166.7,11.100000000000001,28.8
-33.980556,21.653333,17-11-2015,166.7,11.100000000000001,28.8
-33.980556,21.653333,09-12-2015,166.7,11.100000000000001,28.8
-24.183889,30.823889,18-08-2011,170.0,71.7,33.38
-23.281,30.54305556,18-08-2011,166.7,85.0,32.739998
-27.671111,27.236944,18-08-2011,188.3,52.400000000000006,31.789999
-27.902778,24.615556,18-08-2011,221.90001,46.300000000000004,36.03
-28.376944,24.303056,18-08-2011,220.8,46.6,36.329998
-29.658056,25.973333,18-08-2011,201.6,45.6,33.12
-30.534167,24.961944,18-08-2011,217.8,35.9,34.329998
-22.225556,29.990556,22-08-2011,178.2,38.300000000000004,35.17
-24.282222,28.090278,22-08-2011,170.3,75.10000000000001,31.59
-25.99136,27.84208,22-08-2011,173.1,73.3,30.16
-29.380556,30.2775,22-08-2011,144.1,87.4,27.92
-26.861111,28.884722,22-08-2011,164.90001,69.8,28.96
-26.45,28.085833,22-08-2011,170.6,65.2,29.74
-30.830556,26.921389,23-08-2011,190.3,44.1,31.8
-25.73411,27.21422,23-08-2011,176.7,61.900000000000006,31.17
-29.380556,30.2775,23-08-2011,144.1,87.4,27.92
-28.141944,26.417778,23-08-2011,196.40001,51.1,32.64
-30.679722,26.7125,23-08-2011,195.0,43.7,32.96
-33.501667,21.624167,23-08-2011,193.40001,12.4,30.84
-25.57877778,29.12747222,23-08-2011,172.40001,76.3,31.23
-29.161667,23.696389,24-08-2011,226.6,33.1,36.809998
-34.065833,20.404167,24-08-2011,194.90001,7.800000000000001,32.43
-23.23572222,27.717,24-08-2011,179.8,42.1,34.42
-28.404444,30.013056,24-08-2011,165.40001,90.7,30.97
-27.38972222,26.46388889,24-08-2011,197.5,45.900000000000006,32.719997
-27.398611,26.614722,24-08-2011,195.8,46.800000000000004,32.61
-27.044444,27.005,24-08-2011,184.5,50.7,31.51
-29.033333,23.983333,24-08-2011,221.90001,37.6,36.34
-33.818056,19.694722,24-08-2011,212.1,6.300000000000001,32.1
-34.075556,20.145556,24-08-2011,197.40001,7.9,31.73
-28.058889,30.373611,24-08-2011,160.6,91.10000000000001,29.38
-27.4,26.624722,24-08-2011,195.8,46.800000000000004,32.61
-27.01011111,26.69808333,25-08-2011,189.3,46.800000000000004,32.01
-22.225556,29.990556,25-08-2011,178.2,38.300000000000004,35.17
-22.91028,29.61111,25-08-2011,163.1,59.1,32.18
-24.925278,29.324444,25-08-2011,177.1,57.5,33.04
-30.398056,30.601944,25-08-2011,148.3,58.2,29.439999
-30.27402,30.69602,25-08-2011,148.0,59.7,29.38
-26.648056,27.089444,25-08-2011,179.7,51.400000000000006,30.83
-26.970278,27.211111,25-08-2011,181.3,53.1,31.05
-26.880278,26.965,25-08-2011,182.1,50.0,31.41
-27.38972222,26.46388889,25-08-2011,197.5,45.900000000000006,32.719997
-23.763056,27.908611,25-07-2014,179.0,42.7,31.98
-23.763056,27.908611,13-08-2014,179.0,42.7,31.98
-26.98472222,26.63227778,25-08-2011,188.5,47.300000000000004,32.17
-29.028629,24.638389,25-08-2011,218.40001,44.0,35.73
-23.763056,27.908611,22-12-2014,179.0,42.7,31.98
-33.897778,20.012778,25-08-2011,199.8,6.800000000000001,32.329998
-29.641944,30.6875,26-08-2011,148.0,123.5,30.06
-27.937778,31.209444,26-08-2011,161.7,80.9,30.64
-27.671111,27.236944,26-08-2011,188.3,52.400000000000006,31.789999
-27.573056,24.746389,26-08-2011,215.5,46.1,35.42
-23.763056,27.908611,19-08-2015,190.7,43.300000000000004,34.28
-23.763056,27.908611,09-09-2015,190.7,43.300000000000004,34.28
-28.460833,21.248889,26-08-2011,249.2,18.5,37.95
-28.760833,17.730278,28-08-2011,249.8,0.4,37.14
-27.169444,29.233889,29-08-2011,162.0,70.5,28.599998
-26.73806,27.59194,29-08-2011,174.5,59.300000000000004,30.199999
-25.127778,27.628889,30-08-2011,187.5,56.5,33.51
-25.20639,27.558,30-08-2011,185.90001,55.7,33.239998
-24.69514,27.40906,30-08-2011,187.7,54.800000000000004,33.57
-27.00222,28.76528,30-08-2011,166.1,67.3,29.289999
-34.405833,19.600556,30-08-2011,174.1,8.9,27.539999
-27.495556,26.074722,30-08-2011,200.7,43.800000000000004,32.829998
-29.161667,23.696389,31-08-2011,226.6,33.1,36.809998
-34.329722,18.990278,31-08-2011,170.40001,8.200000000000001,26.39
-25.447222,30.711667,31-08-2011,160.3,94.9,30.14
-29.161667,23.696389,01-09-2011,226.6,33.1,36.809998
-27.902778,24.615556,02-09-2011,221.90001,46.300000000000004,36.03
-25.99136,27.84208,05-09-2011,173.1,73.3,30.16
-26.861111,28.884722,05-09-2011,164.90001,69.8,28.96
-26.45,28.085833,05-09-2011,170.6,65.2,29.74
-29.160278,26.573333,05-09-2011,200.0,55.6,33.16
-28.768056,20.720556,05-09-2011,262.5,12.3,37.969997
-25.73411,27.21422,06-09-2011,176.7,61.900000000000006,31.17
-29.380556,30.2775,06-09-2011,144.1,87.4,27.92
-27.398611,26.614722,06-09-2011,195.8,46.800000000000004,32.61
-27.671111,27.236944,06-09-2011,188.3,52.400000000000006,31.789999
-28.69485,28.23487,06-09-2011,165.0,72.60000000000001,28.76
-29.615556,27.065278,06-09-2011,188.5,64.4,31.75
-28.883333,27.89,06-09-2011,170.6,73.7,29.869999
-31.104278,29.399722,06-09-2011,148.3,50.6,28.789999
-31.396,29.2651,06-09-2011,149.90001,49.2,29.22
-31.554722,29.245556,06-09-2011,142.40001,50.5,27.9
-34.039722,22.133333,06-09-2011,164.8,18.1,27.91
-25.81048333,27.90955222,07-09-2011,176.0,72.10000000000001,31.07
-29.641944,30.6875,07-09-2011,148.0,123.5,30.06
-31.860278,18.6875,07-09-2011,231.8,1.6,33.5
-27.602222,29.942778,07-09-2011,167.3,90.5,29.97
-27.02314,28.59389,07-09-2011,168.3,66.10000000000001,29.64
-27.4275,28.525833,07-09-2011,167.7,65.7,29.519999
-27.3,28.586944,07-09-2011,168.1,66.3,29.55
-27.044444,27.005,07-09-2011,184.5,50.7,31.51
-29.033333,23.983333,07-09-2011,221.90001,37.6,36.34
-30.160091,27.40124,07-09-2011,181.7,61.5,31.189999
-30.336111,27.359444,07-09-2011,182.7,58.5,31.13
-30.568333,29.422778,07-09-2011,146.90001,58.800000000000004,27.689999
-30.86013889,29.07125,07-09-2011,153.2,52.5,29.109999
-30.77586667,29.03221667,07-09-2011,154.1,55.0,29.039999
-34.02861,22.22222,07-09-2011,162.2,18.8,27.289999
-30.830556,26.921389,08-09-2011,190.3,44.1,31.8
-30.398056,30.601944,08-09-2011,148.3,58.2,29.439999
-30.27402,30.69602,08-09-2011,148.0,59.7,29.38
-29.033333,23.983333,08-09-2011,221.90001,37.6,36.34
-30.679722,26.7125,08-09-2011,195.0,43.7,32.96
-31.031389,28.883333,08-09-2011,150.7,52.5,28.65
-34.031944,22.053333,08-09-2011,166.40001,17.400000000000002,28.119999
-29.658056,25.973333,09-09-2011,201.6,45.6,33.12
-31.000833,26.353056,09-09-2011,196.2,38.900000000000006,31.48
-28.760833,17.730278,10-09-2011,249.8,0.4,37.14
-26.970278,27.211111,12-09-2011,181.3,53.1,31.05
-27.01011111,26.69808333,13-09-2011,189.3,46.800000000000004,32.01
-24.679167,30.8025,13-09-2011,151.40001,121.60000000000001,27.76
-24.183889,30.823889,13-09-2011,170.0,71.7,33.38
-25.127778,27.628889,13-09-2011,187.5,56.5,33.51
-25.20639,27.558,13-09-2011,185.90001,55.7,33.239998
-24.69514,27.40906,13-09-2011,187.7,54.800000000000004,33.57
-24.925278,29.324444,13-09-2011,177.1,57.5,33.04
-29.161667,30.629722,13-09-2011,144.3,118.5,28.01
-26.648056,27.089444,13-09-2011,179.7,51.400000000000006,30.83
-26.880278,26.965,13-09-2011,182.1,50.0,31.41
-27.802778,28.768333,13-09-2011,162.6,68.2,28.949999
-26.98472222,26.63227778,13-09-2011,188.5,47.300000000000004,32.17
-29.033333,23.983333,13-09-2011,221.90001,37.6,36.34
-30.679722,26.7125,13-09-2011,195.0,43.7,32.96
-31.396,29.2651,13-09-2011,149.90001,49.2,29.22
-33.38056,19.30167,13-09-2011,206.7,5.300000000000001,30.51
-33.31388889,19.07472222,13-09-2011,216.90001,4.1000000000000005,32.809998
-27.495556,26.074722,13-09-2011,200.7,43.800000000000004,32.829998
-24.058889,31.237222,14-09-2011,171.8,68.9,33.489998
-28.75,30.442778,14-09-2011,166.6,78.5,32.469997
-29.380556,30.2775,14-09-2011,144.1,87.4,27.92
-26.73806,27.59194,14-09-2011,174.5,59.300000000000004,30.199999
-27.4275,28.525833,14-09-2011,167.7,65.7,29.519999
-27.3,28.586944,14-09-2011,168.1,66.3,29.55
-29.042222,24.6,14-09-2011,219.5,42.900000000000006,35.829998
-29.028629,24.638389,14-09-2011,218.40001,44.0,35.73
-30.160091,27.40124,14-09-2011,181.7,61.5,31.189999
-34.250556,20.9925,14-09-2011,186.8,11.100000000000001,30.519999
-33.7075,18.97444444,14-09-2011,212.8,5.2,32.05
-29.161667,23.696389,15-09-2011,226.6,33.1,36.809998
-30.398056,30.601944,15-09-2011,148.3,58.2,29.439999
-27.169444,29.233889,15-09-2011,162.0,70.5,28.599998
-27.00222,28.76528,15-09-2011,166.1,67.3,29.289999
-27.902778,24.615556,16-09-2011,221.90001,46.300000000000004,36.03
-28.460833,21.248889,16-09-2011,249.2,18.5,37.95
-30.27402,30.69602,19-09-2011,148.0,59.7,29.38
-26.861111,28.884722,19-09-2011,164.90001,69.8,28.96
-26.970278,27.211111,19-09-2011,181.3,53.1,31.05
-27.01011111,26.69808333,20-09-2011,189.3,46.800000000000004,32.01
-24.058889,31.237222,20-09-2011,171.8,68.9,33.489998
-27.937778,31.209444,20-09-2011,161.7,80.9,30.64
-29.380556,30.2775,20-09-2011,144.1,87.4,27.92
-27.00222,28.76528,20-09-2011,166.1,67.3,29.289999
-26.648056,27.089444,20-09-2011,179.7,51.400000000000006,30.83
-26.880278,26.965,20-09-2011,182.1,50.0,31.41
-26.98472222,26.63227778,20-09-2011,188.5,47.300000000000004,32.17
-33.501667,21.624167,20-09-2011,193.40001,12.4,30.84
-28.058889,30.373611,20-09-2011,160.6,91.10000000000001,29.38
-25.57877778,29.12747222,20-09-2011,172.40001,76.3,31.23
-29.161667,23.696389,21-09-2011,226.6,33.1,36.809998
-25.81048333,27.90955222,21-09-2011,176.0,72.10000000000001,31.07
-34.065833,20.404167,21-09-2011,194.90001,7.800000000000001,32.43
-27.5275,30.858056,21-09-2011,157.2,98.5,29.06
-28.404444,30.013056,21-09-2011,165.40001,90.7,30.97
-28.141944,26.417778,21-09-2011,196.40001,51.1,32.64
-29.033333,23.983333,21-09-2011,221.90001,37.6,36.34
-33.818056,19.694722,21-09-2011,212.1,6.300000000000001,32.1
-34.075556,20.145556,21-09-2011,197.40001,7.9,31.73
-29.161667,23.696389,22-09-2011,226.6,33.1,36.809998
-27.38972222,26.46388889,22-09-2011,197.5,45.900000000000006,32.719997
-27.398611,26.614722,22-09-2011,195.8,46.800000000000004,32.61
-33.897778,20.012778,22-09-2011,199.8,6.800000000000001,32.329998
-29.641944,30.6875,23-09-2011,148.0,123.5,30.06
-28.760833,17.730278,24-09-2011,249.8,0.4,37.14
-29.641944,30.6875,24-09-2011,148.0,123.5,30.06
-25.513889,31.224444,26-09-2011,158.8,98.80000000000001,30.57
-29.7775,29.470833,26-09-2011,144.7,94.80000000000001,26.75
-29.987778,29.851667,26-09-2011,144.90001,66.8,28.16
-29.744167,29.905833,26-09-2011,150.0,68.9,29.099998
-27.169444,29.233889,26-09-2011,162.0,70.5,28.599998
-26.73806,27.59194,26-09-2011,174.5,59.300000000000004,30.199999
-26.45,28.085833,26-09-2011,170.6,65.2,29.74
-31.396,29.2651,26-09-2011,149.90001,49.2,29.22
-31.554722,29.245556,26-09-2011,142.40001,50.5,27.9
-24.282222,28.090278,27-09-2011,170.3,75.10000000000001,31.59
-25.127778,27.628889,27-09-2011,187.5,56.5,33.51
-25.20639,27.558,27-09-2011,185.90001,55.7,33.239998
-23.281,30.54305556,27-09-2011,166.7,85.0,32.739998
-28.747778,31.745833,27-09-2011,160.90001,124.2,31.82
-30.733889,29.828333,27-09-2011,142.2,55.300000000000004,28.449999
-27.273889,28.49,27-09-2011,168.40001,65.5,29.609999
-27.3,28.586944,27-09-2011,168.1,66.3,29.55
-30.568333,29.422778,27-09-2011,146.90001,58.800000000000004,27.689999
-31.104278,29.399722,27-09-2011,148.3,50.6,28.789999
-34.092222,21.295278,27-09-2011,181.40001,12.600000000000001,30.72
-34.405833,19.600556,27-09-2011,174.1,8.9,27.539999
-29.161667,23.696389,28-09-2011,226.6,33.1,36.809998
-22.935,28.004167,28-09-2011,178.0,38.300000000000004,34.07
-23.763056,27.908611,28-09-2011,174.6,57.0,32.969997
-24.768889,31.39,28-09-2011,163.2,87.60000000000001,32.739998
-28.801278,31.955389,28-09-2011,161.2,111.0,31.48
-30.27402,30.69602,28-09-2011,148.0,59.7,29.38
-27.802778,28.768333,28-09-2011,162.6,68.2,28.949999
-27.398611,26.614722,28-09-2011,195.8,46.800000000000004,32.61
-31.031389,28.883333,28-09-2011,150.7,52.5,28.65
-30.86013889,29.07125,28-09-2011,153.2,52.5,29.109999
-30.77586667,29.03221667,28-09-2011,154.1,55.0,29.039999
-27.495556,26.074722,28-09-2011,200.7,43.800000000000004,32.829998
-24.99328,30.81444,29-09-2011,140.5,116.7,26.019999
-30.13573889,30.67422222,29-09-2011,148.7,72.9,29.699999
-27.573056,24.746389,30-09-2011,215.5,46.1,35.42
-27.902778,24.615556,30-09-2011,221.90001,46.300000000000004,36.03
-29.803611,30.516111,30-09-2011,143.8,96.9,28.98
-26.861111,28.884722,03-10-2011,164.90001,69.8,28.96
-29.160278,26.573333,03-10-2011,200.0,55.6,33.16
-26.03611,30.99778,04-10-2011,165.5,125.2,30.22
-27.398611,26.614722,04-10-2011,195.8,46.800000000000004,32.61
-27.671111,27.236944,04-10-2011,188.3,52.400000000000006,31.789999
-30.160091,27.40124,04-10-2011,181.7,61.5,31.189999
-30.336111,27.359444,04-10-2011,182.7,58.5,31.13
-28.69485,28.23487,04-10-2011,165.0,72.60000000000001,28.76
-28.883333,27.89,04-10-2011,170.6,73.7,29.869999
-31.5653,18.3306,04-10-2011,222.7,0.7000000000000001,31.98
-25.45963889,28.26430556,04-10-2011,177.0,70.0,31.91
-28.338333,31.373611,04-10-2011,157.5,101.30000000000001,30.929998
-28.068333,31.55,04-10-2011,166.40001,97.2,32.79
-27.4,26.624722,04-10-2011,195.8,46.800000000000004,32.61
-29.161667,23.696389,05-10-2011,226.6,33.1,36.809998
-25.81048333,27.90955222,05-10-2011,176.0,72.10000000000001,31.07
-29.641944,30.6875,05-10-2011,148.0,123.5,30.06
-31.860278,18.6875,05-10-2011,231.8,1.6,33.5
-27.00222,28.76528,05-10-2011,166.1,67.3,29.289999
-27.02314,28.59389,05-10-2011,168.3,66.10000000000001,29.64
-27.273889,28.49,05-10-2011,168.40001,65.5,29.609999
-27.4275,28.525833,05-10-2011,167.7,65.7,29.519999
-27.3,28.586944,05-10-2011,168.1,66.3,29.55
-30.830556,26.921389,06-10-2011,190.3,44.1,31.8
-30.679722,26.7125,06-10-2011,195.0,43.7,32.96
-30.160091,27.40124,06-10-2011,181.7,61.5,31.189999
-30.336111,27.359444,06-10-2011,182.7,58.5,31.13
-31.000833,26.353056,07-10-2011,196.2,38.900000000000006,31.48
-28.460833,21.248889,07-10-2011,249.2,18.5,37.95
-28.760833,17.730278,08-10-2011,249.8,0.4,37.14
-27.602222,29.942778,08-10-2011,167.3,90.5,29.97
-27.169444,29.233889,10-10-2011,162.0,70.5,28.599998
-27.01011111,26.69808333,11-10-2011,189.3,46.800000000000004,32.01
-24.183889,30.823889,11-10-2011,170.0,71.7,33.38
-25.127778,27.628889,11-10-2011,187.5,56.5,33.51
-25.20639,27.558,11-10-2011,185.90001,55.7,33.239998
-24.69514,27.40906,11-10-2011,187.7,54.800000000000004,33.57
-25.73411,27.21422,11-10-2011,176.7,61.900000000000006,31.17
-27.363611,31.783333,11-10-2011,162.8,72.10000000000001,32.7
-26.648056,27.089444,11-10-2011,179.7,51.400000000000006,30.83
-26.970278,27.211111,11-10-2011,181.3,53.1,31.05
-26.880278,26.965,11-10-2011,182.1,50.0,31.41
-26.98472222,26.63227778,11-10-2011,188.5,47.300000000000004,32.17
-27.573056,24.746389,11-10-2011,215.5,46.1,35.42
-29.028629,24.638389,11-10-2011,218.40001,44.0,35.73
-30.160091,27.40124,11-10-2011,181.7,61.5,31.189999
-33.31388889,19.07472222,11-10-2011,216.90001,4.1000000000000005,32.809998
-29.161667,23.696389,12-10-2011,226.6,33.1,36.809998
-24.058889,31.237222,12-10-2011,171.8,68.9,33.489998
-26.905,32.324722,12-10-2011,169.7,80.10000000000001,34.51
-26.73806,27.59194,12-10-2011,174.5,59.300000000000004,30.199999
-31.000833,26.353056,12-10-2011,196.2,38.900000000000006,31.48
-30.679722,26.7125,12-10-2011,195.0,43.7,32.96
-33.7075,18.97444444,12-10-2011,212.8,5.2,32.05
-24.679167,30.8025,13-10-2011,151.40001,121.60000000000001,27.76
-34.250556,20.9925,13-10-2011,186.8,11.100000000000001,30.519999
-34.031944,22.053333,13-10-2011,166.40001,17.400000000000002,28.119999
-34.039722,22.133333,13-10-2011,164.8,18.1,27.91
-34.02861,22.22222,14-10-2011,162.2,18.8,27.289999
-27.01011111,26.69808333,17-10-2011,189.3,46.800000000000004,32.01
-25.99136,27.84208,17-10-2011,173.1,73.3,30.16
-26.861111,28.884722,17-10-2011,164.90001,69.8,28.96
-26.73806,27.59194,17-10-2011,174.5,59.300000000000004,30.199999
-26.98472222,26.63227778,17-10-2011,188.5,47.300000000000004,32.17
-29.042222,24.6,17-10-2011,219.5,42.900000000000006,35.829998
-29.380556,30.2775,18-10-2011,144.1,87.4,27.92
-27.00222,28.76528,18-10-2011,166.1,67.3,29.289999
-26.648056,27.089444,18-10-2011,179.7,51.400000000000006,30.83
-26.970278,27.211111,18-10-2011,181.3,53.1,31.05
-26.880278,26.965,18-10-2011,182.1,50.0,31.41
-28.141944,26.417778,18-10-2011,196.40001,51.1,32.64
-31.436944,20.474722,18-10-2011,228.40001,5.6000000000000005,34.1
-33.501667,21.624167,18-10-2011,193.40001,12.4,30.84
-33.818056,19.694722,18-10-2011,212.1,6.300000000000001,32.1
-25.45963889,28.26430556,18-10-2011,177.0,70.0,31.91
-28.7115,24.07288889,19-10-2011,223.2,42.400000000000006,36.649998
-25.81048333,27.90955222,19-10-2011,176.0,72.10000000000001,31.07
-26.006389,29.253889,19-10-2011,159.90001,83.80000000000001,28.64
-29.1825,23.575556,19-10-2011,226.2,31.5,36.76
-34.075556,20.145556,19-10-2011,197.40001,7.9,31.73
-27.5275,30.858056,20-10-2011,157.2,98.5,29.06
-28.404444,30.013056,20-10-2011,165.40001,90.7,30.97
-27.38972222,26.46388889,20-10-2011,197.5,45.900000000000006,32.719997
-29.028629,24.638389,20-10-2011,218.40001,44.0,35.73
-28.058889,30.373611,20-10-2011,160.6,91.10000000000001,29.38
-25.57877778,29.12747222,20-10-2011,172.40001,76.3,31.23
-27.937778,31.209444,21-10-2011,161.7,80.9,30.64
-28.760833,17.730278,22-10-2011,249.8,0.4,37.14
-24.058889,31.237222,24-10-2011,171.8,68.9,33.489998
-29.7775,29.470833,24-10-2011,144.7,94.80000000000001,26.75
-29.987778,29.851667,24-10-2011,144.90001,66.8,28.16
-29.744167,29.905833,24-10-2011,150.0,68.9,29.099998
-27.169444,29.233889,24-10-2011,162.0,70.5,28.599998
-26.73806,27.59194,24-10-2011,174.5,59.300000000000004,30.199999
-26.45,28.085833,24-10-2011,170.6,65.2,29.74
-34.065833,20.404167,25-10-2011,194.90001,7.800000000000001,32.43
-25.127778,27.628889,25-10-2011,187.5,56.5,33.51
-25.20639,27.558,25-10-2011,185.90001,55.7,33.239998
-24.69514,27.40906,25-10-2011,187.7,54.800000000000004,33.57
-25.73411,27.21422,25-10-2011,176.7,61.900000000000006,31.17
-22.769722,30.886944,25-10-2011,174.6,70.0,33.32
-28.747778,31.745833,25-10-2011,160.90001,124.2,31.82
-30.733889,29.828333,25-10-2011,142.2,55.300000000000004,28.449999
-31.104278,29.399722,25-10-2011,148.3,50.6,28.789999
-30.77586667,29.03221667,25-10-2011,154.1,55.0,29.039999
-31.396,29.2651,25-10-2011,149.90001,49.2,29.22
-31.554722,29.245556,25-10-2011,142.40001,50.5,27.9
-34.092222,21.295278,25-10-2011,181.40001,12.600000000000001,30.72
-27.495556,26.074722,25-10-2011,200.7,43.800000000000004,32.829998
-30.398056,30.601944,26-10-2011,148.3,58.2,29.439999
-30.27402,30.69602,26-10-2011,148.0,59.7,29.38
-30.568333,29.422778,26-10-2011,146.90001,58.800000000000004,27.689999
-30.86013889,29.07125,26-10-2011,153.2,52.5,29.109999
-30.570833,29.150556,26-10-2011,148.90001,62.300000000000004,27.46
-33.897778,20.012778,26-10-2011,199.8,6.800000000000001,32.329998
-25.447222,30.711667,26-10-2011,160.3,94.9,30.14
-30.13573889,30.67422222,27-10-2011,148.7,72.9,29.699999
-31.031389,28.883333,27-10-2011,150.7,52.5,28.65
-34.405833,19.600556,27-10-2011,174.1,8.9,27.539999
-27.398611,26.614722,28-10-2011,195.8,46.800000000000004,32.61
-27.902778,24.615556,28-10-2011,221.90001,46.300000000000004,36.03
-29.803611,30.516111,28-10-2011,143.8,96.9,28.98
-25.99136,27.84208,31-10-2011,173.1,73.3,30.16
-26.861111,28.884722,31-10-2011,164.90001,69.8,28.96
-26.45,28.085833,31-10-2011,170.6,65.2,29.74
-32.502778,19.535833,31-10-2011,229.8,2.2,34.87
-31.860278,18.6875,01-11-2011,231.8,1.6,33.5
-28.735556,29.820556,01-11-2011,164.1,91.7,31.519999
-27.00222,28.76528,01-11-2011,166.1,67.3,29.289999
-26.880278,26.965,01-11-2011,182.1,50.0,31.41
-27.38972222,26.46388889,01-11-2011,197.5,45.900000000000006,32.719997
-29.160278,26.573333,01-11-2011,200.0,55.6,33.16
-30.679722,26.7125,01-11-2011,195.0,43.7,32.96
-25.45963889,28.26430556,01-11-2011,177.0,70.0,31.91
-28.338333,31.373611,01-11-2011,157.5,101.30000000000001,30.929998
-25.81048333,27.90955222,02-11-2011,176.0,72.10000000000001,31.07
-29.641944,30.6875,02-11-2011,148.0,123.5,30.06
-28.69485,28.23487,02-11-2011,165.0,72.60000000000001,28.76
-29.615556,27.065278,02-11-2011,188.5,64.4,31.75
-29.161667,23.696389,03-11-2011,226.6,33.1,36.809998
-28.44555556,32.325,03-11-2011,159.2,133.70000000000002,31.06
-27.602222,29.942778,03-11-2011,167.3,90.5,29.97
-30.160091,27.40124,03-11-2011,181.7,61.5,31.189999
-30.336111,27.359444,03-11-2011,182.7,58.5,31.13
-28.883333,27.89,03-11-2011,170.6,73.7,29.869999
-29.1825,23.575556,03-11-2011,226.2,31.5,36.76
-32.595833,19.009444,03-11-2011,231.3,2.3000000000000003,34.62
-28.7115,24.07288889,04-11-2011,223.2,42.400000000000006,36.649998
-30.830556,26.921389,04-11-2011,190.3,44.1,31.8
-27.573056,24.746389,04-11-2011,215.5,46.1,35.42
-30.679722,26.7125,04-11-2011,195.0,43.7,32.96
-28.69485,28.23487,04-11-2011,165.0,72.60000000000001,28.76
-28.760833,17.730278,05-11-2011,249.8,0.4,37.14
-29.658056,25.973333,05-11-2011,201.6,45.6,33.12
-31.000833,26.353056,05-11-2011,196.2,38.900000000000006,31.48
-27.169444,29.233889,07-11-2011,162.0,70.5,28.599998
-26.73806,27.59194,07-11-2011,174.5,59.300000000000004,30.199999
-27.01011111,26.69808333,08-11-2011,189.3,46.800000000000004,32.01
-24.679167,30.8025,08-11-2011,151.40001,121.60000000000001,27.76
-24.183889,30.823889,08-11-2011,170.0,71.7,33.38
-25.127778,27.628889,08-11-2011,187.5,56.5,33.51
-25.20639,27.558,08-11-2011,185.90001,55.7,33.239998
-24.69514,27.40906,08-11-2011,187.7,54.800000000000004,33.57
-27.363611,31.783333,08-11-2011,162.8,72.10000000000001,32.7
-29.380556,30.2775,08-11-2011,144.1,87.4,27.92
-26.98472222,26.63227778,08-11-2011,188.5,47.300000000000004,32.17
-27.398611,26.614722,08-11-2011,195.8,46.800000000000004,32.61
-27.671111,27.236944,08-11-2011,188.3,52.400000000000006,31.789999
-27.495556,26.074722,08-11-2011,200.7,43.800000000000004,32.829998
-24.058889,31.237222,09-11-2011,171.8,68.9,33.489998
-27.02314,28.59389,09-11-2011,168.3,66.10000000000001,29.64
-26.648056,27.089444,09-11-2011,179.7,51.400000000000006,30.83
-27.273889,28.49,09-11-2011,168.40001,65.5,29.609999
-27.4275,28.525833,09-11-2011,167.7,65.7,29.519999
-27.3,28.586944,09-11-2011,168.1,66.3,29.55
-29.161667,30.629722,10-11-2011,144.3,118.5,28.01
-33.38056,19.30167,10-11-2011,206.7,5.300000000000001,30.51
-33.31388889,19.07472222,10-11-2011,216.90001,4.1000000000000005,32.809998
-33.13083,18.86278,10-11-2011,210.1,3.4000000000000004,33.37
-33.7075,18.97444444,10-11-2011,212.8,5.2,32.05
-28.75,30.442778,11-11-2011,166.6,78.5,32.469997
-30.733889,29.828333,11-11-2011,142.2,55.300000000000004,28.449999
-27.5275,30.858056,12-11-2011,157.2,98.5,29.06
-24.670833,28.560833,14-11-2011,173.6,63.5,31.769999
-25.99136,27.84208,14-11-2011,173.1,73.3,30.16
-24.925278,29.324444,14-11-2011,177.1,57.5,33.04
-24.282222,28.090278,15-11-2011,170.3,75.10000000000001,31.59
-29.380556,30.2775,15-11-2011,144.1,87.4,27.92
-27.00222,28.76528,15-11-2011,166.1,67.3,29.289999
-26.648056,27.089444,15-11-2011,179.7,51.400000000000006,30.83
-34.031944,22.053333,15-11-2011,166.40001,17.400000000000002,28.119999
-34.039722,22.133333,15-11-2011,164.8,18.1,27.91
-25.45963889,28.26430556,15-11-2011,177.0,70.0,31.91
-29.161667,23.696389,16-11-2011,226.6,33.1,36.809998
-25.81048333,27.90955222,16-11-2011,176.0,72.10000000000001,31.07
-22.935,28.004167,16-11-2011,178.0,38.300000000000004,34.07
-34.065833,20.404167,16-11-2011,194.90001,7.800000000000001,32.43
-27.937778,31.209444,16-11-2011,161.7,80.9,30.64
-28.404444,30.013056,16-11-2011,165.40001,90.7,30.97
-28.141944,26.417778,16-11-2011,196.40001,51.1,32.64
-30.160091,27.40124,16-11-2011,181.7,61.5,31.189999
-34.02861,22.22222,16-11-2011,162.2,18.8,27.289999
-33.818056,19.694722,16-11-2011,212.1,6.300000000000001,32.1
-34.075556,20.145556,16-11-2011,197.40001,7.9,31.73
-34.005833,22.351111,16-11-2011,158.6,21.6,26.74
-28.058889,30.373611,16-11-2011,160.6,91.10000000000001,29.38
-22.91028,29.61111,17-11-2011,163.1,59.1,32.18
-27.38972222,26.46388889,17-11-2011,197.5,45.900000000000006,32.719997
-27.398611,26.614722,17-11-2011,195.8,46.800000000000004,32.61
-27.671111,27.236944,17-11-2011,188.3,52.400000000000006,31.789999
-33.897778,20.012778,17-11-2011,199.8,6.800000000000001,32.329998
-27.902778,24.615556,18-11-2011,221.90001,46.300000000000004,36.03
-28.760833,17.730278,19-11-2011,249.8,0.4,37.14
-29.161667,23.696389,21-11-2011,226.6,33.1,36.809998
-27.01011111,26.69808333,21-11-2011,189.3,46.800000000000004,32.01
-29.7775,29.470833,21-11-2011,144.7,94.80000000000001,26.75
-29.744167,29.905833,21-11-2011,150.0,68.9,29.099998
-26.861111,28.884722,21-11-2011,164.90001,69.8,28.96
-26.45,28.085833,21-11-2011,170.6,65.2,29.74
-26.98472222,26.63227778,21-11-2011,188.5,47.300000000000004,32.17
-31.554722,29.245556,21-11-2011,142.40001,50.5,27.9
-25.127778,27.628889,22-11-2011,187.5,56.5,33.51
-25.20639,27.558,22-11-2011,185.90001,55.7,33.239998
-24.69514,27.40906,22-11-2011,187.7,54.800000000000004,33.57
-29.987778,29.851667,22-11-2011,144.90001,66.8,28.16
-27.169444,29.233889,22-11-2011,162.0,70.5,28.599998
-26.970278,27.211111,22-11-2011,181.3,53.1,31.05
-26.880278,26.965,22-11-2011,182.1,50.0,31.41
-31.394444,20.947222,22-11-2011,234.0,6.9,34.52
-29.651389,22.746389,22-11-2011,230.6,21.6,36.86
-27.495556,26.074722,22-11-2011,200.7,43.800000000000004,32.829998
-23.658056,31.05,23-11-2011,173.0,58.300000000000004,33.76
-28.747778,31.745833,23-11-2011,160.90001,124.2,31.82
-28.801278,31.955389,23-11-2011,161.2,111.0,31.48
-30.398056,30.601944,23-11-2011,148.3,58.2,29.439999
-30.27402,30.69602,23-11-2011,148.0,59.7,29.38
-28.69485,28.23487,23-11-2011,165.0,72.60000000000001,28.76
-30.568333,29.422778,23-11-2011,146.90001,58.800000000000004,27.689999
-30.13573889,30.67422222,24-11-2011,148.7,72.9,29.699999
-27.573056,24.746389,24-11-2011,215.5,46.1,35.42
-31.031389,28.883333,24-11-2011,150.7,52.5,28.65
-30.86013889,29.07125,24-11-2011,153.2,52.5,29.109999
-30.77586667,29.03221667,24-11-2011,154.1,55.0,29.039999
-27.902778,24.615556,25-11-2011,221.90001,46.300000000000004,36.03
-29.803611,30.516111,25-11-2011,143.8,96.9,28.98
-25.99136,27.84208,28-11-2011,173.1,73.3,30.16
-30.398056,30.601944,28-11-2011,148.3,58.2,29.439999
-30.27402,30.69602,28-11-2011,148.0,59.7,29.38
-27.169444,29.233889,28-11-2011,162.0,70.5,28.599998
-26.861111,28.884722,28-11-2011,164.90001,69.8,28.96
-26.73806,27.59194,28-11-2011,174.5,59.300000000000004,30.199999
-29.160278,26.573333,28-11-2011,200.0,55.6,33.16
-28.735556,29.820556,29-11-2011,164.1,91.7,31.519999
-30.679722,26.7125,29-11-2011,195.0,43.7,32.96
-28.69485,28.23487,29-11-2011,165.0,72.60000000000001,28.76
-29.615556,27.065278,29-11-2011,188.5,64.4,31.75
-28.883333,27.89,29-11-2011,170.6,73.7,29.869999
-25.45963889,28.26430556,29-11-2011,177.0,70.0,31.91
-25.81048333,27.90955222,30-11-2011,176.0,72.10000000000001,31.07
-29.641944,30.6875,30-11-2011,148.0,123.5,30.06
-27.602222,29.942778,30-11-2011,167.3,90.5,29.97
-27.02314,28.59389,30-11-2011,168.3,66.10000000000001,29.64
-27.273889,28.49,30-11-2011,168.40001,65.5,29.609999
-27.4275,28.525833,30-11-2011,167.7,65.7,29.519999
-27.3,28.586944,30-11-2011,168.1,66.3,29.55
-30.160091,27.40124,30-11-2011,181.7,61.5,31.189999
-30.336111,27.359444,30-11-2011,182.7,58.5,31.13
-25.447222,30.711667,30-11-2011,160.3,94.9,30.14
-30.830556,26.921389,01-12-2011,190.3,44.1,31.8
-27.398611,26.614722,01-12-2011,195.8,46.800000000000004,32.61
-31.000833,26.353056,01-12-2011,196.2,38.900000000000006,31.48
-29.658056,25.973333,02-12-2011,201.6,45.6,33.12
-28.760833,17.730278,03-12-2011,249.8,0.4,37.14
-28.96362,19.15486,03-12-2011,263.0,2.4000000000000004,38.61
-24.679167,30.8025,06-12-2011,151.40001,121.60000000000001,27.76
-24.183889,30.823889,06-12-2011,170.0,71.7,33.38
-25.127778,27.628889,06-12-2011,187.5,56.5,33.51
-25.20639,27.558,06-12-2011,185.90001,55.7,33.239998
-24.69514,27.40906,06-12-2011,187.7,54.800000000000004,33.57
-24.39619444,27.08983333,09-04-2014,175.2,163.4,32.489998
-29.380556,30.2775,06-12-2011,144.1,87.4,27.92
-27.671111,27.236944,06-12-2011,188.3,52.400000000000006,31.789999
-29.658056,25.973333,06-12-2011,201.6,45.6,33.12
-33.501667,21.624167,06-12-2011,193.40001,12.4,30.84
-29.161667,23.696389,07-12-2011,226.6,33.1,36.809998
-27.01011111,26.69808333,07-12-2011,189.3,46.800000000000004,32.01
-29.641944,30.6875,07-12-2011,148.0,123.5,30.06
-24.282222,28.090278,07-12-2011,170.3,75.10000000000001,31.59
-24.058889,31.237222,07-12-2011,171.8,68.9,33.489998
-26.45,28.085833,07-12-2011,170.6,65.2,29.74
-26.98472222,26.63227778,07-12-2011,188.5,47.300000000000004,32.17
-27.398611,26.614722,07-12-2011,195.8,46.800000000000004,32.61
-28.69485,28.23487,07-12-2011,165.0,72.60000000000001,28.76
-29.1825,23.575556,07-12-2011,226.2,31.5,36.76
-27.4,26.624722,07-12-2011,195.8,46.800000000000004,32.61
-27.00222,28.76528,08-12-2011,166.1,67.3,29.289999
-26.648056,27.089444,08-12-2011,179.7,51.400000000000006,30.83
-26.970278,27.211111,08-12-2011,181.3,53.1,31.05
-26.880278,26.965,08-12-2011,182.1,50.0,31.41
-27.902778,24.615556,09-12-2011,221.90001,46.300000000000004,36.03
-28.768056,20.720556,09-12-2011,262.5,12.3,37.969997
-27.01011111,26.69808333,12-12-2011,189.3,46.800000000000004,32.01
-25.99136,27.84208,12-12-2011,173.1,73.3,30.16
-24.058889,31.237222,12-12-2011,171.8,68.9,33.489998
-29.380556,30.2775,12-12-2011,144.1,87.4,27.92
-26.861111,28.884722,12-12-2011,164.90001,69.8,28.96
-26.73806,27.59194,12-12-2011,174.5,59.300000000000004,30.199999
-26.45,28.085833,12-12-2011,170.6,65.2,29.74
-26.98472222,26.63227778,12-12-2011,188.5,47.300000000000004,32.17
-24.925278,29.324444,13-12-2011,177.1,57.5,33.04
-27.169444,29.233889,13-12-2011,162.0,70.5,28.599998
-26.648056,27.089444,13-12-2011,179.7,51.400000000000006,30.83
-26.970278,27.211111,13-12-2011,181.3,53.1,31.05
-26.880278,26.965,13-12-2011,182.1,50.0,31.41
-29.615556,27.065278,13-12-2011,188.5,64.4,31.75
-31.396,29.2651,13-12-2011,149.90001,49.2,29.22
-33.38056,19.30167,13-12-2011,206.7,5.300000000000001,30.51
-33.31388889,19.07472222,13-12-2011,216.90001,4.1000000000000005,32.809998
-29.161667,23.696389,14-12-2011,226.6,33.1,36.809998
-25.81048333,27.90955222,14-12-2011,176.0,72.10000000000001,31.07
-27.937778,31.209444,14-12-2011,161.7,80.9,30.64
-28.141944,26.417778,14-12-2011,196.40001,51.1,32.64
-28.1175,26.719444,14-12-2011,193.3,52.400000000000006,32.5
-30.568333,29.422778,14-12-2011,146.90001,58.800000000000004,27.689999
-31.104278,29.399722,14-12-2011,148.3,50.6,28.789999
-28.058889,30.373611,14-12-2011,160.6,91.10000000000001,29.38
-25.447222,30.711667,14-12-2011,160.3,94.9,30.14
-27.5275,30.858056,15-12-2011,157.2,98.5,29.06
-27.398611,26.614722,15-12-2011,195.8,46.800000000000004,32.61
-27.671111,27.236944,15-12-2011,188.3,52.400000000000006,31.789999
-31.031389,28.883333,15-12-2011,150.7,52.5,28.65
-30.86013889,29.07125,15-12-2011,153.2,52.5,29.109999
-32.502778,19.535833,19-12-2011,229.8,2.2,34.87
-29.161667,23.696389,20-12-2011,226.6,33.1,36.809998
-29.160278,26.573333,20-12-2011,200.0,55.6,33.16
-32.595833,19.009444,20-12-2011,231.3,2.3000000000000003,34.62
-33.13083,18.86278,20-12-2011,210.1,3.4000000000000004,33.37
-28.69485,28.23487,21-12-2011,165.0,72.60000000000001,28.76
-28.883333,27.89,21-12-2011,170.6,73.7,29.869999
-29.1825,23.575556,21-12-2011,226.2,31.5,36.76
-33.7075,18.97444444,21-12-2011,212.8,5.2,32.05
-27.573056,24.746389,22-12-2011,215.5,46.1,35.42
-30.160091,27.40124,22-12-2011,181.7,61.5,31.189999
-30.336111,27.359444,22-12-2011,182.7,58.5,31.13
-30.830556,26.921389,23-12-2011,190.3,44.1,31.8
-29.658056,25.973333,23-12-2011,201.6,45.6,33.12
-31.000833,26.353056,23-12-2011,196.2,38.900000000000006,31.48
-25.362222,31.956667,26-12-2011,156.6,87.30000000000001,32.44
-25.14944444,31.94055556,26-12-2011,159.7,84.7,32.6
-28.735556,29.820556,27-12-2011,164.1,91.7,31.519999
-29.641944,30.6875,28-12-2011,148.0,123.5,30.06
-29.758889,30.935278,28-12-2011,146.8,132.4,29.67
-27.602222,29.942778,29-12-2011,167.3,90.5,29.97
-30.398056,30.601944,29-12-2011,148.3,58.2,29.439999
-30.27402,30.69602,29-12-2011,148.0,59.7,29.38
-28.760833,17.730278,03-01-2012,203.3,12.600000000000001,36.41
-25.99136,27.84208,03-01-2012,142.1,64.8,29.05
-26.861111,28.884722,03-01-2012,138.2,57.400000000000006,27.869999
-26.73806,27.59194,03-01-2012,142.5,50.1,28.599998
-26.45,28.085833,03-01-2012,141.2,60.300000000000004,28.289999
-27.671111,27.236944,03-01-2012,145.5,39.800000000000004,29.41
-27.01011111,26.69808333,04-01-2012,116.1,10.200000000000001,25.42
-25.127778,27.628889,04-01-2012,121.3,4.3,28.699999
-25.20639,27.558,04-01-2012,119.5,4.800000000000001,28.519999
-24.69514,27.40906,04-01-2012,128.8,4.0,29.31
-27.169444,29.233889,04-01-2012,101.700005,6.0,23.4
-26.880278,26.965,04-01-2012,110.9,9.700000000000001,25.24
-26.98472222,26.63227778,04-01-2012,115.8,10.3,25.59
-27.398611,26.614722,04-01-2012,118.6,12.100000000000001,25.98
-25.45963889,28.26430556,04-01-2012,117.6,4.6000000000000005,27.9
-27.495556,26.074722,04-01-2012,117.8,14.700000000000001,25.869999
-27.4,26.624722,04-01-2012,118.6,12.100000000000001,25.98
-25.81048333,27.90955222,05-01-2012,88.200005,0.0,24.93
-29.161667,30.629722,05-01-2012,67.700005,1.0,22.369999
-27.00222,28.76528,05-01-2012,80.3,0.2,22.46
-27.02314,28.59389,05-01-2012,81.5,0.2,23.119999
-26.648056,27.089444,05-01-2012,87.1,0.1,23.789999
-26.970278,27.211111,05-01-2012,85.9,0.1,23.81
-27.273889,28.49,05-01-2012,80.4,0.2,22.49
-27.4275,28.525833,05-01-2012,79.200005,0.2,22.189999
-27.3,28.586944,05-01-2012,79.5,0.2,22.41
-28.376944,24.303056,05-01-2012,88.200005,0.9,24.9
-29.744167,29.905833,06-01-2012,61.4,33.9,20.439999
-29.7775,29.470833,09-01-2012,107.5,27.6,22.76
-29.987778,29.851667,09-01-2012,105.9,34.6,23.26
-29.744167,29.905833,09-01-2012,105.5,32.300000000000004,23.74
-26.970278,27.211111,09-01-2012,146.6,25.3,25.189999
-30.733889,29.828333,10-01-2012,107.4,148.70000000000002,23.71
-26.880278,26.965,10-01-2012,180.0,46.900000000000006,28.68
-26.98472222,26.63227778,10-01-2012,185.0,45.6,29.08
-33.501667,21.624167,10-01-2012,127.0,40.800000000000004,22.6
-30.27402,30.69602,11-01-2012,122.1,25.700000000000003,26.109999
-33.818056,19.694722,11-01-2012,177.0,12.0,27.81
-30.13573889,30.67422222,12-01-2012,132.0,189.0,26.949999
-34.075556,20.145556,12-01-2012,183.0,11.100000000000001,30.0
-29.803611,30.516111,13-01-2012,128.90001,240.3,26.26
-24.670833,28.560833,16-01-2012,167.7,130.0,30.91
-26.73806,27.59194,16-01-2012,161.40001,147.0,27.859999
-26.45,28.085833,16-01-2012,155.90001,141.4,27.42
-27.044444,27.005,16-01-2012,170.3,141.70000000000002,28.849998
-31.396,29.2651,16-01-2012,131.90001,118.9,26.46
-31.554722,29.245556,16-01-2012,122.9,121.7,25.25
-25.73411,27.21422,29-03-2011,164.0,114.0,28.75
-27.01011111,26.69808333,17-01-2012,175.6,139.5,28.98
-25.81048333,27.90955222,17-01-2012,163.5,141.8,29.289999
-24.679167,30.8025,17-01-2012,144.5,184.60000000000002,27.609999
-24.183889,30.823889,17-01-2012,154.2,111.0,32.62
-24.282222,28.090278,17-01-2012,168.7,111.2,30.9
-25.99136,27.84208,17-01-2012,158.8,147.70000000000002,28.119999
-25.20639,27.558,17-01-2012,177.0,124.5,31.91
-27.169444,29.233889,17-01-2012,145.40001,142.6,26.349998
-27.00222,28.76528,17-01-2012,150.40001,143.5,26.96
-26.648056,27.089444,17-01-2012,165.40001,144.3,28.46
-26.880278,26.965,17-01-2012,168.40001,142.70000000000002,28.869999
-25.73411,27.21422,12-02-2013,156.2,175.9,27.96
-27.38972222,26.46388889,17-01-2012,184.3,132.4,29.71
-29.042222,24.6,17-01-2012,203.3,91.10000000000001,32.07
-30.679722,26.7125,17-01-2012,170.8,100.9,29.279999
-30.160091,27.40124,17-01-2012,163.2,146.1,27.74
-31.104278,29.399722,17-01-2012,130.3,132.9,26.14
-32.502778,19.535833,17-01-2012,223.40001,17.8,32.84
-29.161667,23.696389,18-01-2012,204.3,74.60000000000001,33.17
-22.935,28.004167,18-01-2012,185.90001,59.1,34.11
-30.830556,26.921389,18-01-2012,167.0,100.9,28.529999
-23.23572222,27.717,18-01-2012,185.8,62.0,34.02
-25.127778,27.628889,18-01-2012,176.6,122.4,32.02
-24.69514,27.40906,18-01-2012,185.0,115.5,32.829998
-27.4275,28.525833,18-01-2012,150.40001,165.0,26.699999
-25.73411,27.21422,11-02-2014,165.7,168.5,29.05
-28.141944,26.417778,18-01-2012,184.3,133.4,29.57
-25.73411,27.21422,13-03-2014,165.7,168.5,29.05
-27.671111,27.236944,18-01-2012,172.1,145.70000000000002,28.949999
-25.73411,27.21422,04-06-2014,165.7,168.5,29.05
-25.73411,27.21422,09-07-2014,172.5,58.5,30.179998
-30.336111,27.359444,18-01-2012,164.1,137.1,27.81
-32.595833,19.009444,18-01-2012,213.8,19.700000000000003,33.0
-25.73411,27.21422,02-09-2014,172.5,58.5,30.179998
-25.45963889,28.26430556,18-01-2012,167.0,126.9,30.599998
-27.356667,27.286389,18-01-2012,171.7,141.4,28.66
-22.548889,28.898056,19-01-2012,183.90001,57.5,33.809998
-22.91028,29.61111,19-01-2012,167.40001,80.4,32.03
-27.398611,26.614722,19-01-2012,182.6,134.0,29.529999
-30.679722,26.7125,19-01-2012,170.8,100.9,29.279999
-27.356667,27.286389,19-01-2012,171.7,141.4,28.66
-23.658056,31.05,20-01-2012,158.7,79.30000000000001,33.5
-30.27402,30.69602,20-01-2012,130.7,173.8,26.59
-27.671111,27.236944,20-01-2012,172.1,145.70000000000002,28.949999
-27.573056,24.746389,20-01-2012,207.0,113.4,32.09
-27.902778,24.615556,20-01-2012,204.3,108.30000000000001,32.39
-28.760833,17.730278,22-01-2012,239.2,4.4,36.239998
-27.044444,27.005,23-01-2012,170.3,141.70000000000002,28.849998
-29.161667,23.696389,24-01-2012,204.3,74.60000000000001,33.17
-27.01011111,26.69808333,24-01-2012,175.6,139.5,28.98
-26.880278,26.965,24-01-2012,168.40001,142.70000000000002,28.869999
-27.273889,28.49,24-01-2012,151.8,156.4,26.849998
-27.4275,28.525833,24-01-2012,150.40001,165.0,26.699999
-25.73411,27.21422,24-06-2015,194.2,47.300000000000004,32.07
-25.73411,27.21422,07-07-2015,194.2,47.300000000000004,32.07
-27.3,28.586944,24-01-2012,150.5,156.9,26.849998
-31.031389,28.883333,24-01-2012,135.2,140.6,26.029999
-30.86013889,29.07125,24-01-2012,135.8,144.20000000000002,26.359999
-33.31388889,19.07472222,24-01-2012,206.90001,18.2,31.349998
-25.45963889,28.26430556,24-01-2012,167.0,126.9,30.599998
-29.161667,23.696389,25-01-2012,204.3,74.60000000000001,33.17
-29.042222,24.6,25-01-2012,203.3,91.10000000000001,32.07
-29.028629,24.638389,25-01-2012,203.0,93.10000000000001,32.01
-30.568333,29.422778,25-01-2012,132.2,158.10000000000002,24.92
-33.38056,19.30167,25-01-2012,193.8,18.5,28.68
-33.13083,18.86278,25-01-2012,209.40001,17.5,31.89
-29.758889,30.935278,26-01-2012,130.0,208.9,26.859999
-29.161667,30.629722,26-01-2012,132.0,218.9,25.73
-34.031944,22.053333,26-01-2012,148.5,13.3,26.3
-34.039722,22.133333,26-01-2012,146.6,13.4,26.119999
-34.02861,22.22222,26-01-2012,143.1,14.200000000000001,25.66
-30.398056,30.601944,27-01-2012,131.0,162.70000000000002,26.66
-30.27402,30.69602,27-01-2012,130.7,173.8,26.59
-25.447222,30.711667,27-01-2012,145.0,154.5,28.89
-29.641944,30.6875,28-01-2012,133.90001,241.4,27.26
-29.380556,30.2775,28-01-2012,128.5,219.8,25.26
-25.127778,27.628889,30-01-2012,176.6,122.4,32.02
-25.20639,27.558,30-01-2012,177.0,124.5,31.91
-24.69514,27.40906,30-01-2012,185.0,115.5,32.829998
-27.169444,29.233889,30-01-2012,145.40001,142.6,26.349998
-26.861111,28.884722,30-01-2012,151.0,134.5,26.9
-26.970278,27.211111,30-01-2012,166.2,144.9,28.49
-26.73806,27.59194,30-01-2012,161.40001,147.0,27.859999
-26.45,28.085833,30-01-2012,155.90001,141.4,27.42
-27.00222,28.76528,31-01-2012,150.40001,143.5,26.96
-27.273889,28.49,31-01-2012,151.8,156.4,26.849998
-26.98472222,26.63227778,31-01-2012,174.1,140.20000000000002,29.09
-29.160278,26.573333,31-01-2012,181.7,134.9,29.13
-33.818056,19.694722,31-01-2012,199.7,11.9,30.429998
-27.3,28.586944,01-02-2012,150.5,156.9,26.849998
-28.69485,28.23487,01-02-2012,148.40001,191.20000000000002,25.47
-29.615556,27.065278,01-02-2012,169.8,154.3,28.09
-28.883333,27.89,01-02-2012,152.8,193.20000000000002,26.17
-34.075556,20.145556,01-02-2012,183.0,11.100000000000001,30.0
-24.925278,29.324444,02-02-2012,168.0,114.9,32.25
-30.336111,27.359444,02-02-2012,164.1,137.1,27.81
-27.573056,24.746389,03-02-2012,207.0,113.4,32.09
-27.902778,24.615556,03-02-2012,204.3,108.30000000000001,32.39
-29.658056,25.973333,03-02-2012,179.1,102.10000000000001,28.939999
-31.000833,26.353056,03-02-2012,167.3,76.0,28.31
-30.679722,26.7125,03-02-2012,170.8,100.9,29.279999
-28.760833,17.730278,05-02-2012,239.2,4.4,36.239998
-25.99136,27.84208,06-02-2012,158.8,147.70000000000002,28.119999
-29.987778,29.851667,06-02-2012,129.90001,219.5,25.56
-26.45,28.085833,06-02-2012,155.90001,141.4,27.42
-27.398611,26.614722,06-02-2012,182.6,134.0,29.529999
-27.671111,27.236944,06-02-2012,172.1,145.70000000000002,28.949999
-29.042222,24.6,06-02-2012,203.3,91.10000000000001,32.07
-27.356667,27.286389,06-02-2012,171.7,141.4,28.66
-27.01011111,26.69808333,07-02-2012,175.6,139.5,28.98
-30.830556,26.921389,07-02-2012,167.0,100.9,28.529999
-30.733889,29.828333,07-02-2012,127.4,161.20000000000002,25.68
-29.380556,30.2775,07-02-2012,128.5,219.8,25.26
-26.98472222,26.63227778,07-02-2012,174.1,140.20000000000002,29.09
-25.45963889,28.26430556,07-02-2012,167.0,126.9,30.599998
-25.57877778,29.12747222,07-02-2012,161.7,125.9,30.109999
-27.4,26.624722,07-02-2012,182.6,134.0,29.529999
-25.81048333,27.90955222,08-02-2012,163.5,141.8,29.289999
-27.937778,31.209444,08-02-2012,145.2,150.70000000000002,28.72
-30.398056,30.601944,08-02-2012,131.0,162.70000000000002,26.66
-30.27402,30.69602,08-02-2012,130.7,173.8,26.59
-27.00222,28.76528,08-02-2012,150.40001,143.5,26.96
-27.02314,28.59389,08-02-2012,152.0,145.9,27.15
-26.648056,27.089444,08-02-2012,165.40001,144.3,28.46
-26.970278,27.211111,08-02-2012,166.2,144.9,28.49
-26.880278,26.965,08-02-2012,168.40001,142.70000000000002,28.869999
-27.273889,28.49,08-02-2012,151.8,156.4,26.849998
-27.4275,28.525833,08-02-2012,150.40001,165.0,26.699999
-27.3,28.586944,08-02-2012,150.5,156.9,26.849998
-27.044444,27.005,08-02-2012,170.3,141.70000000000002,28.849998
-29.028629,24.638389,08-02-2012,203.0,93.10000000000001,32.01
-34.329722,18.990278,08-02-2012,163.0,7.2,25.1
-27.5275,30.858056,09-02-2012,139.7,188.20000000000002,27.34
-30.13573889,30.67422222,09-02-2012,132.0,189.0,26.949999
-29.803611,30.516111,10-02-2012,128.90001,240.3,26.26
-28.44555556,32.325,12-02-2012,142.2,135.5,28.609999
-29.161667,30.629722,12-02-2012,132.0,218.9,25.73
-26.73806,27.59194,13-02-2012,161.40001,147.0,27.859999
-31.396,29.2651,13-02-2012,131.90001,118.9,26.46
-31.554722,29.245556,13-02-2012,122.9,121.7,25.25
-25.127778,27.628889,14-02-2012,176.6,122.4,32.02
-25.20639,27.558,14-02-2012,177.0,124.5,31.91
-27.169444,29.233889,14-02-2012,145.40001,142.6,26.349998
-30.568333,29.422778,14-02-2012,132.2,158.10000000000002,24.92
-30.570833,29.150556,14-02-2012,133.40001,164.8,24.73
-31.104278,29.399722,14-02-2012,130.3,132.9,26.14
-32.595833,19.009444,14-02-2012,213.8,19.700000000000003,33.0
-28.141944,26.417778,15-02-2012,184.3,133.4,29.57
-28.1175,26.719444,15-02-2012,179.40001,136.20000000000002,29.26
-31.031389,28.883333,15-02-2012,135.2,140.6,26.029999
-30.86013889,29.07125,15-02-2012,135.8,144.20000000000002,26.359999
-30.77586667,29.03221667,15-02-2012,136.3,151.4,26.25
-24.69514,27.40906,16-02-2012,185.0,115.5,32.829998
-27.398611,26.614722,16-02-2012,182.6,134.0,29.529999
-27.671111,27.236944,16-02-2012,172.1,145.70000000000002,28.949999
-28.376944,24.303056,16-02-2012,204.3,102.0,32.37
-29.615556,27.065278,16-02-2012,169.8,154.3,28.09
-27.356667,27.286389,16-02-2012,171.7,141.4,28.66
-27.4,26.624722,16-02-2012,182.6,134.0,29.529999
-22.43772222,31.07805556,17-02-2012,183.3,84.30000000000001,35.43
-27.902778,24.615556,17-02-2012,204.3,108.30000000000001,32.39
-34.250556,20.9925,17-02-2012,174.5,13.100000000000001,28.47
-28.760833,17.730278,19-02-2012,239.2,4.4,36.239998
-27.01011111,26.69808333,20-02-2012,175.6,139.5,28.98
-26.45,28.085833,20-02-2012,155.90001,141.4,27.42
-26.98472222,26.63227778,20-02-2012,174.1,140.20000000000002,29.09
-33.501667,21.624167,20-02-2012,175.2,15.0,28.5
-33.31388889,19.07472222,20-02-2012,206.90001,18.2,31.349998
-24.679167,30.8025,21-02-2012,144.5,184.60000000000002,27.609999
-30.830556,26.921389,21-02-2012,167.0,100.9,28.529999
-24.670833,28.560833,21-02-2012,167.7,130.0,30.91
-28.735556,29.820556,21-02-2012,148.3,197.10000000000002,28.93
-26.648056,27.089444,21-02-2012,165.40001,144.3,28.46
-26.970278,27.211111,21-02-2012,166.2,144.9,28.49
-26.880278,26.965,21-02-2012,168.40001,142.70000000000002,28.869999
-27.044444,27.005,21-02-2012,170.3,141.70000000000002,28.849998
-25.45963889,28.26430556,21-02-2012,167.0,126.9,30.599998
-28.068333,31.55,21-02-2012,149.6,137.8,30.9
-29.161667,23.696389,22-02-2012,204.3,74.60000000000001,33.17
-29.641944,30.6875,22-02-2012,133.90001,241.4,27.26
-27.38972222,26.46388889,22-02-2012,184.3,132.4,29.71
-30.679722,26.7125,22-02-2012,170.8,100.9,29.279999
-29.1825,23.575556,22-02-2012,208.8,70.2,33.18
-28.7115,24.07288889,23-02-2012,204.8,90.10000000000001,32.719997
-27.602222,29.942778,23-02-2012,152.6,171.8,28.8
-28.75,30.442778,23-02-2012,152.1,182.8,29.949999
-29.380556,30.2775,23-02-2012,128.5,219.8,25.26
-27.398611,26.614722,23-02-2012,182.6,134.0,29.529999
-29.758889,30.935278,24-02-2012,130.0,208.9,26.859999
-27.573056,24.746389,24-02-2012,207.0,113.4,32.09
-34.031944,22.053333,24-02-2012,148.5,13.3,26.3
-34.039722,22.133333,24-02-2012,146.6,13.4,26.119999
-30.398056,30.601944,25-02-2012,131.0,162.70000000000002,26.66
-30.27402,30.69602,25-02-2012,130.7,173.8,26.59
-27.169444,29.233889,27-02-2012,145.40001,142.6,26.349998
-26.861111,28.884722,27-02-2012,151.0,134.5,26.9
-26.73806,27.59194,27-02-2012,161.40001,147.0,27.859999
-25.127778,27.628889,28-02-2012,176.6,122.4,32.02
-25.20639,27.558,28-02-2012,177.0,124.5,31.91
-24.69514,27.40906,28-02-2012,185.0,115.5,32.829998
-27.00222,28.76528,28-02-2012,150.40001,143.5,26.96
-33.818056,19.694722,28-02-2012,199.7,11.9,30.429998
-29.161667,23.696389,29-02-2012,204.3,74.60000000000001,33.17
-22.769722,30.886944,29-02-2012,169.40001,94.5,33.579998
-23.281,30.54305556,29-02-2012,162.7,77.60000000000001,32.52
-26.905,32.324722,29-02-2012,149.0,92.0,32.79
-28.69485,28.23487,29-02-2012,148.40001,191.20000000000002,25.47
-28.883333,27.89,29-02-2012,152.8,193.20000000000002,26.17
-34.075556,20.145556,29-02-2012,183.0,11.100000000000001,30.0
-24.925278,29.324444,01-03-2012,168.0,114.9,32.25
-27.573056,24.746389,01-03-2012,207.0,113.4,32.09
-30.160091,27.40124,01-03-2012,163.2,146.1,27.74
-30.336111,27.359444,01-03-2012,164.1,137.1,27.81
-29.615556,27.065278,01-03-2012,169.8,154.3,28.09
-30.830556,26.921389,02-03-2012,167.0,100.9,28.529999
-23.658056,31.05,02-03-2012,158.7,79.30000000000001,33.5
-27.902778,24.615556,02-03-2012,204.3,108.30000000000001,32.39
-29.658056,25.973333,02-03-2012,179.1,102.10000000000001,28.939999
-29.028629,24.638389,02-03-2012,203.0,93.10000000000001,32.01
-31.000833,26.353056,02-03-2012,167.3,76.0,28.31
-30.679722,26.7125,02-03-2012,170.8,100.9,29.279999
-28.760833,17.730278,04-03-2012,239.2,4.4,36.239998
-25.99136,27.84208,05-03-2012,158.8,147.70000000000002,28.119999
-24.058889,31.237222,05-03-2012,153.7,97.5,33.29
-29.987778,29.851667,05-03-2012,129.90001,219.5,25.56
-29.744167,29.905833,05-03-2012,134.7,233.20000000000002,26.369999
-26.861111,28.884722,05-03-2012,151.0,134.5,26.9
-26.45,28.085833,05-03-2012,155.90001,141.4,27.42
-28.768056,20.720556,05-03-2012,243.1,26.6,35.93
-30.733889,29.828333,06-03-2012,127.4,161.20000000000002,25.68
-29.380556,30.2775,06-03-2012,128.5,219.8,25.26
-27.398611,26.614722,06-03-2012,182.6,134.0,29.529999
-27.671111,27.236944,06-03-2012,172.1,145.70000000000002,28.949999
-29.042222,24.6,06-03-2012,203.3,91.10000000000001,32.07
-30.336111,27.359444,06-03-2012,164.1,137.1,27.81
-27.4,26.624722,06-03-2012,182.6,134.0,29.529999
-29.161667,23.696389,07-03-2012,204.3,74.60000000000001,33.17
-24.925278,29.324444,18-10-2011,177.1,57.5,33.04
-28.7115,24.07288889,07-03-2012,204.8,90.10000000000001,32.719997
-25.81048333,27.90955222,07-03-2012,163.5,141.8,29.289999
-27.937778,31.209444,07-03-2012,145.2,150.70000000000002,28.72
-28.404444,30.013056,07-03-2012,150.2,184.3,28.74
-30.398056,30.601944,07-03-2012,131.0,162.70000000000002,26.66
-24.925278,29.324444,07-06-2012,168.0,114.9,32.25
-24.925278,29.324444,09-08-2012,166.8,103.7,32.37
-24.925278,29.324444,05-10-2012,166.8,103.7,32.37
-30.27402,30.69602,07-03-2012,130.7,173.8,26.59
-27.02314,28.59389,07-03-2012,152.0,145.9,27.15
-27.273889,28.49,07-03-2012,151.8,156.4,26.849998
-24.925278,29.324444,02-07-2013,154.1,152.3,30.32
-24.925278,29.324444,22-08-2013,172.3,65.7,31.599998
-24.925278,29.324444,16-09-2013,172.3,65.7,31.599998
-27.4275,28.525833,07-03-2012,150.40001,165.0,26.699999
-24.925278,29.324444,20-01-2014,161.90001,232.9,31.17
-27.3,28.586944,07-03-2012,150.5,156.9,26.849998
-29.1825,23.575556,07-03-2012,208.8,70.2,33.18
-24.925278,29.324444,10-06-2014,161.90001,232.9,31.17
-24.925278,29.324444,18-07-2014,173.0,40.300000000000004,32.04
-34.329722,18.990278,07-03-2012,163.0,7.2,25.1
-24.925278,29.324444,05-09-2014,173.0,40.300000000000004,32.04
-28.058889,30.373611,07-03-2012,147.1,182.3,27.8
-27.5275,30.858056,08-03-2012,139.7,188.20000000000002,27.34
-27.38972222,26.46388889,08-03-2012,184.3,132.4,29.71
-27.398611,26.614722,08-03-2012,182.6,134.0,29.529999
-30.679722,26.7125,08-03-2012,170.8,100.9,29.279999
-29.803611,30.516111,09-03-2012,128.90001,240.3,26.26
-27.01011111,26.69808333,12-03-2012,175.6,139.5,28.98
-32.595833,19.009444,12-03-2012,213.8,19.700000000000003,33.0
-25.127778,27.628889,13-03-2012,176.6,122.4,32.02
-25.20639,27.558,13-03-2012,177.0,124.5,31.91
-24.69514,27.40906,13-03-2012,185.0,115.5,32.829998
-28.747778,31.745833,13-03-2012,147.8,158.20000000000002,29.96
-27.169444,29.233889,13-03-2012,145.40001,142.6,26.349998
-27.00222,28.76528,13-03-2012,150.40001,143.5,26.96
-26.648056,27.089444,13-03-2012,165.40001,144.3,28.46
-26.970278,27.211111,13-03-2012,166.2,144.9,28.49
-26.880278,26.965,13-03-2012,168.40001,142.70000000000002,28.869999
-26.98472222,26.63227778,13-03-2012,174.1,140.20000000000002,29.09
-31.104278,29.399722,13-03-2012,130.3,132.9,26.14
-31.396,29.2651,13-03-2012,131.90001,118.9,26.46
-33.501667,21.624167,13-03-2012,175.2,15.0,28.5
-29.161667,23.696389,14-03-2012,204.3,74.60000000000001,33.17
-28.801278,31.955389,14-03-2012,146.8,139.4,29.359999
-28.141944,26.417778,14-03-2012,184.3,133.4,29.57
-28.1175,26.719444,14-03-2012,179.40001,136.20000000000002,29.26
-29.033333,23.983333,14-03-2012,202.3,84.5,32.71
-29.161667,30.629722,15-03-2012,132.0,218.9,25.73
-27.398611,26.614722,15-03-2012,182.6,134.0,29.529999
-27.671111,27.236944,15-03-2012,172.1,145.70000000000002,28.949999
-27.902778,24.615556,15-03-2012,204.3,108.30000000000001,32.39
-27.573056,24.746389,16-03-2012,207.0,113.4,32.09
-31.031389,28.883333,16-03-2012,135.2,140.6,26.029999
-30.86013889,29.07125,16-03-2012,135.8,144.20000000000002,26.359999
-30.77586667,29.03221667,16-03-2012,136.3,151.4,26.25
-28.760833,17.730278,17-03-2012,239.2,4.4,36.239998
-28.96362,19.15486,17-03-2012,243.6,8.5,36.88
-27.01011111,26.69808333,19-03-2012,175.6,139.5,28.98
-26.861111,28.884722,19-03-2012,151.0,134.5,26.9
-24.679167,30.8025,20-03-2012,144.5,184.60000000000002,27.609999
-26.970278,27.211111,20-03-2012,166.2,144.9,28.49
-33.38056,19.30167,20-03-2012,193.8,18.5,28.68
-33.31388889,19.07472222,20-03-2012,206.90001,18.2,31.349998
-28.068333,31.55,20-03-2012,149.6,137.8,30.9
-29.161667,23.696389,21-03-2012,204.3,74.60000000000001,33.17
-24.183889,30.823889,21-03-2012,154.2,111.0,32.62
-28.44555556,32.325,21-03-2012,142.2,135.5,28.609999
-27.602222,29.942778,21-03-2012,152.6,171.8,28.8
-33.13083,18.86278,21-03-2012,209.40001,17.5,31.89
-30.398056,30.601944,23-03-2012,131.0,162.70000000000002,26.66
-30.27402,30.69602,23-03-2012,130.7,173.8,26.59
-29.641944,30.6875,26-03-2012,133.90001,241.4,27.26
-25.99136,27.84208,26-03-2012,158.8,147.70000000000002,28.119999
-29.987778,29.851667,26-03-2012,129.90001,219.5,25.56
-29.758889,30.935278,26-03-2012,130.0,208.9,26.859999
-26.98472222,26.63227778,26-03-2012,174.1,140.20000000000002,29.09
-33.818056,19.694722,26-03-2012,199.7,11.9,30.429998
-25.127778,27.628889,27-03-2012,176.6,122.4,32.02
-25.20639,27.558,27-03-2012,177.0,124.5,31.91
-24.69514,27.40906,27-03-2012,185.0,115.5,32.829998
-27.363611,31.783333,27-03-2012,144.5,111.60000000000001,30.849998
-26.648056,27.089444,27-03-2012,165.40001,144.3,28.46
-26.880278,26.965,27-03-2012,168.40001,142.70000000000002,28.869999
-27.573056,24.746389,27-03-2012,207.0,113.4,32.09
-28.768056,20.720556,27-03-2012,243.1,26.6,35.93
-34.031944,22.053333,27-03-2012,148.5,13.3,26.3
-34.039722,22.133333,27-03-2012,146.6,13.4,26.119999
-34.075556,20.145556,27-03-2012,183.0,11.100000000000001,30.0
-25.45963889,28.26430556,27-03-2012,167.0,126.9,30.599998
-25.81048333,27.90955222,28-03-2012,163.5,141.8,29.289999
-29.380556,30.2775,28-03-2012,128.5,219.8,25.26
-30.398056,30.601944,28-03-2012,131.0,162.70000000000002,26.66
-30.27402,30.69602,28-03-2012,130.7,173.8,26.59
-26.73806,27.59194,28-03-2012,161.40001,147.0,27.859999
-26.45,28.085833,28-03-2012,155.90001,141.4,27.42
-30.679722,26.7125,28-03-2012,170.8,100.9,29.279999
-28.69485,28.23487,28-03-2012,148.40001,191.20000000000002,25.47
-29.615556,27.065278,28-03-2012,169.8,154.3,28.09
-28.883333,27.89,28-03-2012,152.8,193.20000000000002,26.17
-34.02861,22.22222,28-03-2012,143.1,14.200000000000001,25.66
-25.447222,30.711667,28-03-2012,145.0,154.5,28.89
-27.273889,28.49,29-03-2012,151.8,156.4,26.849998
-27.3,28.586944,29-03-2012,150.5,156.9,26.849998
-28.376944,24.303056,29-03-2012,204.3,102.0,32.37
-30.160091,27.40124,29-03-2012,163.2,146.1,27.74
-30.336111,27.359444,29-03-2012,164.1,137.1,27.81
-27.4275,28.525833,30-03-2012,150.40001,165.0,26.699999
-27.902778,24.615556,30-03-2012,204.3,108.30000000000001,32.39
-31.000833,26.353056,30-03-2012,167.3,76.0,28.31
-30.679722,26.7125,30-03-2012,170.8,100.9,29.279999
-28.760833,17.730278,01-04-2012,239.2,4.4,36.239998
-25.99136,27.84208,02-04-2012,158.8,147.70000000000002,28.119999
-28.735556,29.820556,02-04-2012,148.3,197.10000000000002,28.93
-29.380556,30.2775,02-04-2012,128.5,219.8,25.26
-30.398056,30.601944,02-04-2012,131.0,162.70000000000002,26.66
-33.897778,20.012778,02-04-2012,193.5,11.0,30.769999
-34.065833,20.404167,03-04-2012,178.8,11.200000000000001,30.529999
-23.658056,31.05,03-04-2012,158.7,79.30000000000001,33.5
-27.398611,26.614722,03-04-2012,182.6,134.0,29.529999
-27.671111,27.236944,03-04-2012,172.1,145.70000000000002,28.949999
-25.45963889,28.26430556,03-04-2012,167.0,126.9,30.599998
-27.4,26.624722,03-04-2012,182.6,134.0,29.529999
-29.161667,23.696389,04-04-2012,204.3,74.60000000000001,33.17
-25.81048333,27.90955222,04-04-2012,163.5,141.8,29.289999
-27.937778,31.209444,04-04-2012,145.2,150.70000000000002,28.72
-28.404444,30.013056,04-04-2012,150.2,184.3,28.74
-27.02314,28.59389,04-04-2012,152.0,145.9,27.15
-26.880278,26.965,04-04-2012,168.40001,142.70000000000002,28.869999
-27.273889,28.49,04-04-2012,151.8,156.4,26.849998
-27.4275,28.525833,04-04-2012,150.40001,165.0,26.699999
-27.3,28.586944,04-04-2012,150.5,156.9,26.849998
-29.615556,27.065278,04-04-2012,169.8,154.3,28.09
-25.57877778,29.12747222,04-04-2012,161.7,125.9,30.109999
-27.5275,30.858056,05-04-2012,139.7,188.20000000000002,27.34
-27.01011111,26.69808333,10-04-2012,175.6,139.5,28.98
-25.127778,27.628889,10-04-2012,176.6,122.4,32.02
-25.20639,27.558,10-04-2012,177.0,124.5,31.91
-24.69514,27.40906,10-04-2012,185.0,115.5,32.829998
-26.861111,28.884722,10-04-2012,151.0,134.5,26.9
-26.73806,27.59194,10-04-2012,161.40001,147.0,27.859999
-26.98472222,26.63227778,10-04-2012,174.1,140.20000000000002,29.09
-29.161667,23.696389,11-04-2012,204.3,74.60000000000001,33.17
-26.03611,30.99778,11-04-2012,149.40001,202.4,29.34
-28.747778,31.745833,11-04-2012,147.8,158.20000000000002,29.96
-27.00222,28.76528,11-04-2012,150.40001,143.5,26.96
-26.648056,27.089444,11-04-2012,165.40001,144.3,28.46
-26.970278,27.211111,11-04-2012,166.2,144.9,28.49
-28.141944,26.417778,11-04-2012,184.3,133.4,29.57
-28.116667,26.725278,11-04-2012,179.40001,136.20000000000002,29.26
-29.615556,27.065278,11-04-2012,169.8,154.3,28.09
-34.250556,20.9925,11-04-2012,174.5,13.100000000000001,28.47
-28.7115,24.07288889,12-04-2012,204.8,90.10000000000001,32.719997
-28.801278,31.955389,12-04-2012,146.8,139.4,29.359999
-28.75,30.442778,12-04-2012,152.1,182.8,29.949999
-29.161667,30.629722,12-04-2012,132.0,218.9,25.73
-27.38972222,26.46388889,12-04-2012,184.3,132.4,29.71
-28.1175,26.719444,12-04-2012,179.40001,136.20000000000002,29.26
-28.116667,26.725278,12-04-2012,179.40001,136.20000000000002,29.26
-27.398611,26.614722,12-04-2012,182.6,134.0,29.529999
-27.671111,27.236944,12-04-2012,172.1,145.70000000000002,28.949999
-28.376944,24.303056,12-04-2012,204.3,102.0,32.37
-29.615556,27.065278,12-04-2012,169.8,154.3,28.09
-33.31388889,19.07472222,12-04-2012,206.90001,18.2,31.349998
-25.49037,30.6986,13-04-2012,143.3,158.20000000000002,28.34
-27.573056,24.746389,13-04-2012,207.0,113.4,32.09
-27.902778,24.615556,13-04-2012,204.3,108.30000000000001,32.39
-33.7075,18.97444444,13-04-2012,204.7,13.5,30.619999
-28.760833,17.730278,15-04-2012,239.2,4.4,36.239998
-25.99136,27.84208,16-04-2012,158.8,147.70000000000002,28.119999
-22.935,28.004167,17-04-2012,185.90001,59.1,34.11
-22.91028,29.61111,17-04-2012,167.40001,80.4,32.03
-24.058889,31.237222,17-04-2012,153.7,97.5,33.29
-25.681111,31.783333,17-04-2012,142.2,124.2,31.13
-25.67386,31.57527,17-04-2012,147.1,134.9,31.789999
-28.735556,29.820556,17-04-2012,148.3,197.10000000000002,28.93
-26.861111,28.884722,17-04-2012,151.0,134.5,26.9
-26.45,28.085833,17-04-2012,155.90001,141.4,27.42
-28.69485,28.23487,17-04-2012,148.40001,191.20000000000002,25.47
-28.883333,27.89,17-04-2012,152.8,193.20000000000002,26.17
-31.396,29.2651,17-04-2012,131.90001,118.9,26.46
-31.554722,29.245556,17-04-2012,122.9,121.7,25.25
-25.45963889,28.26430556,17-04-2012,167.0,126.9,30.599998
-28.338333,31.373611,17-04-2012,141.8,164.60000000000002,28.67
-29.161667,23.696389,18-04-2012,204.3,74.60000000000001,33.17
-27.01011111,26.69808333,18-04-2012,175.6,139.5,28.98
-25.81048333,27.90955222,18-04-2012,163.5,141.8,29.289999
-24.282222,28.090278,18-04-2012,168.7,111.2,30.9
-24.768889,31.39,18-04-2012,144.5,128.20000000000002,31.49
-24.9675,31.516667,18-04-2012,145.1,123.0,31.82
-27.00222,28.76528,18-04-2012,150.40001,143.5,26.96
-26.648056,27.089444,18-04-2012,165.40001,144.3,28.46
-26.970278,27.211111,18-04-2012,166.2,144.9,28.49
-26.880278,26.965,18-04-2012,168.40001,142.70000000000002,28.869999
-27.38972222,26.46388889,18-04-2012,184.3,132.4,29.71
-26.98472222,26.63227778,18-04-2012,174.1,140.20000000000002,29.09
-30.568333,29.422778,18-04-2012,132.2,158.10000000000002,24.92
-30.570833,29.150556,18-04-2012,133.40001,164.8,24.73
-27.602222,29.942778,19-04-2012,152.6,171.8,28.8
-27.671111,27.236944,19-04-2012,172.1,145.70000000000002,28.949999
-31.031389,28.883333,19-04-2012,135.2,140.6,26.029999
-30.86013889,29.07125,19-04-2012,135.8,144.20000000000002,26.359999
-33.13083,18.86278,19-04-2012,209.40001,17.5,31.89
-29.140556,31.391944,20-04-2012,139.5,163.70000000000002,28.38
-27.573056,24.746389,22-04-2012,207.0,113.4,32.09
-29.7775,29.470833,23-04-2012,131.0,267.7,24.21
-29.987778,29.851667,23-04-2012,129.90001,219.5,25.56
-29.744167,29.905833,23-04-2012,134.7,233.20000000000002,26.369999
-26.73806,27.59194,23-04-2012,161.40001,147.0,27.859999
-29.160278,26.573333,23-04-2012,181.7,134.9,29.13
-29.1825,23.575556,23-04-2012,208.8,70.2,33.18
-33.501667,21.624167,23-04-2012,175.2,15.0,28.5
-33.818056,19.694722,23-04-2012,199.7,11.9,30.429998
-28.7115,24.07288889,24-04-2012,204.8,90.10000000000001,32.719997
-24.679167,30.8025,24-04-2012,144.5,184.60000000000002,27.609999
-25.127778,27.628889,24-04-2012,176.6,122.4,32.02
-25.20639,27.558,24-04-2012,177.0,124.5,31.91
-24.69514,27.40906,24-04-2012,185.0,115.5,32.829998
-27.363611,31.783333,24-04-2012,144.5,111.60000000000001,30.849998
-30.733889,29.828333,24-04-2012,127.4,161.20000000000002,25.68
-26.880278,26.965,24-04-2012,168.40001,142.70000000000002,28.869999
-29.615556,27.065278,24-04-2012,169.8,154.3,28.09
-28.883333,27.89,24-04-2012,152.8,193.20000000000002,26.17
-29.161667,23.696389,25-04-2012,204.3,74.60000000000001,33.17
-24.183889,30.823889,25-04-2012,154.2,111.0,32.62
-22.769722,30.886944,25-04-2012,169.40001,94.5,33.579998
-27.937778,31.209444,25-04-2012,145.2,150.70000000000002,28.72
-26.905,32.324722,25-04-2012,149.0,92.0,32.79
-27.935,26.126667,25-04-2012,187.40001,117.30000000000001,29.779999
-34.075556,20.145556,25-04-2012,183.0,11.100000000000001,30.0
-30.398056,30.601944,26-04-2012,131.0,162.70000000000002,26.66
-30.27402,30.69602,26-04-2012,130.7,173.8,26.59
-30.679722,26.7125,26-04-2012,170.8,100.9,29.279999
-30.160091,27.40124,26-04-2012,163.2,146.1,27.74
-34.005833,22.351111,26-04-2012,139.6,15.4,25.1
-29.803611,30.516111,27-04-2012,128.90001,240.3,26.26
-29.758889,30.935278,28-04-2012,130.0,208.9,26.859999
-28.760833,17.730278,29-04-2012,239.2,4.4,36.239998
-25.99136,27.84208,30-04-2012,158.8,147.70000000000002,28.119999
-29.380556,30.2775,30-04-2012,128.5,219.8,25.26
-34.065833,20.404167,01-05-2012,178.8,11.200000000000001,30.529999
-26.006389,29.253889,01-05-2012,147.5,135.5,27.25
-25.45963889,28.26430556,01-05-2012,167.0,126.9,30.599998
-33.897778,20.012778,01-05-2012,193.5,11.0,30.769999
-29.161667,23.696389,02-05-2012,204.3,74.60000000000001,33.17
-25.81048333,27.90955222,02-05-2012,163.5,141.8,29.289999
-26.861111,28.884722,02-05-2012,151.0,134.5,26.9
-29.033333,23.983333,02-05-2012,202.3,84.5,32.71
-28.058889,30.373611,02-05-2012,147.1,182.3,27.8
-24.925278,29.324444,03-05-2012,168.0,114.9,32.25
-27.00222,28.76528,03-05-2012,150.40001,143.5,26.96
-27.398611,26.614722,03-05-2012,182.6,134.0,29.529999
-27.671111,27.236944,03-05-2012,172.1,145.70000000000002,28.949999
-27.4,26.624722,03-05-2012,182.6,134.0,29.529999
-26.648056,27.089444,04-05-2012,165.40001,144.3,28.46
-26.970278,27.211111,04-05-2012,166.2,144.9,28.49
-26.880278,26.965,04-05-2012,168.40001,142.70000000000002,28.869999
-27.01011111,26.69808333,07-05-2012,175.6,139.5,28.98
-26.73806,27.59194,07-05-2012,161.40001,147.0,27.859999
-26.45,28.085833,07-05-2012,155.90001,141.4,27.42
-26.98472222,26.63227778,07-05-2012,174.1,140.20000000000002,29.09
-32.502778,19.535833,07-05-2012,223.40001,17.8,32.84
-29.161667,23.696389,08-05-2012,204.3,74.60000000000001,33.17
-25.127778,27.628889,08-05-2012,176.6,122.4,32.02
-25.20639,27.558,08-05-2012,177.0,124.5,31.91
-24.69514,27.40906,08-05-2012,185.0,115.5,32.829998
-28.747778,31.745833,08-05-2012,147.8,158.20000000000002,29.96
-27.169444,29.233889,08-05-2012,145.40001,142.6,26.349998
-26.648056,27.089444,08-05-2012,165.40001,144.3,28.46
-26.970278,27.211111,08-05-2012,166.2,144.9,28.49
-26.880278,26.965,08-05-2012,168.40001,142.70000000000002,28.869999
-28.141944,26.417778,08-05-2012,184.3,133.4,29.57
-28.116667,26.725278,08-05-2012,179.40001,136.20000000000002,29.26
-29.042222,24.6,08-05-2012,203.3,91.10000000000001,32.07
-28.460833,21.248889,08-05-2012,238.6,36.2,35.18
-31.396,29.2651,08-05-2012,131.90001,118.9,26.46
-25.57877778,29.12747222,08-05-2012,161.7,125.9,30.109999
-29.161667,23.696389,09-05-2012,204.3,74.60000000000001,33.17
-25.49037,30.6986,09-05-2012,143.3,158.20000000000002,28.34
-28.801278,31.955389,09-05-2012,146.8,139.4,29.359999
-27.273889,28.49,09-05-2012,151.8,156.4,26.849998
-27.4275,28.525833,09-05-2012,150.40001,165.0,26.699999
-27.3,28.586944,09-05-2012,150.5,156.9,26.849998
-27.398611,26.614722,09-05-2012,182.6,134.0,29.529999
-29.028629,24.638389,09-05-2012,203.0,93.10000000000001,32.01
-29.1825,23.575556,09-05-2012,208.8,70.2,33.18
-30.570833,29.150556,09-05-2012,133.40001,164.8,24.73
-31.104278,29.399722,09-05-2012,130.3,132.9,26.14
-33.31388889,19.07472222,09-05-2012,206.90001,18.2,31.349998
-28.7115,24.07288889,10-05-2012,204.8,90.10000000000001,32.719997
-29.140556,31.391944,10-05-2012,139.5,163.70000000000002,28.38
-28.75,30.442778,10-05-2012,152.1,182.8,29.949999
-29.161667,30.629722,10-05-2012,132.0,218.9,25.73
-27.38972222,26.46388889,10-05-2012,184.3,132.4,29.71
-27.935,26.126667,10-05-2012,187.40001,117.30000000000001,29.779999
-27.671111,27.236944,10-05-2012,172.1,145.70000000000002,28.949999
-28.376944,24.303056,10-05-2012,204.3,102.0,32.37
-31.031389,28.883333,10-05-2012,135.2,140.6,26.029999
-30.86013889,29.07125,10-05-2012,135.8,144.20000000000002,26.359999
-30.77586667,29.03221667,10-05-2012,136.3,151.4,26.25
-33.7075,18.97444444,10-05-2012,204.7,13.5,30.619999
-33.72266667,18.61691667,10-05-2012,195.3,9.200000000000001,28.65
-27.902778,24.615556,11-05-2012,204.3,108.30000000000001,32.39
-28.44555556,32.325,19-04-2012,142.2,135.5,28.609999
-31.554722,29.245556,12-05-2012,122.9,121.7,25.25
-28.760833,17.730278,13-05-2012,239.2,4.4,36.239998
-25.99136,27.84208,14-05-2012,158.8,147.70000000000002,28.119999
-26.861111,28.884722,14-05-2012,151.0,134.5,26.9
-26.45,28.085833,14-05-2012,155.90001,141.4,27.42
-25.681111,31.783333,15-05-2012,142.2,124.2,31.13
-25.398889,31.610556,15-05-2012,140.8,124.60000000000001,31.029999
-27.00222,28.76528,15-05-2012,150.40001,143.5,26.96
-26.648056,27.089444,15-05-2012,165.40001,144.3,28.46
-33.38056,19.30167,15-05-2012,193.8,18.5,28.68
-25.45963889,28.26430556,15-05-2012,167.0,126.9,30.599998
-28.068333,31.55,15-05-2012,149.6,137.8,30.9
-25.81048333,27.90955222,16-05-2012,163.5,141.8,29.289999
-24.768889,31.39,16-05-2012,144.5,128.20000000000002,31.49
-29.033333,23.983333,16-05-2012,202.3,84.5,32.71
-34.092222,21.295278,16-05-2012,167.0,14.3,28.38
-33.13083,18.86278,16-05-2012,209.40001,17.5,31.89
-24.99328,30.81444,17-05-2012,132.5,185.9,25.55
-33.970833,22.548333,17-05-2012,136.1,17.900000000000002,24.779999
-25.436111,31.982222,18-05-2012,140.7,116.0,32.309998
-25.14944444,31.94055556,18-05-2012,140.2,113.5,31.71
-29.7775,29.470833,21-05-2012,131.0,267.7,24.21
-29.987778,29.851667,21-05-2012,129.90001,219.5,25.56
-29.744167,29.905833,21-05-2012,134.7,233.20000000000002,26.369999
-30.27402,30.69602,21-05-2012,130.7,173.8,26.59
-26.73806,27.59194,21-05-2012,161.40001,147.0,27.859999
-33.818056,19.694722,21-05-2012,199.7,11.9,30.429998
-27.01011111,26.69808333,22-05-2012,175.6,139.5,28.98
-34.065833,20.404167,22-05-2012,178.8,11.200000000000001,30.529999
-24.679167,30.8025,22-05-2012,144.5,184.60000000000002,27.609999
-24.183889,30.823889,22-05-2012,154.2,111.0,32.62
-25.127778,27.628889,22-05-2012,176.6,122.4,32.02
-25.20639,27.558,22-05-2012,177.0,124.5,31.91
-24.69514,27.40906,22-05-2012,185.0,115.5,32.829998
-27.363611,31.783333,22-05-2012,144.5,111.60000000000001,30.849998
-30.733889,29.828333,22-05-2012,127.4,161.20000000000002,25.68
-27.169444,29.233889,22-05-2012,145.40001,142.6,26.349998
-26.880278,26.965,22-05-2012,168.40001,142.70000000000002,28.869999
-26.98472222,26.63227778,22-05-2012,174.1,140.20000000000002,29.09
-29.160278,26.573333,22-05-2012,181.7,134.9,29.13
-30.336111,27.359444,22-05-2012,164.1,137.1,27.81
-33.501667,21.624167,22-05-2012,175.2,15.0,28.5
-34.075556,20.145556,22-05-2012,183.0,11.100000000000001,30.0
-33.897778,20.012778,22-05-2012,193.5,11.0,30.769999
-24.058889,31.237222,23-05-2012,153.7,97.5,33.29
-30.398056,30.601944,23-05-2012,131.0,162.70000000000002,26.66
-30.160091,27.40124,23-05-2012,163.2,146.1,27.74
-28.69485,28.23487,23-05-2012,148.40001,191.20000000000002,25.47
-28.883333,27.89,23-05-2012,152.8,193.20000000000002,26.17
-34.005833,22.351111,23-05-2012,139.6,15.4,25.1
-29.641944,30.6875,24-05-2012,133.90001,241.4,27.26
-30.830556,26.921389,24-05-2012,167.0,100.9,28.529999
-29.380556,30.2775,24-05-2012,128.5,219.8,25.26
-30.679722,26.7125,24-05-2012,170.8,100.9,29.279999
-29.615556,27.065278,24-05-2012,169.8,154.3,28.09
-34.031944,22.053333,24-05-2012,148.5,13.3,26.3
-34.039722,22.133333,24-05-2012,146.6,13.4,26.119999
-30.398056,30.601944,25-05-2012,131.0,162.70000000000002,26.66
-30.27402,30.69602,25-05-2012,130.7,173.8,26.59
-29.658056,25.973333,25-05-2012,179.1,102.10000000000001,28.939999
-31.000833,26.353056,25-05-2012,167.3,76.0,28.31
-28.460833,21.248889,25-05-2012,238.6,36.2,35.18
-29.803611,30.516111,25-05-2012,128.90001,240.3,26.26
-29.758889,30.935278,26-05-2012,130.0,208.9,26.859999
-28.760833,17.730278,27-05-2012,239.2,4.4,36.239998
-25.99136,27.84208,28-05-2012,158.8,147.70000000000002,28.119999
-26.861111,28.884722,28-05-2012,151.0,134.5,26.9
-26.970278,27.211111,28-05-2012,166.2,144.9,28.49
-26.45,28.085833,28-05-2012,155.90001,141.4,27.42
-27.01011111,26.69808333,29-05-2012,175.6,139.5,28.98
-29.380556,30.2775,29-05-2012,128.5,219.8,25.26
-27.00222,28.76528,29-05-2012,150.40001,143.5,26.96
-26.648056,27.089444,29-05-2012,165.40001,144.3,28.46
-26.880278,26.965,29-05-2012,168.40001,142.70000000000002,28.869999
-26.98472222,26.63227778,29-05-2012,174.1,140.20000000000002,29.09
-31.000833,26.353056,29-05-2012,167.3,76.0,28.31
-25.45963889,28.26430556,29-05-2012,167.0,126.9,30.599998
-29.161667,23.696389,30-05-2012,204.3,74.60000000000001,33.17
-24.282222,28.090278,30-05-2012,168.7,111.2,30.9
-27.937778,31.209444,30-05-2012,145.2,150.70000000000002,28.72
-28.404444,30.013056,30-05-2012,150.2,184.3,28.74
-28.1175,26.719444,30-05-2012,179.40001,136.20000000000002,29.26
-28.44555556,32.325,12-05-2012,142.2,135.5,28.609999
-24.670833,28.560833,31-05-2012,167.7,130.0,30.91
-27.573056,24.746389,31-05-2012,207.0,113.4,32.09
-30.679722,26.7125,31-05-2012,170.8,100.9,29.279999
-28.44555556,32.325,12-07-2012,136.2,233.4,30.269999
-33.38056,19.30167,31-05-2012,193.8,18.5,28.68
-33.13083,18.86278,31-05-2012,209.40001,17.5,31.89
-29.161667,23.696389,01-06-2012,204.3,74.60000000000001,33.17
-28.7115,24.07288889,01-06-2012,204.8,90.10000000000001,32.719997
-27.5275,30.858056,01-06-2012,139.7,188.20000000000002,27.34
-29.1825,23.575556,01-06-2012,208.8,70.2,33.18
-26.73806,27.59194,04-06-2012,161.40001,147.0,27.859999
-32.502778,19.535833,04-06-2012,223.40001,17.8,32.84
-25.127778,27.628889,05-06-2012,176.6,122.4,32.02
-25.20639,27.558,05-06-2012,177.0,124.5,31.91
-24.69514,27.40906,05-06-2012,185.0,115.5,32.829998
-26.006389,29.253889,05-06-2012,147.5,135.5,27.25
-28.747778,31.745833,05-06-2012,147.8,158.20000000000002,29.96
-27.169444,29.233889,05-06-2012,145.40001,142.6,26.349998
-34.250556,20.9925,05-06-2012,174.5,13.100000000000001,28.47
-25.57877778,29.12747222,05-06-2012,161.7,125.9,30.109999
-23.658056,31.05,06-06-2012,158.7,79.30000000000001,33.5
-28.801278,31.955389,06-06-2012,146.8,139.4,29.359999
-27.02314,28.59389,06-06-2012,152.0,145.9,27.15
-27.4275,28.525833,06-06-2012,150.40001,165.0,26.699999
-27.3,28.586944,06-06-2012,150.5,156.9,26.849998
-28.141944,26.417778,06-06-2012,184.3,133.4,29.57
-28.1175,26.719444,06-06-2012,179.40001,136.20000000000002,29.26
-28.44555556,32.325,08-08-2012,136.2,233.4,30.269999
-33.7075,18.97444444,06-06-2012,204.7,13.5,30.619999
-33.72266667,18.61691667,06-06-2012,195.3,9.200000000000001,28.65
-29.140556,31.391944,07-06-2012,139.5,163.70000000000002,28.38
-23.838611,31.640833,07-06-2012,159.90001,89.9,34.44
-28.44555556,32.325,12-09-2012,136.2,233.4,30.269999
-28.75,30.442778,07-06-2012,152.1,182.8,29.949999
-29.161667,30.629722,07-06-2012,132.0,218.9,25.73
-27.398611,26.614722,07-06-2012,182.6,134.0,29.529999
-27.671111,27.236944,07-06-2012,172.1,145.70000000000002,28.949999
-27.5275,30.858056,25-08-2011,157.2,98.5,29.06
-27.4,26.624722,07-06-2012,182.6,134.0,29.529999
-25.99136,27.84208,11-06-2012,158.8,147.70000000000002,28.119999
-26.861111,28.884722,11-06-2012,151.0,134.5,26.9
-27.671111,27.236944,11-06-2012,172.1,145.70000000000002,28.949999
-31.554722,29.245556,11-06-2012,122.9,121.7,25.25
-33.818056,19.694722,11-06-2012,199.7,11.9,30.429998
-27.935,26.126667,12-06-2012,187.40001,117.30000000000001,29.779999
-28.141944,26.417778,12-06-2012,184.3,133.4,29.57
-29.658056,25.973333,12-06-2012,179.1,102.10000000000001,28.939999
-31.000833,26.353056,12-06-2012,167.3,76.0,28.31
-30.534167,24.961944,12-06-2012,187.90001,58.0,30.57
-31.104278,29.399722,12-06-2012,130.3,132.9,26.14
-34.075556,20.145556,12-06-2012,183.0,11.100000000000001,30.0
-25.45963889,28.26430556,12-06-2012,167.0,126.9,30.599998
-28.068333,31.55,12-06-2012,149.6,137.8,30.9
-29.161667,23.696389,13-06-2012,204.3,74.60000000000001,33.17
-25.81048333,27.90955222,13-06-2012,163.5,141.8,29.289999
-27.00222,28.76528,13-06-2012,150.40001,143.5,26.96
-28.1175,26.719444,13-06-2012,179.40001,136.20000000000002,29.26
-30.534167,24.961944,13-06-2012,187.90001,58.0,30.57
-30.568333,29.422778,13-06-2012,132.2,158.10000000000002,24.92
-30.570833,29.150556,13-06-2012,133.40001,164.8,24.73
-29.161667,23.696389,14-06-2012,204.3,74.60000000000001,33.17
-26.905,32.324722,14-06-2012,149.0,92.0,32.79
-27.602222,29.942778,14-06-2012,152.6,171.8,28.8
-27.935,26.126667,14-06-2012,187.40001,117.30000000000001,29.779999
-28.1175,26.719444,14-06-2012,179.40001,136.20000000000002,29.26
-31.000833,26.353056,14-06-2012,167.3,76.0,28.31
-30.679722,26.7125,14-06-2012,170.8,100.9,29.279999
-30.160091,27.40124,14-06-2012,163.2,146.1,27.74
-30.86013889,29.07125,14-06-2012,135.8,144.20000000000002,26.359999
-28.7115,24.07288889,15-06-2012,204.8,90.10000000000001,32.719997
-27.01011111,26.69808333,15-06-2012,175.6,139.5,28.98
-29.641944,30.6875,15-06-2012,133.90001,241.4,27.26
-26.648056,27.089444,15-06-2012,165.40001,144.3,28.46
-26.970278,27.211111,15-06-2012,166.2,144.9,28.49
-26.880278,26.965,15-06-2012,168.40001,142.70000000000002,28.869999
-26.98472222,26.63227778,15-06-2012,174.1,140.20000000000002,29.09
-27.398611,26.614722,15-06-2012,182.6,134.0,29.529999
-29.1825,23.575556,15-06-2012,208.8,70.2,33.18
-22.91028,29.61111,18-06-2012,167.40001,80.4,32.03
-29.7775,29.470833,18-06-2012,131.0,267.7,24.21
-29.744167,29.905833,18-06-2012,134.7,233.20000000000002,26.369999
-26.861111,28.884722,18-06-2012,151.0,134.5,26.9
-26.73806,27.59194,18-06-2012,161.40001,147.0,27.859999
-26.45,28.085833,18-06-2012,155.90001,141.4,27.42
-34.065833,20.404167,19-06-2012,178.8,11.200000000000001,30.529999
-25.127778,27.628889,19-06-2012,176.6,122.4,32.02
-25.20639,27.558,19-06-2012,177.0,124.5,31.91
-24.69514,27.40906,19-06-2012,185.0,115.5,32.829998
-27.363611,31.783333,19-06-2012,144.5,111.60000000000001,30.849998
-30.733889,29.828333,19-06-2012,127.4,161.20000000000002,25.68
-27.169444,29.233889,19-06-2012,145.40001,142.6,26.349998
-27.00222,28.76528,19-06-2012,150.40001,143.5,26.96
-29.160278,26.573333,19-06-2012,181.7,134.9,29.13
-29.028629,24.638389,19-06-2012,203.0,93.10000000000001,32.01
-29.161667,23.696389,20-06-2012,204.3,74.60000000000001,33.17
-24.282222,28.090278,20-06-2012,168.7,111.2,30.9
-25.681111,31.783333,20-06-2012,142.2,124.2,31.13
-25.398889,31.610556,20-06-2012,140.8,124.60000000000001,31.029999
-30.398056,30.601944,20-06-2012,131.0,162.70000000000002,26.66
-30.27402,30.69602,20-06-2012,130.7,173.8,26.59
-29.615556,27.065278,20-06-2012,169.8,154.3,28.09
-28.883333,27.89,20-06-2012,152.8,193.20000000000002,26.17
-34.405833,19.600556,20-06-2012,161.7,8.9,25.81
-24.670833,28.560833,21-06-2012,167.7,130.0,30.91
-24.99328,30.81444,21-06-2012,132.5,185.9,25.55
-24.768889,31.39,21-06-2012,144.5,128.20000000000002,31.49
-27.802778,28.768333,21-06-2012,145.5,176.60000000000002,26.18
-27.935,26.126667,21-06-2012,187.40001,117.30000000000001,29.779999
-28.1175,26.719444,21-06-2012,179.40001,136.20000000000002,29.26
-30.679722,26.7125,21-06-2012,170.8,100.9,29.279999
-30.160091,27.40124,21-06-2012,163.2,146.1,27.74
-30.336111,27.359444,21-06-2012,164.1,137.1,27.81
-33.501667,21.624167,21-06-2012,175.2,15.0,28.5
-34.329722,18.990278,21-06-2012,163.0,7.2,25.1
-25.436111,31.982222,22-06-2012,140.7,116.0,32.309998
-25.14944444,31.94055556,22-06-2012,140.2,113.5,31.71
-29.658056,25.973333,22-06-2012,179.1,102.10000000000001,28.939999
-31.000833,26.353056,22-06-2012,167.3,76.0,28.31
-29.803611,30.516111,22-06-2012,128.90001,240.3,26.26
-27.363611,31.783333,24-11-2015,170.5,16.8,33.2
-28.760833,17.730278,24-06-2012,239.2,4.4,36.239998
-24.679167,30.8025,25-06-2012,144.5,184.60000000000002,27.609999
-25.99136,27.84208,25-06-2012,158.8,147.70000000000002,28.119999
-25.362222,31.956667,25-06-2012,139.5,114.7,31.75
-25.14944444,31.94055556,25-06-2012,140.2,113.5,31.71
-27.01011111,26.69808333,26-06-2012,175.6,139.5,28.98
-24.183889,30.823889,26-06-2012,154.2,111.0,32.62
-29.758889,30.935278,26-06-2012,130.0,208.9,26.859999
-29.380556,30.2775,26-06-2012,128.5,219.8,25.26
-26.861111,28.884722,26-06-2012,151.0,134.5,26.9
-26.880278,26.965,26-06-2012,168.40001,142.70000000000002,28.869999
-26.45,28.085833,26-06-2012,155.90001,141.4,27.42
-26.98472222,26.63227778,26-06-2012,174.1,140.20000000000002,29.09
-34.039722,22.133333,26-06-2012,146.6,13.4,26.119999
-33.7075,18.97444444,26-06-2012,204.7,13.5,30.619999
-33.72266667,18.61691667,26-06-2012,195.3,9.200000000000001,28.65
-25.45963889,28.26430556,26-06-2012,167.0,126.9,30.599998
-29.161667,23.696389,27-06-2012,204.3,74.60000000000001,33.17
-25.81048333,27.90955222,27-06-2012,163.5,141.8,29.289999
-30.830556,26.921389,27-06-2012,167.0,100.9,28.529999
-24.058889,31.237222,27-06-2012,153.7,97.5,33.29
-28.404444,30.013056,27-06-2012,150.2,184.3,28.74
-27.4275,28.525833,27-06-2012,150.40001,165.0,26.699999
-34.031944,22.053333,27-06-2012,148.5,13.3,26.3
-32.595833,19.009444,27-06-2012,213.8,19.700000000000003,33.0
-28.058889,30.373611,27-06-2012,147.1,182.3,27.8
-25.447222,30.711667,27-06-2012,145.0,154.5,28.89
-29.161667,23.696389,28-06-2012,204.3,74.60000000000001,33.17
-29.641944,30.6875,28-06-2012,133.90001,241.4,27.26
-31.860278,18.6875,28-06-2012,211.8,17.3,31.519999
-27.5275,30.858056,28-06-2012,139.7,188.20000000000002,27.34
-29.380556,30.2775,28-06-2012,128.5,219.8,25.26
-27.00222,28.76528,28-06-2012,150.40001,143.5,26.96
-26.648056,27.089444,28-06-2012,165.40001,144.3,28.46
-29.028629,24.638389,28-06-2012,203.0,93.10000000000001,32.01
-29.1825,23.575556,28-06-2012,208.8,70.2,33.18
-25.49037,30.6986,29-06-2012,143.3,158.20000000000002,28.34
-30.398056,30.601944,29-06-2012,131.0,162.70000000000002,26.66
-30.27402,30.69602,29-06-2012,130.7,173.8,26.59
-27.935,26.126667,29-06-2012,187.40001,117.30000000000001,29.779999
-28.1175,26.719444,29-06-2012,179.40001,136.20000000000002,29.26
-25.127778,27.628889,03-07-2012,176.6,122.4,32.02
-25.20639,27.558,03-07-2012,177.0,124.5,31.91
-24.69514,27.40906,03-07-2012,185.0,115.5,32.829998
-28.747778,31.745833,03-07-2012,147.8,158.20000000000002,29.96
-31.5653,18.3306,03-07-2012,203.2,13.100000000000001,29.98
-24.39619444,27.08983333,04-07-2012,184.5,104.30000000000001,33.2
-28.801278,31.955389,04-07-2012,146.8,139.4,29.359999
-27.935,26.126667,04-07-2012,187.40001,117.30000000000001,29.779999
-28.141944,26.417778,04-07-2012,184.3,133.4,29.57
-28.1175,26.719444,04-07-2012,179.40001,136.20000000000002,29.26
-28.75,30.442778,05-07-2012,152.1,182.8,29.949999
-29.161667,30.629722,05-07-2012,132.0,218.9,25.73
-28.460833,21.248889,05-07-2012,238.6,36.2,35.18
-34.092222,21.295278,05-07-2012,167.0,14.3,28.38
-33.38056,19.30167,05-07-2012,193.8,18.5,28.68
-27.4,26.624722,05-07-2012,182.6,134.0,29.529999
-27.573056,24.746389,06-07-2012,207.0,113.4,32.09
-28.760833,17.730278,08-07-2012,251.7,0.6000000000000001,36.739998
-29.028629,24.638389,09-07-2012,231.6,39.6,35.36
-33.818056,19.694722,09-07-2012,210.2,15.9,30.779999
-26.861111,28.884722,10-07-2012,152.7,90.80000000000001,28.43
-26.880278,26.965,10-07-2012,175.40001,58.300000000000004,30.91
-26.45,28.085833,10-07-2012,160.7,75.7,29.349998
-26.98472222,26.63227778,10-07-2012,183.7,54.6,31.679998
-27.935,26.126667,10-07-2012,198.6,46.2,32.2
-28.1175,26.719444,10-07-2012,191.7,48.300000000000004,31.91
-28.69485,28.23487,10-07-2012,155.40001,68.0,28.07
-31.104278,29.399722,10-07-2012,141.3,79.10000000000001,27.779999
-31.396,29.2651,10-07-2012,143.3,78.2,28.22
-34.075556,20.145556,10-07-2012,195.2,18.1,30.46
-25.45963889,28.26430556,10-07-2012,167.0,91.9,31.449999
-28.338333,31.373611,10-07-2012,136.3,177.8,30.13
-28.068333,31.55,10-07-2012,144.90001,172.8,32.03
-28.760833,17.730278,11-07-2012,251.7,0.6000000000000001,36.739998
-29.161667,23.696389,11-07-2012,242.5,28.400000000000002,36.38
-25.81048333,27.90955222,11-07-2012,166.5,83.60000000000001,30.73
-29.641944,30.6875,11-07-2012,135.1,85.7,29.09
-28.883333,27.89,11-07-2012,162.7,65.4,29.099998
-30.568333,29.422778,11-07-2012,139.40001,86.5,26.72
-30.86013889,29.07125,11-07-2012,147.2,77.4,28.15
-30.570833,29.150556,11-07-2012,142.3,89.0,26.55
-30.77586667,29.03221667,11-07-2012,148.0,79.4,28.09
-34.250556,20.9925,11-07-2012,181.5,21.8,29.369999
-28.44555556,32.325,09-10-2012,136.2,233.4,30.269999
-26.648056,27.089444,12-07-2012,171.8,60.7,30.349998
-27.902778,24.615556,12-07-2012,229.7,48.5,35.71
-28.768056,20.720556,12-07-2012,270.80002,14.3,37.37
-31.031389,28.883333,12-07-2012,145.3,78.10000000000001,27.72
-29.7775,29.470833,16-07-2012,136.1,118.10000000000001,25.849998
-29.987778,29.851667,16-07-2012,135.90001,93.30000000000001,27.22
-29.744167,29.905833,16-07-2012,140.6,92.30000000000001,28.199999
-33.897778,20.012778,16-07-2012,198.5,15.8,31.07
-27.01011111,26.69808333,17-07-2012,184.40001,53.6,31.519999
-34.065833,20.404167,17-07-2012,193.7,16.900000000000002,31.199999
-25.127778,27.628889,17-07-2012,178.2,76.7,33.01
-25.20639,27.558,17-07-2012,176.5,74.5,32.76
-24.69514,27.40906,17-07-2012,178.7,85.10000000000001,33.05
-25.73411,27.21422,17-07-2012,167.3,75.0,30.769999
-27.363611,31.783333,17-07-2012,138.90001,144.4,32.0
-30.733889,29.828333,17-07-2012,133.8,83.9,27.369999
-26.648056,27.089444,17-07-2012,171.8,60.7,30.349998
-26.970278,27.211111,17-07-2012,173.8,60.6,30.55
-26.45,28.085833,17-07-2012,160.7,75.7,29.349998
-26.98472222,26.63227778,17-07-2012,183.7,54.6,31.679998
-27.935,26.126667,17-07-2012,198.6,46.2,32.2
-29.160278,26.573333,17-07-2012,204.2,46.2,32.48
-33.870833,20.003333,17-07-2012,198.6,14.8,31.429998
-29.161667,23.696389,18-07-2012,242.5,28.400000000000002,36.38
-24.39619444,27.08983333,18-07-2012,178.7,77.9,33.5
-26.905,32.324722,18-07-2012,144.0,159.5,33.809998
-30.398056,30.601944,18-07-2012,137.7,89.0,28.46
-30.27402,30.69602,18-07-2012,136.7,88.7,28.4
-27.169444,29.233889,18-07-2012,148.5,96.80000000000001,28.01
-26.861111,28.884722,18-07-2012,152.7,90.80000000000001,28.43
-28.69485,28.23487,18-07-2012,155.40001,68.0,28.07
-29.615556,27.065278,18-07-2012,190.7,53.0,31.05
-28.883333,27.89,18-07-2012,162.7,65.4,29.099998
-34.02861,22.22222,18-07-2012,156.6,31.8,26.23
-34.405833,19.600556,18-07-2012,168.7,25.1,26.22
-30.160091,27.40124,19-07-2012,184.1,54.900000000000006,30.49
-30.336111,27.359444,19-07-2012,185.8,53.6,30.429998
-30.830556,26.921389,20-07-2012,197.7,40.5,31.08
-29.658056,25.973333,20-07-2012,213.6,35.1,32.53
-31.000833,26.353056,20-07-2012,207.0,32.4,30.63
-30.679722,26.7125,20-07-2012,205.2,37.7,32.27
-28.460833,21.248889,20-07-2012,258.2,22.3,37.45
-29.803611,30.516111,20-07-2012,132.3,80.2,28.029999
-31.5653,18.3306,21-07-2012,226.8,0.5,31.15
-24.679167,30.8025,23-07-2012,131.7,249.5,27.07
-25.99136,27.84208,23-07-2012,163.40001,84.10000000000001,29.8
-26.880278,26.965,23-07-2012,175.40001,58.300000000000004,30.91
-26.98472222,26.63227778,23-07-2012,183.7,54.6,31.679998
-33.31388889,19.07472222,23-07-2012,220.3,10.200000000000001,31.56
-24.183889,30.823889,24-07-2012,148.0,152.8,32.69
-26.861111,28.884722,24-07-2012,152.7,90.80000000000001,28.43
-26.970278,27.211111,24-07-2012,173.8,60.6,30.55
-27.802778,28.768333,24-07-2012,150.7,80.7,28.349998
-28.69485,28.23487,24-07-2012,155.40001,68.0,28.07
-33.501667,21.624167,24-07-2012,195.5,19.900000000000002,29.84
-29.161667,23.696389,25-07-2012,242.5,28.400000000000002,36.38
-25.81048333,27.90955222,25-07-2012,166.5,83.60000000000001,30.73
-24.034167,31.123611,25-07-2012,143.0,165.10000000000002,32.48
-29.380556,30.2775,25-07-2012,132.0,112.80000000000001,27.019999
-28.058889,30.373611,25-07-2012,143.8,140.3,28.67
-29.641944,30.6875,26-07-2012,135.1,85.7,29.09
-31.860278,18.6875,26-07-2012,235.40001,1.3,32.469997
-27.5275,30.858056,26-07-2012,136.1,181.10000000000002,28.34
-29.380556,30.2775,26-07-2012,132.0,112.80000000000001,27.019999
-27.00222,28.76528,26-07-2012,154.2,84.7,28.74
-26.648056,27.089444,26-07-2012,171.8,60.7,30.349998
-29.758889,30.935278,27-07-2012,132.5,121.4,28.67
-30.27402,30.69602,28-07-2012,136.7,88.7,28.4
-27.01011111,26.69808333,30-07-2012,184.40001,53.6,31.519999
-26.648056,27.089444,30-07-2012,171.8,60.7,30.349998
-26.880278,26.965,30-07-2012,175.40001,58.300000000000004,30.91
-26.98472222,26.63227778,30-07-2012,183.7,54.6,31.679998
-31.554722,29.245556,30-07-2012,134.90001,80.5,26.91
-33.38056,19.30167,30-07-2012,208.3,12.700000000000001,29.25
-25.127778,27.628889,31-07-2012,178.2,76.7,33.01
-25.20639,27.558,31-07-2012,176.5,74.5,32.76
-26.861111,28.884722,31-07-2012,152.7,90.80000000000001,28.43
-26.970278,27.211111,31-07-2012,173.8,60.6,30.55
-26.73806,27.59194,31-07-2012,165.90001,67.4,29.84
-26.45,28.085833,31-07-2012,160.7,75.7,29.349998
-31.104278,29.399722,31-07-2012,141.3,79.10000000000001,27.779999
-24.39619444,27.08983333,01-08-2012,178.7,77.9,33.5
-27.169444,29.233889,01-08-2012,148.5,96.80000000000001,28.01
-28.141944,26.417778,01-08-2012,197.6,47.400000000000006,32.149998
-28.1175,26.719444,01-08-2012,191.7,48.300000000000004,31.91
-33.13083,18.86278,01-08-2012,216.0,8.0,32.12
-28.75,30.442778,02-08-2012,151.6,113.4,31.64
-29.161667,30.629722,02-08-2012,129.3,140.0,27.14
-27.00222,28.76528,02-08-2012,154.2,84.7,28.74
-26.648056,27.089444,02-08-2012,171.8,60.7,30.349998
-27.398611,26.614722,02-08-2012,192.90001,49.0,32.11
-28.376944,24.303056,02-08-2012,231.8,46.7,36.0
-27.671111,27.236944,03-08-2012,181.8,53.1,31.199999
-28.735556,29.820556,04-08-2012,151.2,113.0,30.63
-28.760833,17.730278,05-08-2012,251.7,0.6000000000000001,36.739998
-25.99136,27.84208,06-08-2012,163.40001,84.10000000000001,29.8
-26.970278,27.211111,06-08-2012,173.8,60.6,30.55
-33.818056,19.694722,06-08-2012,210.2,15.9,30.779999
-27.01011111,26.69808333,07-08-2012,184.40001,53.6,31.519999
-29.641944,30.6875,07-08-2012,135.1,85.7,29.09
-28.735556,29.820556,07-08-2012,151.2,113.0,30.63
-26.880278,26.965,07-08-2012,175.40001,58.300000000000004,30.91
-26.98472222,26.63227778,07-08-2012,183.7,54.6,31.679998
-27.398611,26.614722,07-08-2012,192.90001,49.0,32.11
-34.075556,20.145556,07-08-2012,195.2,18.1,30.46
-25.45963889,28.26430556,07-08-2012,167.0,91.9,31.449999
-28.338333,31.373611,07-08-2012,136.3,177.8,30.13
-28.068333,31.55,07-08-2012,144.90001,172.8,32.03
-25.57877778,29.12747222,07-08-2012,161.40001,115.80000000000001,30.66
-25.81048333,27.90955222,08-08-2012,166.5,83.60000000000001,30.73
-28.44555556,32.325,31-10-2012,136.2,233.4,30.269999
-26.861111,28.884722,08-08-2012,152.7,90.80000000000001,28.43
-26.45,28.085833,08-08-2012,160.7,75.7,29.349998
-27.273889,28.49,09-08-2012,157.5,76.3,29.07
-27.802778,28.768333,09-08-2012,150.7,80.7,28.349998
-27.00222,28.76528,10-08-2012,154.2,84.7,28.74
-27.02314,28.59389,10-08-2012,157.0,80.7,29.109999
-26.648056,27.089444,10-08-2012,171.8,60.7,30.349998
-27.573056,24.746389,10-08-2012,221.3,49.800000000000004,35.12
-34.065833,20.404167,12-08-2012,193.7,16.900000000000002,31.199999
-27.01011111,26.69808333,13-08-2012,184.40001,53.6,31.519999
-29.7775,29.470833,13-08-2012,136.1,118.10000000000001,25.849998
-29.987778,29.851667,13-08-2012,135.90001,93.30000000000001,27.22
-29.744167,29.905833,13-08-2012,140.6,92.30000000000001,28.199999
-26.880278,26.965,13-08-2012,175.40001,58.300000000000004,30.91
-26.98472222,26.63227778,13-08-2012,183.7,54.6,31.679998
-25.127778,27.628889,14-08-2012,178.2,76.7,33.01
-24.39619444,27.08983333,14-08-2012,178.7,77.9,33.5
-24.69514,27.40906,14-08-2012,178.7,85.10000000000001,33.05
-25.73411,27.21422,14-08-2012,167.3,75.0,30.769999
-26.03611,30.99778,14-08-2012,144.3,237.20000000000002,29.47
-27.363611,31.783333,14-08-2012,138.90001,144.4,32.0
-26.73806,27.59194,14-08-2012,165.90001,67.4,29.84
-26.45,28.085833,14-08-2012,160.7,75.7,29.349998
-27.273889,28.49,14-08-2012,157.5,76.3,29.07
-29.160278,26.573333,14-08-2012,204.2,46.2,32.48
-34.250556,20.9925,14-08-2012,181.5,21.8,29.369999
-33.897778,20.012778,14-08-2012,198.5,15.8,31.07
-25.20639,27.558,15-08-2012,176.5,74.5,32.76
-25.49037,30.6986,15-08-2012,138.5,185.8,28.83
-30.398056,30.601944,15-08-2012,137.7,89.0,28.46
-30.27402,30.69602,15-08-2012,136.7,88.7,28.4
-27.169444,29.233889,15-08-2012,148.5,96.80000000000001,28.01
-27.3,28.586944,15-08-2012,156.7,79.10000000000001,28.98
-29.033333,23.983333,15-08-2012,236.2,33.300000000000004,35.89
-28.69485,28.23487,15-08-2012,155.40001,68.0,28.07
-29.615556,27.065278,15-08-2012,190.7,53.0,31.05
-28.883333,27.89,15-08-2012,162.7,65.4,29.099998
-34.405833,19.600556,15-08-2012,168.7,25.1,26.22
-25.447222,30.711667,15-08-2012,141.3,182.10000000000002,29.39
-30.13573889,30.67422222,16-08-2012,137.40001,85.10000000000001,28.72
-26.648056,27.089444,16-08-2012,171.8,60.7,30.349998
-27.902778,24.615556,16-08-2012,229.7,48.5,35.71
-30.160091,27.40124,16-08-2012,184.1,54.900000000000006,30.49
-30.336111,27.359444,16-08-2012,185.8,53.6,30.429998
-30.830556,26.921389,17-08-2012,197.7,40.5,31.08
-29.658056,25.973333,17-08-2012,213.6,35.1,32.53
-31.000833,26.353056,17-08-2012,207.0,32.4,30.63
-30.679722,26.7125,17-08-2012,205.2,37.7,32.27
-29.803611,30.516111,17-08-2012,132.3,80.2,28.029999
-28.760833,17.730278,18-08-2012,251.7,0.6000000000000001,36.739998
-22.43772222,31.07805556,19-08-2012,157.2,149.8,34.96
-24.679167,30.8025,20-08-2012,131.7,249.5,27.07
-25.99136,27.84208,20-08-2012,163.40001,84.10000000000001,29.8
-30.27402,30.69602,20-08-2012,136.7,88.7,28.4
-26.880278,26.965,20-08-2012,175.40001,58.300000000000004,30.91
-26.98472222,26.63227778,20-08-2012,183.7,54.6,31.679998
-33.7075,18.97444444,20-08-2012,214.3,15.600000000000001,30.72
-24.183889,30.823889,21-08-2012,148.0,152.8,32.69
-29.380556,30.2775,21-08-2012,132.0,112.80000000000001,27.019999
-26.45,28.085833,21-08-2012,160.7,75.7,29.349998
-33.464444,18.740556,21-08-2012,214.3,12.100000000000001,30.269999
-25.45963889,28.26430556,21-08-2012,167.0,91.9,31.449999
-25.81048333,27.90955222,22-08-2012,166.5,83.60000000000001,30.73
-24.058889,31.237222,22-08-2012,145.1,151.4,32.89
-27.169444,29.233889,22-08-2012,148.5,96.80000000000001,28.01
-27.273889,28.49,22-08-2012,157.5,76.3,29.07
-27.802778,28.768333,22-08-2012,150.7,80.7,28.349998
-28.058889,30.373611,22-08-2012,143.8,140.3,28.67
-29.161667,23.696389,23-08-2012,242.5,28.400000000000002,36.38
-28.7115,24.07288889,23-08-2012,236.0,40.6,36.219997
-31.860278,18.6875,23-08-2012,235.40001,1.3,32.469997
-27.937778,31.209444,23-08-2012,139.7,158.3,29.9
-26.648056,27.089444,23-08-2012,171.8,60.7,30.349998
-29.1825,23.575556,23-08-2012,242.40001,26.900000000000002,36.309998
-34.031944,22.053333,23-08-2012,162.2,29.700000000000003,27.08
-34.02861,22.22222,23-08-2012,156.6,31.8,26.23
-23.838611,31.640833,24-08-2012,148.8,137.8,34.219997
-32.502778,19.535833,24-08-2012,237.5,2.6,33.739998
-29.380556,30.2775,26-08-2012,132.0,112.80000000000001,27.019999
-29.641944,30.6875,27-08-2012,135.1,85.7,29.09
-29.758889,30.935278,27-08-2012,132.5,121.4,28.67
-27.01011111,26.69808333,28-08-2012,184.40001,53.6,31.519999
-25.127778,27.628889,28-08-2012,178.2,76.7,33.01
-25.20639,27.558,28-08-2012,176.5,74.5,32.76
-24.69514,27.40906,28-08-2012,178.7,85.10000000000001,33.05
-28.747778,31.745833,28-08-2012,139.6,190.70000000000002,31.019999
-26.970278,27.211111,28-08-2012,173.8,60.6,30.55
-26.880278,26.965,28-08-2012,175.40001,58.300000000000004,30.91
-26.45,28.085833,28-08-2012,160.7,75.7,29.349998
-26.98472222,26.63227778,28-08-2012,183.7,54.6,31.679998
-30.86013889,29.07125,28-08-2012,147.2,77.4,28.15
-31.104278,29.399722,28-08-2012,141.3,79.10000000000001,27.779999
-31.396,29.2651,28-08-2012,143.3,78.2,28.22
-31.554722,29.245556,28-08-2012,134.90001,80.5,26.91
-33.501667,21.624167,28-08-2012,195.5,19.900000000000002,29.84
-31.5653,18.3306,28-08-2012,226.8,0.5,31.15
-29.161667,23.696389,29-08-2012,242.5,28.400000000000002,36.38
-28.801278,31.955389,29-08-2012,139.7,195.20000000000002,30.679998
-28.141944,26.417778,29-08-2012,197.6,47.400000000000006,32.149998
-28.1175,26.719444,29-08-2012,191.7,48.300000000000004,31.91
-30.568333,29.422778,29-08-2012,139.40001,86.5,26.72
-30.77586667,29.03221667,29-08-2012,148.0,79.4,28.09
-33.13083,18.86278,29-08-2012,216.0,8.0,32.12
-24.282222,28.090278,30-08-2012,160.8,137.4,31.019999
-28.75,30.442778,30-08-2012,151.6,113.4,31.64
-29.161667,30.629722,30-08-2012,129.3,140.0,27.14
-27.00222,28.76528,30-08-2012,154.2,84.7,28.74
-27.398611,26.614722,30-08-2012,192.90001,49.0,32.11
-27.671111,27.236944,30-08-2012,181.8,53.1,31.199999
-33.38056,19.30167,30-08-2012,208.3,12.700000000000001,29.25
-27.902778,24.615556,31-08-2012,229.7,48.5,35.71
-28.760833,17.730278,02-09-2012,251.7,0.6000000000000001,36.739998
-25.99136,27.84208,03-09-2012,163.40001,84.10000000000001,29.8
-22.43772222,31.07805556,03-09-2012,157.2,149.8,34.96
-26.970278,27.211111,03-09-2012,173.8,60.6,30.55
-27.3,28.586944,03-09-2012,156.7,79.10000000000001,28.98
-31.031389,28.883333,03-09-2012,145.3,78.10000000000001,27.72
-33.818056,19.694722,03-09-2012,210.2,15.9,30.779999
-27.01011111,26.69808333,04-09-2012,184.40001,53.6,31.519999
-26.880278,26.965,04-09-2012,175.40001,58.300000000000004,30.91
-26.98472222,26.63227778,04-09-2012,183.7,54.6,31.679998
-27.671111,27.236944,04-09-2012,181.8,53.1,31.199999
-34.075556,20.145556,04-09-2012,195.2,18.1,30.46
-25.45963889,28.26430556,04-09-2012,167.0,91.9,31.449999
-28.338333,31.373611,04-09-2012,136.3,177.8,30.13
-28.068333,31.55,04-09-2012,144.90001,172.8,32.03
-27.4,26.624722,04-09-2012,192.90001,49.0,32.11
-29.161667,23.696389,05-09-2012,242.5,28.400000000000002,36.38
-25.81048333,27.90955222,05-09-2012,166.5,83.60000000000001,30.73
-27.602222,29.942778,05-09-2012,151.2,133.4,29.33
-27.169444,29.233889,05-09-2012,148.5,96.80000000000001,28.01
-26.73806,27.59194,05-09-2012,165.90001,67.4,29.84
-26.45,28.085833,05-09-2012,160.7,75.7,29.349998
-29.641944,30.6875,06-09-2012,135.1,85.7,29.09
-29.161667,23.696389,07-09-2012,242.5,28.400000000000002,36.38
-28.7115,24.07288889,07-09-2012,236.0,40.6,36.219997
-27.02314,28.59389,07-09-2012,157.0,80.7,29.109999
-27.273889,28.49,07-09-2012,157.5,76.3,29.07
-29.1825,23.575556,07-09-2012,242.40001,26.900000000000002,36.309998
-29.028629,24.638389,08-09-2012,231.6,39.6,35.36
-27.01011111,26.69808333,10-09-2012,184.40001,53.6,31.519999
-29.987778,29.851667,10-09-2012,135.90001,93.30000000000001,27.22
-29.744167,29.905833,10-09-2012,140.6,92.30000000000001,28.199999
-26.98472222,26.63227778,10-09-2012,183.7,54.6,31.679998
-29.160278,26.573333,10-09-2012,204.2,46.2,32.48
-34.065833,20.404167,11-09-2012,193.7,16.900000000000002,31.199999
-25.127778,27.628889,11-09-2012,178.2,76.7,33.01
-24.39619444,27.08983333,11-09-2012,178.7,77.9,33.5
-24.69514,27.40906,11-09-2012,178.7,85.10000000000001,33.05
-27.363611,31.783333,11-09-2012,138.90001,144.4,32.0
-30.733889,29.828333,11-09-2012,133.8,83.9,27.369999
-26.970278,27.211111,11-09-2012,173.8,60.6,30.55
-26.45,28.085833,11-09-2012,160.7,75.7,29.349998
-28.69485,28.23487,11-09-2012,155.40001,68.0,28.07
-29.615556,27.065278,11-09-2012,190.7,53.0,31.05
-28.883333,27.89,11-09-2012,162.7,65.4,29.099998
-33.897778,20.012778,11-09-2012,198.5,15.8,31.07
-29.161667,23.696389,12-09-2012,242.5,28.400000000000002,36.38
-25.20639,27.558,12-09-2012,176.5,74.5,32.76
-22.769722,30.886944,12-09-2012,147.3,187.0,32.75
-28.44555556,32.325,24-01-2013,128.8,98.60000000000001,27.63
-26.905,32.324722,12-09-2012,144.0,159.5,33.809998
-30.398056,30.601944,12-09-2012,137.7,89.0,28.46
-30.27402,30.69602,12-09-2012,136.7,88.7,28.4
-30.160091,27.40124,12-09-2012,184.1,54.900000000000006,30.49
-30.336111,27.359444,12-09-2012,185.8,53.6,30.429998
-28.768056,20.720556,12-09-2012,270.80002,14.3,37.37
-34.405833,19.600556,12-09-2012,168.7,25.1,26.22
-30.830556,26.921389,13-09-2012,197.7,40.5,31.08
-27.00222,28.76528,13-09-2012,154.2,84.7,28.74
-26.648056,27.089444,13-09-2012,171.8,60.7,30.349998
-31.000833,26.353056,13-09-2012,207.0,32.4,30.63
-30.679722,26.7125,13-09-2012,205.2,37.7,32.27
-34.329722,18.990278,13-09-2012,164.0,27.1,25.0
-27.573056,24.746389,14-09-2012,221.3,49.800000000000004,35.12
-29.658056,25.973333,14-09-2012,213.6,35.1,32.53
-29.803611,30.516111,14-09-2012,132.3,80.2,28.029999
-29.161667,23.696389,17-09-2012,242.5,28.400000000000002,36.38
-25.99136,27.84208,17-09-2012,163.40001,84.10000000000001,29.8
-26.73806,27.59194,17-09-2012,165.90001,67.4,29.84
-26.45,28.085833,17-09-2012,160.7,75.7,29.349998
-27.935,26.126667,17-09-2012,198.6,46.2,32.2
-29.1825,23.575556,17-09-2012,242.40001,26.900000000000002,36.309998
-33.31388889,19.07472222,17-09-2012,220.3,10.200000000000001,31.56
-27.01011111,26.69808333,18-09-2012,184.40001,53.6,31.519999
-22.91028,29.61111,18-09-2012,145.3,155.3,31.439999
-27.5275,30.858056,18-09-2012,136.1,181.10000000000002,28.34
-29.380556,30.2775,18-09-2012,132.0,112.80000000000001,27.019999
-27.169444,29.233889,18-09-2012,148.5,96.80000000000001,28.01
-26.648056,27.089444,18-09-2012,171.8,60.7,30.349998
-26.970278,27.211111,18-09-2012,173.8,60.6,30.55
-26.880278,26.965,18-09-2012,175.40001,58.300000000000004,30.91
-27.802778,28.768333,18-09-2012,150.7,80.7,28.349998
-33.7075,18.97444444,18-09-2012,214.3,15.600000000000001,30.72
-25.45963889,28.26430556,18-09-2012,167.0,91.9,31.449999
-29.161667,23.696389,19-09-2012,242.5,28.400000000000002,36.38
-25.81048333,27.90955222,19-09-2012,166.5,83.60000000000001,30.73
-23.763056,27.908611,19-09-2012,166.2,119.9,32.44
-27.00222,28.76528,19-09-2012,154.2,84.7,28.74
-27.273889,28.49,19-09-2012,157.5,76.3,29.07
-34.039722,22.133333,19-09-2012,160.1,30.700000000000003,26.859999
-32.595833,19.009444,19-09-2012,237.40001,3.4000000000000004,33.48
-34.005833,22.351111,19-09-2012,153.1,36.2,25.699999
-31.860278,18.6875,20-09-2012,235.40001,1.3,32.469997
-29.744167,29.905833,27-12-2013,155.1,57.0,28.789999
-24.282222,28.090278,20-09-2012,160.8,137.4,31.019999
-23.838611,31.640833,20-09-2012,148.8,137.8,34.219997
-24.670833,28.560833,21-09-2012,163.90001,110.0,31.15
-32.502778,19.535833,21-09-2012,237.5,2.6,33.739998
-24.183889,30.823889,25-09-2012,148.0,152.8,32.69
-25.127778,27.628889,25-09-2012,178.2,76.7,33.01
-25.20639,27.558,25-09-2012,176.5,74.5,32.76
-24.69514,27.40906,25-09-2012,178.7,85.10000000000001,33.05
-25.73411,27.21422,25-09-2012,167.3,75.0,30.769999
-26.45,28.085833,25-09-2012,160.7,75.7,29.349998
-31.396,29.2651,25-09-2012,143.3,78.2,28.22
-31.554722,29.245556,25-09-2012,134.90001,80.5,26.91
-33.501667,21.624167,25-09-2012,195.5,19.900000000000002,29.84
-33.38056,19.30167,25-09-2012,208.3,12.700000000000001,29.25
-29.161667,23.696389,26-09-2012,242.5,28.400000000000002,36.38
-27.01011111,26.69808333,26-09-2012,184.40001,53.6,31.519999
-24.39619444,27.08983333,26-09-2012,178.7,77.9,33.5
-29.380556,30.2775,26-09-2012,132.0,112.80000000000001,27.019999
-26.648056,27.089444,26-09-2012,171.8,60.7,30.349998
-26.880278,26.965,26-09-2012,175.40001,58.300000000000004,30.91
-27.802778,28.768333,26-09-2012,150.7,80.7,28.349998
-26.98472222,26.63227778,26-09-2012,183.7,54.6,31.679998
-28.141944,26.417778,26-09-2012,197.6,47.400000000000006,32.149998
-28.1175,26.719444,26-09-2012,191.7,48.300000000000004,31.91
-30.568333,29.422778,26-09-2012,139.40001,86.5,26.72
-30.570833,29.150556,26-09-2012,142.3,89.0,26.55
-31.104278,29.399722,26-09-2012,141.3,79.10000000000001,27.779999
-31.5653,18.3306,26-09-2012,226.8,0.5,31.15
-29.641944,30.6875,27-09-2012,135.1,85.7,29.09
-24.679167,30.8025,27-09-2012,131.7,249.5,27.07
-28.747778,31.745833,27-09-2012,139.6,190.70000000000002,31.019999
-28.801278,31.955389,27-09-2012,139.7,195.20000000000002,30.679998
-28.75,30.442778,27-09-2012,151.6,113.4,31.64
-29.758889,30.935278,27-09-2012,132.5,121.4,28.67
-29.161667,30.629722,27-09-2012,129.3,140.0,27.14
-27.00222,28.76528,27-09-2012,154.2,84.7,28.74
-27.38972222,26.46388889,27-09-2012,195.5,48.1,32.25
-27.398611,26.614722,27-09-2012,192.90001,49.0,32.11
-27.671111,27.236944,27-09-2012,181.8,53.1,31.199999
-31.031389,28.883333,27-09-2012,145.3,78.10000000000001,27.72
-30.86013889,29.07125,27-09-2012,147.2,77.4,28.15
-30.77586667,29.03221667,27-09-2012,148.0,79.4,28.09
-33.13083,18.86278,27-09-2012,216.0,8.0,32.12
-30.27402,30.69602,28-09-2012,136.7,88.7,28.4
-27.902778,24.615556,28-09-2012,229.7,48.5,35.71
-24.9675,31.516667,30-09-2012,137.5,164.10000000000002,32.239998
-29.161667,23.696389,01-10-2012,242.5,28.400000000000002,36.38
-26.861111,28.884722,01-10-2012,152.7,90.80000000000001,28.43
-26.73806,27.59194,01-10-2012,165.90001,67.4,29.84
-26.45,28.085833,01-10-2012,160.7,75.7,29.349998
-33.818056,19.694722,01-10-2012,210.2,15.9,30.779999
-28.7115,24.07288889,02-10-2012,236.0,40.6,36.219997
-23.658056,31.05,02-10-2012,146.7,134.70000000000002,33.13
-28.735556,29.820556,02-10-2012,151.2,113.0,30.63
-27.169444,29.233889,02-10-2012,148.5,96.80000000000001,28.01
-27.802778,28.768333,02-10-2012,150.7,80.7,28.349998
-27.398611,26.614722,02-10-2012,192.90001,49.0,32.11
-27.671111,27.236944,02-10-2012,181.8,53.1,31.199999
-29.1825,23.575556,02-10-2012,242.40001,26.900000000000002,36.309998
-34.075556,20.145556,02-10-2012,195.2,18.1,30.46
-25.45963889,28.26430556,02-10-2012,167.0,91.9,31.449999
-28.338333,31.373611,02-10-2012,136.3,177.8,30.13
-28.068333,31.55,02-10-2012,144.90001,172.8,32.03
-27.01011111,26.69808333,03-10-2012,184.40001,53.6,31.519999
-25.81048333,27.90955222,03-10-2012,166.5,83.60000000000001,30.73
-29.641944,30.6875,03-10-2012,135.1,85.7,29.09
-22.769722,30.886944,03-10-2012,147.3,187.0,32.75
-27.00222,28.76528,03-10-2012,154.2,84.7,28.74
-27.02314,28.59389,03-10-2012,157.0,80.7,29.109999
-26.648056,27.089444,03-10-2012,171.8,60.7,30.349998
-26.880278,26.965,03-10-2012,175.40001,58.300000000000004,30.91
-27.273889,28.49,03-10-2012,157.5,76.3,29.07
-27.4275,28.525833,03-10-2012,156.5,75.9,28.97
-27.3,28.586944,03-10-2012,156.7,79.10000000000001,28.98
-34.092222,21.295278,03-10-2012,179.0,22.900000000000002,29.63
-25.57877778,29.12747222,03-10-2012,161.40001,115.80000000000001,30.66
-27.602222,29.942778,04-10-2012,151.2,133.4,29.33
-27.573056,24.746389,05-10-2012,221.3,49.800000000000004,35.12
-29.042222,24.6,05-10-2012,233.0,38.1,35.44
-29.028629,24.638389,05-10-2012,231.6,39.6,35.36
-29.7775,29.470833,08-10-2012,136.1,118.10000000000001,25.849998
-29.744167,29.905833,08-10-2012,140.6,92.30000000000001,28.199999
-26.45,28.085833,08-10-2012,160.7,75.7,29.349998
-33.897778,20.012778,08-10-2012,198.5,15.8,31.07
-27.01011111,26.69808333,09-10-2012,184.40001,53.6,31.519999
-34.065833,20.404167,09-10-2012,193.7,16.900000000000002,31.199999
-25.127778,27.628889,09-10-2012,178.2,76.7,33.01
-24.39619444,27.08983333,09-10-2012,178.7,77.9,33.5
-24.69514,27.40906,09-10-2012,178.7,85.10000000000001,33.05
-25.73411,27.21422,09-10-2012,167.3,75.0,30.769999
-30.733889,29.828333,09-10-2012,133.8,83.9,27.369999
-26.648056,27.089444,09-10-2012,171.8,60.7,30.349998
-26.970278,27.211111,09-10-2012,173.8,60.6,30.55
-26.880278,26.965,09-10-2012,175.40001,58.300000000000004,30.91
-27.802778,28.768333,09-10-2012,150.7,80.7,28.349998
-26.98472222,26.63227778,09-10-2012,183.7,54.6,31.679998
-29.160278,26.573333,09-10-2012,204.2,46.2,32.48
-28.69485,28.23487,09-10-2012,155.40001,68.0,28.07
-28.883333,27.89,09-10-2012,162.7,65.4,29.099998
-28.068333,31.55,09-10-2012,144.90001,172.8,32.03
-30.830556,26.921389,10-10-2012,197.7,40.5,31.08
-25.20639,27.558,10-10-2012,176.5,74.5,32.76
-30.398056,30.601944,10-10-2012,137.7,89.0,28.46
-27.00222,28.76528,10-10-2012,154.2,84.7,28.74
-31.000833,26.353056,10-10-2012,207.0,32.4,30.63
-28.768056,20.720556,10-10-2012,270.80002,14.3,37.37
-34.031944,22.053333,10-10-2012,162.2,29.700000000000003,27.08
-34.039722,22.133333,10-10-2012,160.1,30.700000000000003,26.859999
-34.405833,19.600556,10-10-2012,168.7,25.1,26.22
-34.005833,22.351111,10-10-2012,153.1,36.2,25.699999
-30.830556,26.921389,11-10-2012,197.7,40.5,31.08
-30.679722,26.7125,11-10-2012,205.2,37.7,32.27
-30.160091,27.40124,11-10-2012,184.1,54.900000000000006,30.49
-30.336111,27.359444,11-10-2012,185.8,53.6,30.429998
-28.404444,30.013056,12-10-2012,151.7,122.7,30.25
-27.902778,24.615556,12-10-2012,229.7,48.5,35.71
-29.658056,25.973333,12-10-2012,213.6,35.1,32.53
-31.000833,26.353056,12-10-2012,207.0,32.4,30.63
-29.803611,30.516111,12-10-2012,132.3,80.2,28.029999
-25.99136,27.84208,15-10-2012,163.40001,84.10000000000001,29.8
-26.45,28.085833,15-10-2012,160.7,75.7,29.349998
-33.31388889,19.07472222,15-10-2012,220.3,10.200000000000001,31.56
-29.161667,23.696389,16-10-2012,242.5,28.400000000000002,36.38
-27.01011111,26.69808333,16-10-2012,184.40001,53.6,31.519999
-25.681111,31.783333,16-10-2012,134.6,170.10000000000002,31.949999
-29.380556,30.2775,16-10-2012,132.0,112.80000000000001,27.019999
-26.648056,27.089444,16-10-2012,171.8,60.7,30.349998
-26.970278,27.211111,16-10-2012,173.8,60.6,30.55
-26.880278,26.965,16-10-2012,175.40001,58.300000000000004,30.91
-26.98472222,26.63227778,16-10-2012,183.7,54.6,31.679998
-27.935,26.126667,16-10-2012,198.6,46.2,32.2
-29.160278,26.573333,16-10-2012,204.2,46.2,32.48
-29.1825,23.575556,16-10-2012,242.40001,26.900000000000002,36.309998
-34.250556,20.9925,16-10-2012,181.5,21.8,29.369999
-33.7075,18.97444444,16-10-2012,214.3,15.600000000000001,30.72
-25.45963889,28.26430556,16-10-2012,167.0,91.9,31.449999
-29.161667,23.696389,17-10-2012,242.5,28.400000000000002,36.38
-25.81048333,27.90955222,17-10-2012,166.5,83.60000000000001,30.73
-24.768889,31.39,17-10-2012,137.40001,181.8,32.13
-24.9675,31.516667,17-10-2012,137.5,164.10000000000002,32.239998
-27.937778,31.209444,17-10-2012,139.7,158.3,29.9
-27.169444,29.233889,17-10-2012,148.5,96.80000000000001,28.01
-27.00222,28.76528,17-10-2012,154.2,84.7,28.74
-27.802778,28.768333,17-10-2012,150.7,80.7,28.349998
-32.595833,19.009444,17-10-2012,237.40001,3.4000000000000004,33.48
-28.058889,30.373611,17-10-2012,143.8,140.3,28.67
-31.860278,18.6875,18-10-2012,235.40001,1.3,32.469997
-27.273889,28.49,18-10-2012,157.5,76.3,29.07
-27.671111,27.236944,18-10-2012,181.8,53.1,31.199999
-25.14944444,31.94055556,19-10-2012,129.7,173.9,31.949999
-32.502778,19.535833,19-10-2012,237.5,2.6,33.739998
-31.031389,28.883333,21-10-2012,145.3,78.10000000000001,27.72
-24.679167,30.8025,22-10-2012,131.7,249.5,27.07
-26.861111,28.884722,22-10-2012,152.7,90.80000000000001,28.43
-26.45,28.085833,22-10-2012,160.7,75.7,29.349998
-31.396,29.2651,22-10-2012,143.3,78.2,28.22
-31.554722,29.245556,22-10-2012,134.90001,80.5,26.91
-27.01011111,26.69808333,23-10-2012,184.40001,53.6,31.519999
-24.183889,30.823889,23-10-2012,148.0,152.8,32.69
-25.127778,27.628889,23-10-2012,178.2,76.7,33.01
-25.20639,27.558,23-10-2012,176.5,74.5,32.76
-24.69514,27.40906,23-10-2012,178.7,85.10000000000001,33.05
-28.747778,31.745833,23-10-2012,139.6,190.70000000000002,31.019999
-26.648056,27.089444,23-10-2012,171.8,60.7,30.349998
-26.970278,27.211111,23-10-2012,173.8,60.6,30.55
-26.880278,26.965,23-10-2012,175.40001,58.300000000000004,30.91
-27.802778,28.768333,23-10-2012,150.7,80.7,28.349998
-27.38972222,26.46388889,23-10-2012,195.5,48.1,32.25
-26.98472222,26.63227778,23-10-2012,183.7,54.6,31.679998
-28.69485,28.23487,23-10-2012,155.40001,68.0,28.07
-30.568333,29.422778,23-10-2012,139.40001,86.5,26.72
-30.570833,29.150556,23-10-2012,142.3,89.0,26.55
-31.104278,29.399722,23-10-2012,141.3,79.10000000000001,27.779999
-33.501667,21.624167,23-10-2012,195.5,19.900000000000002,29.84
-29.161667,23.696389,24-10-2012,242.5,28.400000000000002,36.38
-24.39619444,27.08983333,24-10-2012,178.7,77.9,33.5
-24.058889,31.237222,24-10-2012,145.1,151.4,32.89
-28.141944,26.417778,24-10-2012,197.6,47.400000000000006,32.149998
-27.398611,26.614722,24-10-2012,192.90001,49.0,32.11
-27.671111,27.236944,24-10-2012,181.8,53.1,31.199999
-30.679722,26.7125,24-10-2012,205.2,37.7,32.27
-30.336111,27.359444,24-10-2012,185.8,53.6,30.429998
-28.768056,20.720556,24-10-2012,270.80002,14.3,37.37
-30.86013889,29.07125,24-10-2012,147.2,77.4,28.15
-30.77586667,29.03221667,24-10-2012,148.0,79.4,28.09
-33.13083,18.86278,24-10-2012,216.0,8.0,32.12
-28.75,30.442778,25-10-2012,151.6,113.4,31.64
-29.161667,30.629722,25-10-2012,129.3,140.0,27.14
-27.38972222,26.46388889,25-10-2012,195.5,48.1,32.25
-27.671111,27.236944,28-10-2012,181.8,53.1,31.199999
-28.068333,31.55,28-10-2012,144.90001,172.8,32.03
-25.99136,27.84208,29-10-2012,163.40001,84.10000000000001,29.8
-27.00222,28.76528,29-10-2012,154.2,84.7,28.74
-26.45,28.085833,29-10-2012,160.7,75.7,29.349998
-27.01011111,26.69808333,30-10-2012,184.40001,53.6,31.519999
-26.648056,27.089444,30-10-2012,171.8,60.7,30.349998
-26.970278,27.211111,30-10-2012,173.8,60.6,30.55
-26.880278,26.965,30-10-2012,175.40001,58.300000000000004,30.91
-26.98472222,26.63227778,30-10-2012,183.7,54.6,31.679998
-29.160278,26.573333,30-10-2012,204.2,46.2,32.48
-25.45963889,28.26430556,30-10-2012,167.0,91.9,31.449999
-28.338333,31.373611,30-10-2012,136.3,177.8,30.13
-25.57877778,29.12747222,30-10-2012,161.40001,115.80000000000001,30.66
-29.161667,23.696389,31-10-2012,242.5,28.400000000000002,36.38
-25.81048333,27.90955222,31-10-2012,166.5,83.60000000000001,30.73
-29.641944,30.6875,31-10-2012,135.1,85.7,29.09
-22.769722,30.886944,31-10-2012,147.3,187.0,32.75
-28.44555556,32.325,21-02-2013,128.8,98.60000000000001,27.63
-26.73806,27.59194,31-10-2012,165.90001,67.4,29.84
-23.658056,31.05,01-11-2012,146.7,134.70000000000002,33.13
-29.161667,23.696389,02-11-2012,242.5,28.400000000000002,36.38
-28.7115,24.07288889,02-11-2012,236.0,40.6,36.219997
-29.1825,23.575556,02-11-2012,242.40001,26.900000000000002,36.309998
-29.7775,29.470833,05-11-2012,136.1,118.10000000000001,25.849998
-29.987778,29.851667,05-11-2012,135.90001,93.30000000000001,27.22
-29.744167,29.905833,05-11-2012,140.6,92.30000000000001,28.199999
-26.970278,27.211111,05-11-2012,173.8,60.6,30.55
-26.45,28.085833,05-11-2012,160.7,75.7,29.349998
-33.818056,19.694722,05-11-2012,210.2,15.9,30.779999
-33.897778,20.012778,05-11-2012,198.5,15.8,31.07
-34.065833,20.404167,06-11-2012,193.7,16.900000000000002,31.199999
-24.670833,28.560833,06-11-2012,163.90001,110.0,31.15
-25.127778,27.628889,06-11-2012,178.2,76.7,33.01
-25.20639,27.558,06-11-2012,176.5,74.5,32.76
-24.39619444,27.08983333,06-11-2012,178.7,77.9,33.5
-24.69514,27.40906,06-11-2012,178.7,85.10000000000001,33.05
-26.03611,30.99778,06-11-2012,144.3,237.20000000000002,29.47
-27.363611,31.783333,06-11-2012,138.90001,144.4,32.0
-30.733889,29.828333,06-11-2012,133.8,83.9,27.369999
-27.38972222,26.46388889,06-11-2012,195.5,48.1,32.25
-27.398611,26.614722,06-11-2012,192.90001,49.0,32.11
-27.671111,27.236944,06-11-2012,181.8,53.1,31.199999
-29.160278,26.573333,06-11-2012,204.2,46.2,32.48
-28.69485,28.23487,06-11-2012,155.40001,68.0,28.07
-28.883333,27.89,06-11-2012,162.7,65.4,29.099998
-34.092222,21.295278,06-11-2012,179.0,22.900000000000002,29.63
-34.075556,20.145556,06-11-2012,195.2,18.1,30.46
-29.161667,23.696389,07-11-2012,242.5,28.400000000000002,36.38
-22.935,28.004167,07-11-2012,166.0,102.9,33.43
-26.905,32.324722,07-11-2012,144.0,159.5,33.809998
-30.398056,30.601944,07-11-2012,137.7,89.0,28.46
-30.27402,30.69602,07-11-2012,136.7,88.7,28.4
-27.3,28.586944,07-11-2012,156.7,79.10000000000001,28.98
-29.615556,27.065278,07-11-2012,190.7,53.0,31.05
-34.405833,19.600556,07-11-2012,168.7,25.1,26.22
-27.01011111,26.69808333,08-11-2012,184.40001,53.6,31.519999
-30.830556,26.921389,08-11-2012,197.7,40.5,31.08
-22.91028,29.61111,08-11-2012,145.3,155.3,31.439999
-26.861111,28.884722,08-11-2012,152.7,90.80000000000001,28.43
-27.00222,28.76528,08-11-2012,154.2,84.7,28.74
-27.02314,28.59389,08-11-2012,157.0,80.7,29.109999
-26.648056,27.089444,08-11-2012,171.8,60.7,30.349998
-26.880278,26.965,08-11-2012,175.40001,58.300000000000004,30.91
-26.98472222,26.63227778,08-11-2012,183.7,54.6,31.679998
-29.028629,24.638389,08-11-2012,231.6,39.6,35.36
-30.679722,26.7125,08-11-2012,205.2,37.7,32.27
-30.160091,27.40124,08-11-2012,184.1,54.900000000000006,30.49
-30.336111,27.359444,08-11-2012,185.8,53.6,30.429998
-34.329722,18.990278,08-11-2012,164.0,27.1,25.0
-29.658056,25.973333,09-11-2012,213.6,35.1,32.53
-31.000833,26.353056,09-11-2012,207.0,32.4,30.63
-29.803611,30.516111,09-11-2012,132.3,80.2,28.029999
-25.99136,27.84208,12-11-2012,163.40001,84.10000000000001,29.8
-26.861111,28.884722,12-11-2012,152.7,90.80000000000001,28.43
-26.45,28.085833,12-11-2012,160.7,75.7,29.349998
-27.671111,27.236944,12-11-2012,181.8,53.1,31.199999
-33.38056,19.30167,12-11-2012,208.3,12.700000000000001,29.25
-32.502778,19.535833,12-11-2012,237.5,2.6,33.739998
-27.01011111,26.69808333,13-11-2012,184.40001,53.6,31.519999
-31.860278,18.6875,13-11-2012,235.40001,1.3,32.469997
-25.73411,27.21422,13-11-2012,167.3,75.0,30.769999
-22.43772222,31.07805556,13-11-2012,157.2,149.8,34.96
-29.380556,30.2775,13-11-2012,132.0,112.80000000000001,27.019999
-27.169444,29.233889,13-11-2012,148.5,96.80000000000001,28.01
-27.00222,28.76528,13-11-2012,154.2,84.7,28.74
-26.970278,27.211111,13-11-2012,173.8,60.6,30.55
-26.880278,26.965,13-11-2012,175.40001,58.300000000000004,30.91
-26.98472222,26.63227778,13-11-2012,183.7,54.6,31.679998
-27.935,26.126667,13-11-2012,198.6,46.2,32.2
-32.595833,19.009444,13-11-2012,237.40001,3.4000000000000004,33.48
-25.45963889,28.26430556,13-11-2012,167.0,91.9,31.449999
-29.161667,23.696389,14-11-2012,242.5,28.400000000000002,36.38
-25.81048333,27.90955222,14-11-2012,166.5,83.60000000000001,30.73
-27.3,28.586944,14-11-2012,156.7,79.10000000000001,28.98
-33.31388889,19.07472222,14-11-2012,220.3,10.200000000000001,31.56
-33.13083,18.86278,14-11-2012,216.0,8.0,32.12
-27.5275,30.858056,15-11-2012,136.1,181.10000000000002,28.34
-33.7075,18.97444444,15-11-2012,214.3,15.600000000000001,30.72
-34.250556,20.9925,16-11-2012,181.5,21.8,29.369999
-24.679167,30.8025,19-11-2012,131.7,249.5,27.07
-26.45,28.085833,19-11-2012,160.7,75.7,29.349998
-28.116667,26.725278,19-11-2012,191.7,48.300000000000004,31.91
-29.160278,26.573333,19-11-2012,204.2,46.2,32.48
-27.01011111,26.69808333,20-11-2012,184.40001,53.6,31.519999
-24.183889,30.823889,20-11-2012,148.0,152.8,32.69
-25.127778,27.628889,20-11-2012,178.2,76.7,33.01
-25.20639,27.558,20-11-2012,176.5,74.5,32.76
-26.861111,28.884722,20-11-2012,152.7,90.80000000000001,28.43
-27.00222,28.76528,20-11-2012,154.2,84.7,28.74
-26.648056,27.089444,20-11-2012,171.8,60.7,30.349998
-26.970278,27.211111,20-11-2012,173.8,60.6,30.55
-26.880278,26.965,20-11-2012,175.40001,58.300000000000004,30.91
-26.98472222,26.63227778,20-11-2012,183.7,54.6,31.679998
-31.396,29.2651,20-11-2012,143.3,78.2,28.22
-31.554722,29.245556,20-11-2012,134.90001,80.5,26.91
-34.031944,22.053333,20-11-2012,162.2,29.700000000000003,27.08
-34.039722,22.133333,20-11-2012,160.1,30.700000000000003,26.859999
-29.161667,23.696389,21-11-2012,242.5,28.400000000000002,36.38
-28.7115,24.07288889,21-11-2012,236.0,40.6,36.219997
-28.747778,31.745833,21-11-2012,139.6,190.70000000000002,31.019999
-28.141944,26.417778,21-11-2012,197.6,47.400000000000006,32.149998
-30.27402,30.69602,10-10-2012,136.7,88.7,28.4
-29.160278,26.573333,21-11-2012,204.2,46.2,32.48
-30.570833,29.150556,21-11-2012,142.3,89.0,26.55
-31.104278,29.399722,21-11-2012,141.3,79.10000000000001,27.779999
-34.02861,22.22222,21-11-2012,156.6,31.8,26.23
-34.005833,22.351111,21-11-2012,153.1,36.2,25.699999
-29.140556,31.391944,22-11-2012,135.7,198.9,30.039999
-24.39619444,27.08983333,22-11-2012,178.7,77.9,33.5
-28.75,30.442778,22-11-2012,151.6,113.4,31.64
-27.38972222,26.46388889,22-11-2012,195.5,48.1,32.25
-27.671111,27.236944,22-11-2012,181.8,53.1,31.199999
-30.568333,29.422778,22-11-2012,139.40001,86.5,26.72
-31.031389,28.883333,22-11-2012,145.3,78.10000000000001,27.72
-30.86013889,29.07125,22-11-2012,147.2,77.4,28.15
-30.77586667,29.03221667,22-11-2012,148.0,79.4,28.09
-25.99136,27.84208,26-11-2012,163.40001,84.10000000000001,29.8
-26.73806,27.59194,26-11-2012,165.90001,67.4,29.84
-26.45,28.085833,26-11-2012,160.7,75.7,29.349998
-33.818056,19.694722,26-11-2012,210.2,15.9,30.779999
-33.897778,20.012778,26-11-2012,198.5,15.8,31.07
-34.065833,20.404167,27-11-2012,193.7,16.900000000000002,31.199999
-28.404444,30.013056,27-11-2012,151.7,122.7,30.25
-27.169444,29.233889,27-11-2012,148.5,96.80000000000001,28.01
-26.861111,28.884722,27-11-2012,152.7,90.80000000000001,28.43
-27.3,28.586944,27-11-2012,156.7,79.10000000000001,28.98
-29.042222,24.6,27-11-2012,233.0,38.1,35.44
-29.028629,24.638389,27-11-2012,231.6,39.6,35.36
-33.501667,21.624167,27-11-2012,195.5,19.900000000000002,29.84
-34.075556,20.145556,27-11-2012,195.2,18.1,30.46
-25.45963889,28.26430556,27-11-2012,167.0,91.9,31.449999
-28.338333,31.373611,27-11-2012,136.3,177.8,30.13
-28.068333,31.55,27-11-2012,144.90001,172.8,32.03
-25.57877778,29.12747222,27-11-2012,161.40001,115.80000000000001,30.66
-29.161667,23.696389,28-11-2012,242.5,28.400000000000002,36.38
-27.01011111,26.69808333,28-11-2012,184.40001,53.6,31.519999
-25.81048333,27.90955222,28-11-2012,166.5,83.60000000000001,30.73
-26.648056,27.089444,28-11-2012,171.8,60.7,30.349998
-26.970278,27.211111,28-11-2012,173.8,60.6,30.55
-26.880278,26.965,28-11-2012,175.40001,58.300000000000004,30.91
-27.802778,28.768333,28-11-2012,150.7,80.7,28.349998
-26.98472222,26.63227778,28-11-2012,183.7,54.6,31.679998
-34.405833,19.600556,28-11-2012,168.7,25.1,26.22
-29.641944,30.6875,29-11-2012,135.1,85.7,29.09
-25.73411,27.21422,29-11-2012,167.3,75.0,30.769999
-24.925278,29.324444,29-11-2012,166.8,103.7,32.37
-27.398611,26.614722,29-11-2012,192.90001,49.0,32.11
-34.329722,18.990278,29-11-2012,164.0,27.1,25.0
-29.7775,29.470833,03-12-2012,136.1,118.10000000000001,25.849998
-29.987778,29.851667,03-12-2012,135.90001,93.30000000000001,27.22
-29.744167,29.905833,03-12-2012,140.6,92.30000000000001,28.199999
-26.970278,27.211111,03-12-2012,173.8,60.6,30.55
-26.45,28.085833,03-12-2012,160.7,75.7,29.349998
-33.31388889,19.07472222,03-12-2012,220.3,10.200000000000001,31.56
-25.127778,27.628889,04-12-2012,178.2,76.7,33.01
-25.20639,27.558,04-12-2012,176.5,74.5,32.76
-24.39619444,27.08983333,04-12-2012,178.7,77.9,33.5
-24.69514,27.40906,04-12-2012,178.7,85.10000000000001,33.05
-22.769722,30.886944,04-12-2012,147.3,187.0,32.75
-27.363611,31.783333,04-12-2012,138.90001,144.4,32.0
-30.733889,29.828333,04-12-2012,133.8,83.9,27.369999
-26.861111,28.884722,04-12-2012,152.7,90.80000000000001,28.43
-27.02314,28.59389,04-12-2012,157.0,80.7,29.109999
-27.671111,27.236944,04-12-2012,181.8,53.1,31.199999
-28.69485,28.23487,04-12-2012,155.40001,68.0,28.07
-29.615556,27.065278,04-12-2012,190.7,53.0,31.05
-34.092222,21.295278,04-12-2012,179.0,22.900000000000002,29.63
-33.13083,18.86278,04-12-2012,216.0,8.0,32.12
-33.7075,18.97444444,04-12-2012,214.3,15.600000000000001,30.72
-29.161667,23.696389,05-12-2012,242.5,28.400000000000002,36.38
-27.01011111,26.69808333,05-12-2012,184.40001,53.6,31.519999
-30.398056,30.601944,05-12-2012,137.7,89.0,28.46
-27.00222,28.76528,05-12-2012,154.2,84.7,28.74
-26.648056,27.089444,05-12-2012,171.8,60.7,30.349998
-26.880278,26.965,05-12-2012,175.40001,58.300000000000004,30.91
-27.273889,28.49,05-12-2012,157.5,76.3,29.07
-27.3,28.586944,05-12-2012,156.7,79.10000000000001,28.98
-26.98472222,26.63227778,05-12-2012,183.7,54.6,31.679998
-30.336111,27.359444,05-12-2012,185.8,53.6,30.429998
-28.768056,20.720556,05-12-2012,270.80002,14.3,37.37
-34.039722,22.133333,05-12-2012,160.1,30.700000000000003,26.859999
-32.595833,19.009444,05-12-2012,237.40001,3.4000000000000004,33.48
-31.860278,18.6875,06-12-2012,235.40001,1.3,32.469997
-30.830556,26.921389,06-12-2012,197.7,40.5,31.08
-23.658056,31.05,06-12-2012,146.7,134.70000000000002,33.13
-26.905,32.324722,06-12-2012,144.0,159.5,33.809998
-26.98472222,26.63227778,06-12-2012,183.7,54.6,31.679998
-31.000833,26.353056,06-12-2012,207.0,32.4,30.63
-30.679722,26.7125,06-12-2012,205.2,37.7,32.27
-33.501667,21.624167,06-12-2012,195.5,19.900000000000002,29.84
-33.38056,19.30167,06-12-2012,208.3,12.700000000000001,29.25
-29.803611,30.516111,06-12-2012,132.3,80.2,28.029999
-29.658056,25.973333,07-12-2012,213.6,35.1,32.53
-28.96362,19.15486,08-12-2012,266.6,2.6,38.12
-25.99136,27.84208,10-12-2012,163.40001,84.10000000000001,29.8
-29.380556,30.2775,10-12-2012,132.0,112.80000000000001,27.019999
-26.73806,27.59194,10-12-2012,165.90001,67.4,29.84
-26.45,28.085833,10-12-2012,160.7,75.7,29.349998
-27.671111,27.236944,10-12-2012,181.8,53.1,31.199999
-30.86013889,29.07125,10-12-2012,147.2,77.4,28.15
-31.104278,29.399722,10-12-2012,141.3,79.10000000000001,27.779999
-31.396,29.2651,10-12-2012,143.3,78.2,28.22
-31.554722,29.245556,10-12-2012,134.90001,80.5,26.91
-34.005833,22.351111,10-12-2012,153.1,36.2,25.699999
-27.01011111,26.69808333,11-12-2012,184.40001,53.6,31.519999
-26.861111,28.884722,11-12-2012,152.7,90.80000000000001,28.43
-27.00222,28.76528,11-12-2012,154.2,84.7,28.74
-26.970278,27.211111,11-12-2012,173.8,60.6,30.55
-26.880278,26.965,11-12-2012,175.40001,58.300000000000004,30.91
-26.98472222,26.63227778,11-12-2012,183.7,54.6,31.679998
-30.77586667,29.03221667,11-12-2012,148.0,79.4,28.09
-25.45963889,28.26430556,11-12-2012,167.0,91.9,31.449999
-25.81048333,27.90955222,12-12-2012,166.5,83.60000000000001,30.73
-27.5275,30.858056,12-12-2012,136.1,181.10000000000002,28.34
-28.141944,26.417778,12-12-2012,197.6,47.400000000000006,32.149998
-28.1175,26.719444,12-12-2012,191.7,48.300000000000004,31.91
-30.568333,29.422778,12-12-2012,139.40001,86.5,26.72
-31.031389,28.883333,12-12-2012,145.3,78.10000000000001,27.72
-30.570833,29.150556,12-12-2012,142.3,89.0,26.55
-34.250556,20.9925,12-12-2012,181.5,21.8,29.369999
-24.670833,28.560833,13-12-2012,163.90001,110.0,31.15
-27.937778,31.209444,13-12-2012,139.7,158.3,29.9
-27.398611,26.614722,13-12-2012,192.90001,49.0,32.11
-27.671111,27.236944,13-12-2012,181.8,53.1,31.199999
-22.43772222,31.07805556,14-12-2012,157.2,149.8,34.96
-28.96362,19.15486,15-12-2012,266.6,2.6,38.12
-28.735556,29.820556,17-12-2012,151.2,113.0,30.63
-28.7115,24.07288889,18-12-2012,236.0,40.6,36.219997
-25.127778,27.628889,18-12-2012,178.2,76.7,33.01
-25.20639,27.558,18-12-2012,176.5,74.5,32.76
-24.69514,27.40906,18-12-2012,178.7,85.10000000000001,33.05
-26.45,28.085833,18-12-2012,160.7,75.7,29.349998
-29.1825,23.575556,18-12-2012,242.40001,26.900000000000002,36.309998
-33.501667,21.624167,18-12-2012,195.5,19.900000000000002,29.84
-29.161667,23.696389,19-12-2012,242.5,28.400000000000002,36.38
-27.01011111,26.69808333,19-12-2012,184.40001,53.6,31.519999
-24.39619444,27.08983333,19-12-2012,178.7,77.9,33.5
-28.404444,30.013056,19-12-2012,151.7,122.7,30.25
-26.861111,28.884722,19-12-2012,152.7,90.80000000000001,28.43
-27.00222,28.76528,19-12-2012,154.2,84.7,28.74
-26.648056,27.089444,19-12-2012,171.8,60.7,30.349998
-26.970278,27.211111,19-12-2012,173.8,60.6,30.55
-26.880278,26.965,19-12-2012,175.40001,58.300000000000004,30.91
-26.98472222,26.63227778,19-12-2012,183.7,54.6,31.679998
-28.768056,20.720556,19-12-2012,270.80002,14.3,37.37
-28.75,30.442778,20-12-2012,151.6,113.4,31.64
-29.161667,30.629722,20-12-2012,129.3,140.0,27.14
-28.96362,19.15486,22-12-2012,266.6,2.6,38.12
-28.96362,19.15486,29-12-2012,266.6,2.6,38.12
-25.14944444,31.94055556,01-01-2013,129.7,173.9,31.949999
-27.00222,28.76528,01-01-2013,154.2,84.7,28.74
-25.127778,27.628889,02-01-2013,163.8,34.4,34.059998
-25.99136,27.84208,02-01-2013,150.1,33.800000000000004,31.039999
-25.20639,27.558,02-01-2013,163.2,35.7,33.84
-30.160091,27.40124,02-01-2013,160.90001,59.2,30.66
-28.96362,19.15486,02-01-2013,222.2,0.4,37.75
-25.81048333,27.90955222,03-01-2013,145.0,23.900000000000002,30.16
-26.73806,27.59194,03-01-2013,141.1,28.3,28.699999
-27.398611,26.614722,03-01-2013,157.6,41.900000000000006,30.67
-27.671111,27.236944,03-01-2013,146.2,41.5,29.689999
-25.45963889,28.26430556,03-01-2013,149.8,22.1,30.91
-27.01011111,26.69808333,04-01-2013,116.0,39.300000000000004,25.88
-26.648056,27.089444,04-01-2013,108.3,54.5,25.369999
-26.970278,27.211111,04-01-2013,109.200005,50.7,25.55
-26.880278,26.965,04-01-2013,110.200005,48.400000000000006,25.68
-26.98472222,26.63227778,04-01-2013,115.700005,40.6,26.05
-28.96362,19.15486,05-01-2013,112.4,0.8,27.689999
-25.99136,27.84208,07-01-2013,80.3,0.1,20.22
-28.747778,31.745833,07-01-2013,71.700005,39.900000000000006,25.01
-29.7775,29.470833,07-01-2013,61.5,2.9000000000000004,18.13
-29.744167,29.905833,07-01-2013,66.5,2.7,21.59
-26.45,28.085833,07-01-2013,78.3,0.6000000000000001,19.64
-28.768056,20.720556,07-01-2013,82.1,22.400000000000002,22.17
-27.01011111,26.69808333,08-01-2013,116.0,0.0,22.269999
-23.658056,31.05,08-01-2013,102.5,0.6000000000000001,28.67
-27.169444,29.233889,08-01-2013,99.700005,1.3,20.67
-26.861111,28.884722,08-01-2013,103.6,0.7000000000000001,21.189999
-26.648056,27.089444,08-01-2013,113.6,0.0,22.35
-26.970278,27.211111,08-01-2013,115.700005,0.0,22.439999
-26.880278,26.965,08-01-2013,115.0,0.0,22.269999
-26.98472222,26.63227778,08-01-2013,116.700005,0.0,22.449999
-29.160278,26.573333,08-01-2013,104.8,0.1,20.35
-28.883333,27.89,08-01-2013,95.200005,0.1,18.8
-25.45963889,28.26430556,08-01-2013,119.9,0.1,26.119999
-25.81048333,27.90955222,09-01-2013,149.90001,2.0,28.939999
-22.769722,30.886944,09-01-2013,138.40001,7.6000000000000005,31.939999
-29.744167,29.905833,09-01-2013,115.9,0.5,24.93
-30.398056,30.601944,09-01-2013,105.200005,1.2000000000000002,24.25
-30.27402,30.69602,09-01-2013,104.0,1.0,24.279999
-27.00222,28.76528,09-01-2013,136.40001,3.2,25.66
-27.02314,28.59389,09-01-2013,138.8,3.1,26.0
-27.273889,28.49,09-01-2013,136.40001,3.1,25.439999
-27.4275,28.525833,09-01-2013,134.90001,3.0,24.96
-27.3,28.586944,09-01-2013,135.3,3.1,25.31
-30.830556,26.921389,10-01-2013,160.5,43.300000000000004,26.17
-30.733889,29.828333,10-01-2013,125.200005,73.9,24.8
-29.042222,24.6,10-01-2013,196.0,19.1,30.15
-29.028629,24.638389,10-01-2013,195.3,19.3,30.07
-30.679722,26.7125,10-01-2013,164.7,39.900000000000006,26.93
-30.160091,27.40124,10-01-2013,162.1,50.6,26.43
-30.336111,27.359444,10-01-2013,162.7,53.900000000000006,26.25
-24.39619444,27.08983333,11-01-2013,201.7,75.9,33.809998
-29.658056,25.973333,11-01-2013,205.1,33.2,29.939999
-31.000833,26.353056,11-01-2013,185.6,34.800000000000004,28.16
-30.534167,24.961944,11-01-2013,213.6,39.300000000000004,30.66
-34.250556,20.9925,11-01-2013,147.6,40.1,25.84
-29.803611,30.516111,11-01-2013,129.3,64.60000000000001,26.24
-29.140556,31.391944,13-01-2013,129.90001,139.9,27.65
-31.396,29.2651,14-01-2013,126.3,197.4,26.029999
-31.554722,29.245556,14-01-2013,117.5,205.60000000000002,24.789999
-33.818056,19.694722,14-01-2013,203.90001,9.1,30.23
-27.01011111,26.69808333,15-01-2013,170.6,139.4,28.49
-34.065833,20.404167,15-01-2013,182.3,8.5,30.31
-25.20639,27.558,15-01-2013,165.2,156.60000000000002,30.429998
-28.747778,31.745833,15-01-2013,137.90001,134.5,29.06
-26.648056,27.089444,15-01-2013,158.8,152.6,27.67
-26.970278,27.211111,15-01-2013,160.0,146.9,27.789999
-26.880278,26.965,15-01-2013,162.6,145.9,28.23
-26.98472222,26.63227778,15-01-2013,169.1,141.0,28.58
-30.568333,29.422778,15-01-2013,126.8,209.5,24.529999
-30.570833,29.150556,15-01-2013,128.2,212.20000000000002,24.38
-31.104278,29.399722,15-01-2013,124.5,207.5,25.74
-34.075556,20.145556,15-01-2013,185.90001,8.700000000000001,29.8
-29.161667,23.696389,16-01-2013,210.1,65.10000000000001,33.309998
-29.140556,31.391944,16-01-2013,129.90001,139.9,27.65
-24.39619444,27.08983333,16-01-2013,172.8,149.3,31.56
-26.45,28.085833,16-01-2013,147.8,150.6,26.31
-27.802778,28.768333,16-01-2013,140.1,168.9,25.49
-28.768056,20.720556,16-01-2013,252.6,19.200000000000003,35.739998
-31.031389,28.883333,16-01-2013,129.5,201.3,25.609999
-30.86013889,29.07125,16-01-2013,130.2,201.10000000000002,26.01
-30.77586667,29.03221667,16-01-2013,130.8,204.8,25.9
-33.501667,21.624167,16-01-2013,186.2,10.9,28.269999
-34.405833,19.600556,16-01-2013,162.8,8.9,25.57
-28.801278,31.955389,17-01-2013,135.3,113.10000000000001,28.48
-28.75,30.442778,17-01-2013,146.2,162.10000000000002,29.279999
-29.161667,30.629722,17-01-2013,124.700005,189.0,25.109999
-26.861111,28.884722,17-01-2013,143.2,141.8,25.779999
-27.00222,28.76528,17-01-2013,143.40001,148.3,25.97
-27.4275,28.525833,17-01-2013,145.0,162.4,26.0
-34.329722,18.990278,17-01-2013,164.2,8.700000000000001,24.8
-25.99136,27.84208,21-01-2013,149.40001,163.10000000000002,26.83
-26.73806,27.59194,21-01-2013,153.90001,153.70000000000002,26.91
-26.45,28.085833,21-01-2013,147.8,150.6,26.31
-27.01011111,26.69808333,22-01-2013,170.6,139.4,28.49
-28.747778,31.745833,22-01-2013,137.90001,134.5,29.06
-26.861111,28.884722,22-01-2013,143.2,141.8,25.779999
-26.648056,27.089444,22-01-2013,158.8,152.6,27.67
-26.970278,27.211111,22-01-2013,160.0,146.9,27.789999
-26.880278,26.965,22-01-2013,162.6,145.9,28.23
-26.98472222,26.63227778,22-01-2013,169.1,141.0,28.58
-27.935,26.126667,22-01-2013,183.1,103.4,29.66
-28.1175,26.719444,22-01-2013,175.0,120.10000000000001,29.039999
-30.160091,27.40124,22-01-2013,159.7,143.9,27.63
-34.031944,22.053333,22-01-2013,155.7,11.100000000000001,25.949999
-34.039722,22.133333,22-01-2013,153.90001,11.4,25.769999
-25.45963889,28.26430556,22-01-2013,155.0,147.8,28.89
-28.338333,31.373611,22-01-2013,133.1,134.0,27.769999
-28.068333,31.55,22-01-2013,140.8,107.7,29.9
-29.161667,23.696389,23-01-2013,210.1,65.10000000000001,33.309998
-25.81048333,27.90955222,23-01-2013,153.40001,158.60000000000002,27.869999
-29.744167,29.905833,23-01-2013,129.0,258.2,25.869999
-27.00222,28.76528,23-01-2013,143.40001,148.3,25.97
-27.38972222,26.46388889,23-01-2013,179.6,124.9,29.349998
-28.141944,26.417778,23-01-2013,180.1,116.4,29.46
-27.398611,26.614722,23-01-2013,177.90001,126.60000000000001,29.17
-30.336111,27.359444,23-01-2013,161.5,139.5,27.72
-24.058889,31.237222,24-01-2013,137.6,111.7,31.349998
-28.44555556,32.325,21-03-2013,128.8,98.60000000000001,27.63
-28.1175,26.719444,24-01-2013,175.0,120.10000000000001,29.039999
-27.671111,27.236944,24-01-2013,167.2,134.5,28.529999
-29.641944,30.6875,28-01-2013,127.200005,211.4,26.75
-29.758889,30.935278,28-01-2013,122.700005,180.8,26.369999
-30.398056,30.601944,28-01-2013,124.1,237.70000000000002,26.21
-30.27402,30.69602,28-01-2013,123.6,235.10000000000002,26.09
-26.45,28.085833,28-01-2013,147.8,150.6,26.31
-34.02861,22.22222,28-01-2013,150.40001,12.4,25.3
-33.31388889,19.07472222,28-01-2013,212.8,11.200000000000001,31.14
-27.01011111,26.69808333,29-01-2013,170.6,139.4,28.49
-25.127778,27.628889,29-01-2013,164.7,154.20000000000002,30.5
-25.20639,27.558,29-01-2013,165.2,156.60000000000002,30.429998
-24.39619444,27.08983333,29-01-2013,172.8,149.3,31.56
-24.69514,27.40906,29-01-2013,172.7,157.70000000000002,31.24
-27.363611,31.783333,29-01-2013,132.8,91.5,29.66
-28.735556,29.820556,29-01-2013,143.3,175.3,28.33
-26.861111,28.884722,29-01-2013,143.2,141.8,25.779999
-26.98472222,26.63227778,29-01-2013,169.1,141.0,28.58
-27.398611,26.614722,29-01-2013,177.90001,126.60000000000001,29.17
-33.7075,18.97444444,29-01-2013,208.90001,11.0,30.38
-34.005833,22.351111,29-01-2013,147.1,13.9,24.74
-29.641944,30.6875,30-01-2013,127.200005,211.4,26.75
-29.380556,30.2775,30-01-2013,122.4,209.5,24.75
-26.648056,27.089444,30-01-2013,158.8,152.6,27.67
-29.042222,24.6,30-01-2013,205.8,76.60000000000001,32.17
-29.028629,24.638389,30-01-2013,204.90001,78.10000000000001,32.11
-32.595833,19.009444,30-01-2013,222.6,9.9,32.94
-33.13083,18.86278,30-01-2013,215.6,10.100000000000001,31.699999
-26.905,32.324722,31-01-2013,133.0,71.8,31.13
-27.935,26.126667,31-01-2013,183.1,103.4,29.66
-28.1175,26.719444,31-01-2013,175.0,120.10000000000001,29.039999
-27.902778,24.615556,31-01-2013,198.40001,93.9,32.34
-30.160091,27.40124,31-01-2013,159.7,143.9,27.63
-33.38056,19.30167,31-01-2013,199.0,11.600000000000001,28.48
-32.502778,19.535833,01-02-2013,234.1,9.0,32.85
-25.99136,27.84208,04-02-2013,149.40001,163.10000000000002,26.83
-26.73806,27.59194,04-02-2013,153.90001,153.70000000000002,26.91
-26.45,28.085833,04-02-2013,147.8,150.6,26.31
-23.658056,31.05,05-02-2013,141.8,100.2,31.519999
-23.281,30.54305556,05-02-2013,142.7,110.60000000000001,30.46
-25.14944444,31.94055556,05-02-2013,122.0,94.7,29.91
-27.169444,29.233889,05-02-2013,138.3,147.1,25.34
-26.861111,28.884722,05-02-2013,143.2,141.8,25.779999
-27.398611,26.614722,05-02-2013,177.90001,126.60000000000001,29.17
-27.671111,27.236944,05-02-2013,167.2,134.5,28.529999
-29.160278,26.573333,05-02-2013,178.6,116.80000000000001,29.199999
-34.031944,22.053333,05-02-2013,155.7,11.100000000000001,25.949999
-25.45963889,28.26430556,05-02-2013,155.0,147.8,28.89
-27.01011111,26.69808333,06-02-2013,170.6,139.4,28.49
-25.81048333,27.90955222,06-02-2013,153.40001,158.60000000000002,27.869999
-22.769722,30.886944,06-02-2013,148.1,132.4,31.609999
-29.744167,29.905833,06-02-2013,129.0,258.2,25.869999
-27.02314,28.59389,06-02-2013,145.3,150.20000000000002,26.21
-26.648056,27.089444,06-02-2013,158.8,152.6,27.67
-26.970278,27.211111,06-02-2013,160.0,146.9,27.789999
-27.273889,28.49,06-02-2013,146.2,157.0,26.119999
-27.4275,28.525833,06-02-2013,145.0,162.4,26.0
-27.3,28.586944,06-02-2013,144.8,156.8,26.099998
-26.98472222,26.63227778,06-02-2013,169.1,141.0,28.58
-28.69485,28.23487,06-02-2013,144.8,168.4,25.16
-29.615556,27.065278,06-02-2013,166.5,140.0,27.98
-28.883333,27.89,06-02-2013,149.2,170.9,25.949999
-28.75,30.442778,07-02-2013,146.2,162.10000000000002,29.279999
-29.161667,30.629722,07-02-2013,124.700005,189.0,25.109999
-27.00222,28.76528,07-02-2013,143.40001,148.3,25.97
-30.679722,26.7125,07-02-2013,173.7,105.10000000000001,29.189999
-30.160091,27.40124,07-02-2013,159.7,143.9,27.63
-30.336111,27.359444,07-02-2013,161.5,139.5,27.72
-27.935,26.126667,08-02-2013,183.1,103.4,29.66
-28.1175,26.719444,08-02-2013,175.0,120.10000000000001,29.039999
-29.160278,26.573333,08-02-2013,178.6,116.80000000000001,29.199999
-29.658056,25.973333,08-02-2013,180.8,89.0,29.06
-31.000833,26.353056,08-02-2013,174.6,83.30000000000001,28.15
-28.96362,19.15486,09-02-2013,251.1,2.4000000000000004,36.73
-23.281,30.54305556,10-02-2013,142.7,110.60000000000001,30.46
-24.058889,31.237222,11-02-2013,137.6,111.7,31.349998
-26.970278,27.211111,11-02-2013,160.0,146.9,27.789999
-26.45,28.085833,11-02-2013,147.8,150.6,26.31
-31.031389,28.883333,11-02-2013,129.5,201.3,25.609999
-30.86013889,29.07125,11-02-2013,130.2,201.10000000000002,26.01
-30.77586667,29.03221667,11-02-2013,130.8,204.8,25.9
-33.818056,19.694722,11-02-2013,203.90001,9.1,30.23
-27.01011111,26.69808333,12-02-2013,170.6,139.4,28.49
-34.065833,20.404167,12-02-2013,182.3,8.5,30.31
-24.670833,28.560833,12-02-2013,152.8,176.9,28.93
-25.127778,27.628889,12-02-2013,164.7,154.20000000000002,30.5
-25.20639,27.558,12-02-2013,165.2,156.60000000000002,30.429998
-24.69514,27.40906,12-02-2013,172.7,157.70000000000002,31.24
-28.747778,31.745833,12-02-2013,137.90001,134.5,29.06
-29.380556,30.2775,12-02-2013,122.4,209.5,24.75
-26.861111,28.884722,12-02-2013,143.2,141.8,25.779999
-26.648056,27.089444,12-02-2013,158.8,152.6,27.67
-26.880278,26.965,12-02-2013,162.6,145.9,28.23
-26.98472222,26.63227778,12-02-2013,169.1,141.0,28.58
-29.042222,24.6,12-02-2013,205.8,76.60000000000001,32.17
-34.075556,20.145556,12-02-2013,185.90001,8.700000000000001,29.8
-28.058889,30.373611,12-02-2013,139.90001,166.4,26.91
-29.161667,23.696389,13-02-2013,210.1,65.10000000000001,33.309998
-24.282222,28.090278,13-02-2013,153.6,160.20000000000002,28.939999
-24.39619444,27.08983333,13-02-2013,172.8,149.3,31.56
-24.925278,29.324444,13-02-2013,154.1,152.3,30.32
-28.747778,31.745833,13-02-2013,137.90001,134.5,29.06
-27.937778,31.209444,13-02-2013,136.6,124.0,27.75
-28.404444,30.013056,13-02-2013,144.7,165.60000000000002,28.07
-28.768056,20.720556,13-02-2013,252.6,19.200000000000003,35.739998
-31.396,29.2651,13-02-2013,126.3,197.4,26.029999
-31.554722,29.245556,13-02-2013,117.5,205.60000000000002,24.789999
-33.897778,20.012778,13-02-2013,197.3,8.200000000000001,30.57
-28.801278,31.955389,14-02-2013,135.3,113.10000000000001,28.48
-27.5275,30.858056,14-02-2013,130.6,164.20000000000002,26.24
-27.671111,27.236944,14-02-2013,167.2,134.5,28.529999
-27.573056,24.746389,14-02-2013,200.40001,100.7,31.99
-30.568333,29.422778,14-02-2013,126.8,209.5,24.529999
-30.570833,29.150556,14-02-2013,128.2,212.20000000000002,24.38
-31.104278,29.399722,14-02-2013,124.5,207.5,25.74
-34.329722,18.990278,14-02-2013,164.2,8.700000000000001,24.8
-29.744167,29.905833,16-02-2013,129.0,258.2,25.869999
-25.99136,27.84208,18-02-2013,149.40001,163.10000000000002,26.83
-29.7775,29.470833,18-02-2013,125.5,289.7,23.76
-26.880278,26.965,18-02-2013,162.6,145.9,28.23
-27.01011111,26.69808333,19-02-2013,170.6,139.4,28.49
-30.733889,29.828333,19-02-2013,121.5,231.3,25.26
-26.648056,27.089444,19-02-2013,158.8,152.6,27.67
-26.970278,27.211111,19-02-2013,160.0,146.9,27.789999
-26.98472222,26.63227778,19-02-2013,169.1,141.0,28.58
-25.45963889,28.26430556,19-02-2013,155.0,147.8,28.89
-28.068333,31.55,19-02-2013,140.8,107.7,29.9
-29.161667,23.696389,20-02-2013,210.1,65.10000000000001,33.309998
-25.81048333,27.90955222,20-02-2013,153.40001,158.60000000000002,27.869999
-29.744167,29.905833,20-02-2013,129.0,258.2,25.869999
-30.27402,30.69602,20-02-2013,123.6,235.10000000000002,26.09
-27.38972222,26.46388889,20-02-2013,179.6,124.9,29.349998
-28.141944,26.417778,20-02-2013,180.1,116.4,29.46
-28.1175,26.719444,20-02-2013,175.0,120.10000000000001,29.039999
-34.250556,20.9925,20-02-2013,177.3,10.3,28.17
-28.44555556,32.325,18-04-2013,128.8,98.60000000000001,27.63
-30.13573889,30.67422222,21-02-2013,125.1,227.8,26.449999
-27.398611,26.614722,21-02-2013,177.90001,126.60000000000001,29.17
-27.671111,27.236944,21-02-2013,167.2,134.5,28.529999
-28.96362,19.15486,23-02-2013,251.1,2.4000000000000004,36.73
-28.735556,29.820556,25-02-2013,143.3,175.3,28.33
-26.45,28.085833,25-02-2013,147.8,150.6,26.31
-33.501667,21.624167,25-02-2013,186.2,10.9,28.269999
-33.38056,19.30167,25-02-2013,199.0,11.600000000000001,28.48
-33.31388889,19.07472222,25-02-2013,212.8,11.200000000000001,31.14
-27.01011111,26.69808333,26-02-2013,170.6,139.4,28.49
-22.935,28.004167,26-02-2013,167.90001,93.5,32.01
-23.763056,27.908611,26-02-2013,159.1,133.8,30.369999
-22.548889,28.898056,26-02-2013,160.3,92.5,31.64
-22.91028,29.61111,26-02-2013,145.1,131.6,29.9
-25.127778,27.628889,26-02-2013,164.7,154.20000000000002,30.5
-25.20639,27.558,26-02-2013,165.2,156.60000000000002,30.429998
-24.39619444,27.08983333,26-02-2013,172.8,149.3,31.56
-24.69514,27.40906,26-02-2013,172.7,157.70000000000002,31.24
-25.73411,27.21422,26-02-2013,156.2,175.9,27.96
-27.363611,31.783333,26-02-2013,132.8,91.5,29.66
-26.861111,28.884722,26-02-2013,143.2,141.8,25.779999
-26.648056,27.089444,26-02-2013,158.8,152.6,27.67
-26.970278,27.211111,26-02-2013,160.0,146.9,27.789999
-26.880278,26.965,26-02-2013,162.6,145.9,28.23
-26.98472222,26.63227778,26-02-2013,169.1,141.0,28.58
-33.7075,18.97444444,26-02-2013,208.90001,11.0,30.38
-29.161667,23.696389,27-02-2013,210.1,65.10000000000001,33.309998
-29.641944,30.6875,27-02-2013,127.200005,211.4,26.75
-24.282222,28.090278,27-02-2013,153.6,160.20000000000002,28.939999
-24.670833,28.560833,27-02-2013,152.8,176.9,28.93
-27.602222,29.942778,27-02-2013,146.2,166.60000000000002,27.8
-27.00222,28.76528,27-02-2013,143.40001,148.3,25.97
-32.595833,19.009444,27-02-2013,222.6,9.9,32.94
-33.08883333,19.21878333,27-02-2013,201.0,11.9,27.99
-33.13083,18.86278,27-02-2013,215.6,10.100000000000001,31.699999
-32.94583,18.33667,27-02-2013,200.2,7.1000000000000005,28.68
-26.905,32.324722,28-02-2013,133.0,71.8,31.13
-34.092222,21.295278,28-02-2013,172.2,10.9,28.099998
-27.902778,24.615556,01-03-2013,198.40001,93.9,32.34
-25.99136,27.84208,04-03-2013,149.40001,163.10000000000002,26.83
-26.73806,27.59194,04-03-2013,153.90001,153.70000000000002,26.91
-26.45,28.085833,04-03-2013,147.8,150.6,26.31
-23.658056,31.05,05-03-2013,141.8,100.2,31.519999
-23.281,30.54305556,05-03-2013,142.7,110.60000000000001,30.46
-27.169444,29.233889,05-03-2013,138.3,147.1,25.34
-26.861111,28.884722,05-03-2013,143.2,141.8,25.779999
-27.398611,26.614722,05-03-2013,177.90001,126.60000000000001,29.17
-28.69485,28.23487,05-03-2013,144.8,168.4,25.16
-28.883333,27.89,05-03-2013,149.2,170.9,25.949999
-25.45963889,28.26430556,05-03-2013,155.0,147.8,28.89
-27.01011111,26.69808333,06-03-2013,170.6,139.4,28.49
-25.81048333,27.90955222,06-03-2013,153.40001,158.60000000000002,27.869999
-29.744167,29.905833,06-03-2013,129.0,258.2,25.869999
-26.648056,27.089444,06-03-2013,158.8,152.6,27.67
-26.970278,27.211111,06-03-2013,160.0,146.9,27.789999
-26.880278,26.965,06-03-2013,162.6,145.9,28.23
-26.98472222,26.63227778,06-03-2013,169.1,141.0,28.58
-29.160278,26.573333,06-03-2013,178.6,116.80000000000001,29.199999
-29.615556,27.065278,06-03-2013,166.5,140.0,27.98
-34.031944,22.053333,06-03-2013,155.7,11.100000000000001,25.949999
-34.039722,22.133333,06-03-2013,153.90001,11.4,25.769999
-30.830556,26.921389,07-03-2013,168.7,110.0,28.369999
-28.75,30.442778,07-03-2013,146.2,162.10000000000002,29.279999
-29.161667,30.629722,07-03-2013,124.700005,189.0,25.109999
-30.160091,27.40124,07-03-2013,159.7,143.9,27.63
-30.336111,27.359444,07-03-2013,161.5,139.5,27.72
-29.042222,24.6,08-03-2013,205.8,76.60000000000001,32.17
-31.000833,26.353056,08-03-2013,174.6,83.30000000000001,28.15
-30.679722,26.7125,08-03-2013,173.7,105.10000000000001,29.189999
-34.005833,22.351111,08-03-2013,147.1,13.9,24.74
-28.735556,29.820556,11-03-2013,143.3,175.3,28.33
-26.970278,27.211111,11-03-2013,160.0,146.9,27.789999
-26.45,28.085833,11-03-2013,147.8,150.6,26.31
-29.1825,23.575556,11-03-2013,215.5,61.0,33.29
-33.818056,19.694722,11-03-2013,203.90001,9.1,30.23
-27.01011111,26.69808333,12-03-2013,170.6,139.4,28.49
-34.065833,20.404167,12-03-2013,182.3,8.5,30.31
-25.127778,27.628889,12-03-2013,164.7,154.20000000000002,30.5
-25.20639,27.558,12-03-2013,165.2,156.60000000000002,30.429998
-24.69514,27.40906,12-03-2013,172.7,157.70000000000002,31.24
-28.747778,31.745833,12-03-2013,137.90001,134.5,29.06
-28.404444,30.013056,12-03-2013,144.7,165.60000000000002,28.07
-29.380556,30.2775,12-03-2013,122.4,209.5,24.75
-26.861111,28.884722,12-03-2013,143.2,141.8,25.779999
-26.648056,27.089444,12-03-2013,158.8,152.6,27.67
-26.880278,26.965,12-03-2013,162.6,145.9,28.23
-26.98472222,26.63227778,12-03-2013,169.1,141.0,28.58
-28.376944,24.303056,12-03-2013,200.90001,86.9,32.399998
-34.075556,20.145556,12-03-2013,185.90001,8.700000000000001,29.8
-29.140556,31.391944,13-03-2013,129.90001,139.9,27.65
-24.39619444,27.08983333,13-03-2013,172.8,149.3,31.56
-22.769722,30.886944,13-03-2013,148.1,132.4,31.609999
-28.404444,30.013056,13-03-2013,144.7,165.60000000000002,28.07
-29.161667,30.629722,13-03-2013,124.700005,189.0,25.109999
-27.00222,28.76528,13-03-2013,143.40001,148.3,25.97
-27.02314,28.59389,13-03-2013,145.3,150.20000000000002,26.21
-27.273889,28.49,13-03-2013,146.2,157.0,26.119999
-27.4275,28.525833,13-03-2013,145.0,162.4,26.0
-27.3,28.586944,13-03-2013,144.8,156.8,26.099998
-28.141944,26.417778,13-03-2013,180.1,116.4,29.46
-28.1175,26.719444,13-03-2013,175.0,120.10000000000001,29.039999
-29.160278,26.573333,13-03-2013,178.6,116.80000000000001,29.199999
-28.768056,20.720556,13-03-2013,252.6,19.200000000000003,35.739998
-34.250556,20.9925,13-03-2013,177.3,10.3,28.17
-28.058889,30.373611,13-03-2013,139.90001,166.4,26.91
-25.57877778,29.12747222,13-03-2013,150.0,148.4,28.359999
-28.801278,31.955389,14-03-2013,135.3,113.10000000000001,28.48
-27.937778,31.209444,14-03-2013,136.6,124.0,27.75
-27.5275,30.858056,14-03-2013,130.6,164.20000000000002,26.24
-27.935,26.126667,14-03-2013,183.1,103.4,29.66
-28.1175,26.719444,14-03-2013,175.0,120.10000000000001,29.039999
-27.902778,24.615556,14-03-2013,198.40001,93.9,32.34
-29.042222,24.6,14-03-2013,205.8,76.60000000000001,32.17
-29.028629,24.638389,14-03-2013,204.90001,78.10000000000001,32.11
-34.329722,18.990278,14-03-2013,164.2,8.700000000000001,24.8
-24.925278,29.324444,15-03-2013,154.1,152.3,30.32
-27.671111,27.236944,15-03-2013,167.2,134.5,28.529999
-27.573056,24.746389,15-03-2013,200.40001,100.7,31.99
-26.970278,27.211111,16-03-2013,160.0,146.9,27.789999
-28.96362,19.15486,16-03-2013,251.1,2.4000000000000004,36.73
-33.08883333,19.21878333,16-03-2013,201.0,11.9,27.99
-26.648056,27.089444,23-04-2014,168.6,118.9,28.789999
-26.648056,27.089444,01-05-2014,168.6,118.9,28.789999
-25.99136,27.84208,18-03-2013,149.40001,163.10000000000002,26.83
-29.7775,29.470833,18-03-2013,125.5,289.7,23.76
-29.744167,29.905833,18-03-2013,129.0,258.2,25.869999
-26.970278,27.211111,18-03-2013,160.0,146.9,27.789999
-26.73806,27.59194,18-03-2013,153.90001,153.70000000000002,26.91
-26.45,28.085833,18-03-2013,147.8,150.6,26.31
-30.570833,29.150556,18-03-2013,128.2,212.20000000000002,24.38
-31.396,29.2651,18-03-2013,126.3,197.4,26.029999
-31.554722,29.245556,18-03-2013,117.5,205.60000000000002,24.789999
-27.01011111,26.69808333,19-03-2013,170.6,139.4,28.49
-30.733889,29.828333,19-03-2013,121.5,231.3,25.26
-29.987778,29.851667,19-03-2013,123.8,257.6,25.019999
-26.861111,28.884722,19-03-2013,143.2,141.8,25.779999
-27.00222,28.76528,19-03-2013,143.40001,148.3,25.97
-26.648056,27.089444,19-03-2013,158.8,152.6,27.67
-26.880278,26.965,19-03-2013,162.6,145.9,28.23
-26.98472222,26.63227778,19-03-2013,169.1,141.0,28.58
-30.568333,29.422778,19-03-2013,126.8,209.5,24.529999
-30.570833,29.150556,19-03-2013,128.2,212.20000000000002,24.38
-31.104278,29.399722,19-03-2013,124.5,207.5,25.74
-33.31388889,19.07472222,19-03-2013,212.8,11.200000000000001,31.14
-25.45963889,28.26430556,19-03-2013,155.0,147.8,28.89
-28.338333,31.373611,19-03-2013,133.1,134.0,27.769999
-28.068333,31.55,19-03-2013,140.8,107.7,29.9
-29.161667,23.696389,20-03-2013,210.1,65.10000000000001,33.309998
-25.81048333,27.90955222,20-03-2013,153.40001,158.60000000000002,27.869999
-24.058889,31.237222,20-03-2013,137.6,111.7,31.349998
-30.13573889,30.67422222,20-03-2013,125.1,227.8,26.449999
-30.398056,30.601944,20-03-2013,124.1,237.70000000000002,26.21
-30.27402,30.69602,20-03-2013,123.6,235.10000000000002,26.09
-27.38972222,26.46388889,20-03-2013,179.6,124.9,29.349998
-28.1175,26.719444,20-03-2013,175.0,120.10000000000001,29.039999
-31.031389,28.883333,20-03-2013,129.5,201.3,25.609999
-30.86013889,29.07125,20-03-2013,130.2,201.10000000000002,26.01
-30.77586667,29.03221667,20-03-2013,130.8,204.8,25.9
-33.7075,18.97444444,20-03-2013,208.90001,11.0,30.38
-24.183889,30.823889,21-03-2013,137.6,138.4,30.64
-28.44555556,32.325,16-05-2013,128.8,98.60000000000001,27.63
-27.935,26.126667,21-03-2013,183.1,103.4,29.66
-28.1175,26.719444,21-03-2013,175.0,120.10000000000001,29.039999
-27.398611,26.614722,21-03-2013,177.90001,126.60000000000001,29.17
-24.679167,30.8025,22-03-2013,127.5,211.70000000000002,25.71
-29.744167,29.905833,22-03-2013,129.0,258.2,25.869999
-28.116667,26.725278,22-03-2013,175.0,120.10000000000001,29.039999
-29.803611,30.516111,22-03-2013,122.4,240.8,25.76
-26.45,28.085833,25-03-2013,147.8,150.6,26.31
-31.436944,20.474722,25-03-2013,231.6,16.0,31.32
-29.1825,23.575556,25-03-2013,215.5,61.0,33.29
-33.38056,19.30167,25-03-2013,199.0,11.600000000000001,28.48
-27.01011111,26.69808333,26-03-2013,170.6,139.4,28.49
-25.127778,27.628889,26-03-2013,164.7,154.20000000000002,30.5
-24.39619444,27.08983333,26-03-2013,172.8,149.3,31.56
-24.69514,27.40906,26-03-2013,172.7,157.70000000000002,31.24
-25.73411,27.21422,26-03-2013,156.2,175.9,27.96
-30.398056,30.601944,26-03-2013,124.1,237.70000000000002,26.21
-30.27402,30.69602,26-03-2013,123.6,235.10000000000002,26.09
-26.861111,28.884722,26-03-2013,143.2,141.8,25.779999
-27.00222,28.76528,26-03-2013,143.40001,148.3,25.97
-26.648056,27.089444,26-03-2013,158.8,152.6,27.67
-26.970278,27.211111,26-03-2013,160.0,146.9,27.789999
-26.880278,26.965,26-03-2013,162.6,145.9,28.23
-26.98472222,26.63227778,26-03-2013,169.1,141.0,28.58
-29.651389,22.746389,26-03-2013,236.0,39.800000000000004,33.66
-29.1825,23.575556,26-03-2013,215.5,61.0,33.29
-32.595833,19.009444,26-03-2013,222.6,9.9,32.94
-33.08883333,19.21878333,26-03-2013,201.0,11.9,27.99
-29.161667,23.696389,27-03-2013,210.1,65.10000000000001,33.309998
-29.641944,30.6875,27-03-2013,127.200005,211.4,26.75
-25.20639,27.558,27-03-2013,165.2,156.60000000000002,30.429998
-27.602222,29.942778,27-03-2013,146.2,166.60000000000002,27.8
-29.380556,30.2775,27-03-2013,122.4,209.5,24.75
-29.161667,30.629722,27-03-2013,124.700005,189.0,25.109999
-29.651389,22.746389,27-03-2013,236.0,39.800000000000004,33.66
-33.13083,18.86278,27-03-2013,215.6,10.100000000000001,31.699999
-32.94583,18.33667,27-03-2013,200.2,7.1000000000000005,28.68
-29.641944,30.6875,28-03-2013,127.200005,211.4,26.75
-29.758889,30.935278,28-03-2013,122.700005,180.8,26.369999
-32.502778,19.535833,28-03-2013,234.1,9.0,32.85
-28.96362,19.15486,30-03-2013,251.1,2.4000000000000004,36.73
-25.99136,27.84208,02-04-2013,149.40001,163.10000000000002,26.83
-26.73806,27.59194,02-04-2013,153.90001,153.70000000000002,26.91
-26.45,28.085833,02-04-2013,147.8,150.6,26.31
-29.160278,26.573333,02-04-2013,178.6,116.80000000000001,29.199999
-31.396,29.2651,02-04-2013,126.3,197.4,26.029999
-31.554722,29.245556,02-04-2013,117.5,205.60000000000002,24.789999
-27.01011111,26.69808333,03-04-2013,170.6,139.4,28.49
-29.744167,29.905833,03-04-2013,129.0,258.2,25.869999
-26.861111,28.884722,03-04-2013,143.2,141.8,25.779999
-26.98472222,26.63227778,03-04-2013,169.1,141.0,28.58
-27.398611,26.614722,03-04-2013,177.90001,126.60000000000001,29.17
-27.671111,27.236944,03-04-2013,167.2,134.5,28.529999
-30.568333,29.422778,03-04-2013,126.8,209.5,24.529999
-31.104278,29.399722,03-04-2013,124.5,207.5,25.74
-34.031944,22.053333,03-04-2013,155.7,11.100000000000001,25.949999
-25.45963889,28.26430556,03-04-2013,155.0,147.8,28.89
-25.81048333,27.90955222,04-04-2013,153.40001,158.60000000000002,27.869999
-28.75,30.442778,04-04-2013,146.2,162.10000000000002,29.279999
-27.00222,28.76528,04-04-2013,143.40001,148.3,25.97
-27.02314,28.59389,04-04-2013,145.3,150.20000000000002,26.21
-26.648056,27.089444,04-04-2013,158.8,152.6,27.67
-26.970278,27.211111,04-04-2013,160.0,146.9,27.789999
-26.880278,26.965,04-04-2013,162.6,145.9,28.23
-27.273889,28.49,04-04-2013,146.2,157.0,26.119999
-27.4275,28.525833,04-04-2013,145.0,162.4,26.0
-27.3,28.586944,04-04-2013,144.8,156.8,26.099998
-30.570833,29.150556,04-04-2013,128.2,212.20000000000002,24.38
-31.031389,28.883333,05-04-2013,129.5,201.3,25.609999
-30.86013889,29.07125,05-04-2013,130.2,201.10000000000002,26.01
-30.77586667,29.03221667,05-04-2013,130.8,204.8,25.9
-34.02861,22.22222,05-04-2013,150.40001,12.4,25.3
-28.96362,19.15486,06-04-2013,251.1,2.4000000000000004,36.73
-27.3,28.586944,07-04-2013,144.8,156.8,26.099998
-28.768056,20.720556,08-04-2013,252.6,19.200000000000003,35.739998
-33.818056,19.694722,08-04-2013,203.90001,9.1,30.23
-26.970278,27.211111,28-01-2013,160.0,146.9,27.789999
-34.065833,20.404167,09-04-2013,182.3,8.5,30.31
-24.183889,30.823889,09-04-2013,137.6,138.4,30.64
-25.127778,27.628889,09-04-2013,164.7,154.20000000000002,30.5
-25.20639,27.558,09-04-2013,165.2,156.60000000000002,30.429998
-24.69514,27.40906,09-04-2013,172.7,157.70000000000002,31.24
-28.747778,31.745833,09-04-2013,137.90001,134.5,29.06
-28.801278,31.955389,09-04-2013,135.3,113.10000000000001,28.48
-27.3,28.586944,09-04-2013,144.8,156.8,26.099998
-29.160278,26.573333,09-04-2013,178.6,116.80000000000001,29.199999
-28.69485,28.23487,09-04-2013,144.8,168.4,25.16
-34.075556,20.145556,09-04-2013,185.90001,8.700000000000001,29.8
-29.140556,31.391944,10-04-2013,129.90001,139.9,27.65
-24.282222,28.090278,10-04-2013,153.6,160.20000000000002,28.939999
-24.670833,28.560833,10-04-2013,152.8,176.9,28.93
-24.39619444,27.08983333,10-04-2013,172.8,149.3,31.56
-23.658056,31.05,10-04-2013,141.8,100.2,31.519999
-27.937778,31.209444,10-04-2013,136.6,124.0,27.75
-28.404444,30.013056,10-04-2013,144.7,165.60000000000002,28.07
-29.380556,30.2775,10-04-2013,122.4,209.5,24.75
-26.970278,27.211111,16-07-2013,172.7,67.9,30.289999
-26.45,28.085833,10-04-2013,147.8,150.6,26.31
-27.671111,27.236944,10-04-2013,167.2,134.5,28.529999
-29.615556,27.065278,10-04-2013,166.5,140.0,27.98
-28.883333,27.89,10-04-2013,149.2,170.9,25.949999
-34.092222,21.295278,10-04-2013,172.2,10.9,28.099998
-28.058889,30.373611,10-04-2013,139.90001,166.4,26.91
-27.01011111,26.69808333,11-04-2013,170.6,139.4,28.49
-30.830556,26.921389,11-04-2013,168.7,110.0,28.369999
-23.23572222,27.717,11-04-2013,169.5,96.7,31.929998
-22.769722,30.886944,11-04-2013,148.1,132.4,31.609999
-28.801278,31.955389,11-04-2013,135.3,113.10000000000001,28.48
-26.861111,28.884722,11-04-2013,143.2,141.8,25.779999
-27.00222,28.76528,11-04-2013,143.40001,148.3,25.97
-26.970278,27.211111,11-04-2013,160.0,146.9,27.789999
-26.880278,26.965,11-04-2013,162.6,145.9,28.23
-26.98472222,26.63227778,11-04-2013,169.1,141.0,28.58
-27.902778,24.615556,11-04-2013,198.40001,93.9,32.34
-30.160091,27.40124,11-04-2013,159.7,143.9,27.63
-30.336111,27.359444,11-04-2013,161.5,139.5,27.72
-33.897778,20.012778,11-04-2013,197.3,8.200000000000001,30.57
-24.679167,30.8025,12-04-2013,127.5,211.70000000000002,25.71
-22.91028,29.61111,12-04-2013,145.1,131.6,29.9
-31.000833,26.353056,12-04-2013,174.6,83.30000000000001,28.15
-30.679722,26.7125,12-04-2013,173.7,105.10000000000001,29.189999
-31.436944,20.474722,12-04-2013,231.6,16.0,31.32
-31.394444,20.947222,12-04-2013,234.8,18.400000000000002,31.849998
-28.96362,19.15486,13-04-2013,251.1,2.4000000000000004,36.73
-25.81048333,27.90955222,15-04-2013,153.40001,158.60000000000002,27.869999
-25.99136,27.84208,15-04-2013,149.40001,163.10000000000002,26.83
-29.7775,29.470833,15-04-2013,125.5,289.7,23.76
-29.987778,29.851667,15-04-2013,123.8,257.6,25.019999
-29.744167,29.905833,15-04-2013,129.0,258.2,25.869999
-26.45,28.085833,15-04-2013,147.8,150.6,26.31
-27.01011111,26.69808333,16-04-2013,170.6,139.4,28.49
-26.861111,28.884722,16-04-2013,143.2,141.8,25.779999
-27.00222,28.76528,16-04-2013,143.40001,148.3,25.97
-26.648056,27.089444,16-04-2013,158.8,152.6,27.67
-26.970278,27.211111,16-04-2013,160.0,146.9,27.789999
-26.880278,26.965,16-04-2013,162.6,145.9,28.23
-26.98472222,26.63227778,16-04-2013,169.1,141.0,28.58
-28.883333,27.89,16-04-2013,149.2,170.9,25.949999
-33.970833,22.548333,16-04-2013,144.0,16.8,24.41
-25.45963889,28.26430556,16-04-2013,155.0,147.8,28.89
-28.338333,31.373611,16-04-2013,133.1,134.0,27.769999
-29.161667,23.696389,17-04-2013,210.1,65.10000000000001,33.309998
-30.733889,29.828333,17-04-2013,121.5,231.3,25.26
-29.744167,29.905833,17-04-2013,129.0,258.2,25.869999
-30.398056,30.601944,17-04-2013,124.1,237.70000000000002,26.21
-26.970278,27.211111,28-07-2014,176.1,45.800000000000004,30.15
-26.73806,27.59194,17-04-2013,153.90001,153.70000000000002,26.91
-28.69485,28.23487,17-04-2013,144.8,168.4,25.16
-34.250556,20.9925,17-04-2013,177.3,10.3,28.17
-25.49037,30.6986,18-04-2013,128.40001,163.20000000000002,26.529999
-28.44555556,32.325,13-06-2013,128.8,98.60000000000001,27.63
-30.27402,30.69602,18-04-2013,123.6,235.10000000000002,26.09
-29.042222,24.6,18-04-2013,205.8,76.60000000000001,32.17
-29.028629,24.638389,18-04-2013,204.90001,78.10000000000001,32.11
-29.033333,23.983333,18-04-2013,205.40001,73.0,32.82
-25.447222,30.711667,18-04-2013,129.90001,159.3,27.08
-28.116667,26.725278,19-04-2013,175.0,120.10000000000001,29.039999
-29.803611,30.516111,19-04-2013,122.4,240.8,25.76
-28.96362,19.15486,20-04-2013,251.1,2.4000000000000004,36.73
-25.20639,27.558,22-04-2013,165.2,156.60000000000002,30.429998
-23.838611,31.640833,22-04-2013,144.8,97.2,32.54
-26.648056,27.089444,22-04-2013,158.8,152.6,27.67
-26.45,28.085833,22-04-2013,147.8,150.6,26.31
-33.38056,19.30167,22-04-2013,199.0,11.600000000000001,28.48
-32.502778,19.535833,22-04-2013,234.1,9.0,32.85
-31.860278,18.6875,23-04-2013,221.2,7.4,31.59
-25.127778,27.628889,23-04-2013,164.7,154.20000000000002,30.5
-24.69514,27.40906,23-04-2013,172.7,157.70000000000002,31.24
-28.735556,29.820556,23-04-2013,143.3,175.3,28.33
-27.00222,28.76528,23-04-2013,143.40001,148.3,25.97
-26.970278,27.211111,23-04-2013,160.0,146.9,27.789999
-26.880278,26.965,23-04-2013,162.6,145.9,28.23
-26.98472222,26.63227778,23-04-2013,169.1,141.0,28.58
-28.141944,26.417778,23-04-2013,180.1,116.4,29.46
-33.501667,21.624167,23-04-2013,186.2,10.9,28.269999
-32.595833,19.009444,23-04-2013,222.6,9.9,32.94
-28.760833,17.730278,24-04-2013,244.2,0.30000000000000004,36.03
-29.161667,23.696389,24-04-2013,210.1,65.10000000000001,33.309998
-29.641944,30.6875,24-04-2013,127.200005,211.4,26.75
-27.363611,31.783333,24-04-2013,132.8,91.5,29.66
-28.141944,26.417778,24-04-2013,180.1,116.4,29.46
-33.08883333,19.21878333,24-04-2013,201.0,11.9,27.99
-33.31388889,19.07472222,24-04-2013,212.8,11.200000000000001,31.14
-33.13083,18.86278,24-04-2013,215.6,10.100000000000001,31.699999
-32.94583,18.33667,24-04-2013,200.2,7.1000000000000005,28.68
-26.905,32.324722,25-04-2013,133.0,71.8,31.13
-27.602222,29.942778,25-04-2013,146.2,166.60000000000002,27.8
-27.38972222,26.46388889,25-04-2013,179.6,124.9,29.349998
-33.7075,18.97444444,25-04-2013,208.90001,11.0,30.38
-33.464444,18.740556,25-04-2013,209.6,9.9,29.83
-33.72266667,18.61691667,25-04-2013,198.5,8.3,28.38
-27.356667,27.286389,25-04-2013,166.2,136.70000000000002,28.099998
-27.902778,24.615556,26-04-2013,198.40001,93.9,32.34
-28.068333,31.55,26-04-2013,140.8,107.7,29.9
-28.96362,19.15486,27-04-2013,251.1,2.4000000000000004,36.73
-26.45,28.085833,29-04-2013,147.8,150.6,26.31
-27.01011111,26.69808333,30-04-2013,170.6,139.4,28.49
-27.169444,29.233889,30-04-2013,138.3,147.1,25.34
-26.861111,28.884722,30-04-2013,143.2,141.8,25.779999
-27.00222,28.76528,30-04-2013,143.40001,148.3,25.97
-26.648056,27.089444,30-04-2013,158.8,152.6,27.67
-26.970278,27.211111,30-04-2013,160.0,146.9,27.789999
-26.880278,26.965,30-04-2013,162.6,145.9,28.23
-26.98472222,26.63227778,30-04-2013,169.1,141.0,28.58
-25.45963889,28.26430556,30-04-2013,155.0,147.8,28.89
-29.161667,23.696389,01-05-2013,210.1,65.10000000000001,33.309998
-25.81048333,27.90955222,01-05-2013,153.40001,158.60000000000002,27.869999
-28.75,30.442778,01-05-2013,146.2,162.10000000000002,29.279999
-29.161667,30.629722,01-05-2013,124.700005,189.0,25.109999
-29.033333,23.983333,01-05-2013,205.40001,73.0,32.82
-29.744167,29.905833,02-05-2013,129.0,258.2,25.869999
-32.94583,18.33667,02-05-2013,200.2,7.1000000000000005,28.68
-27.671111,27.236944,04-05-2013,167.2,134.5,28.529999
-28.96362,19.15486,04-05-2013,251.1,2.4000000000000004,36.73
-26.45,28.085833,06-05-2013,147.8,150.6,26.31
-33.818056,19.694722,06-05-2013,203.90001,9.1,30.23
-34.065833,20.404167,07-05-2013,182.3,8.5,30.31
-25.127778,27.628889,07-05-2013,164.7,154.20000000000002,30.5
-25.20639,27.558,07-05-2013,165.2,156.60000000000002,30.429998
-24.69514,27.40906,07-05-2013,172.7,157.70000000000002,31.24
-23.658056,31.05,07-05-2013,141.8,100.2,31.519999
-28.747778,31.745833,07-05-2013,137.90001,134.5,29.06
-28.735556,29.820556,07-05-2013,143.3,175.3,28.33
-29.380556,30.2775,07-05-2013,122.4,209.5,24.75
-26.861111,28.884722,07-05-2013,143.2,141.8,25.779999
-26.98472222,26.63227778,07-05-2013,169.1,141.0,28.58
-27.398611,26.614722,07-05-2013,177.90001,126.60000000000001,29.17
-27.671111,27.236944,07-05-2013,167.2,134.5,28.529999
-29.160278,26.573333,07-05-2013,178.6,116.80000000000001,29.199999
-28.768056,20.720556,07-05-2013,252.6,19.200000000000003,35.739998
-34.02861,22.22222,07-05-2013,150.40001,12.4,25.3
-34.075556,20.145556,07-05-2013,185.90001,8.700000000000001,29.8
-29.161667,23.696389,08-05-2013,210.1,65.10000000000001,33.309998
-24.39619444,27.08983333,08-05-2013,172.8,149.3,31.56
-28.404444,30.013056,08-05-2013,144.7,165.60000000000002,28.07
-27.00222,28.76528,08-05-2013,143.40001,148.3,25.97
-27.02314,28.59389,08-05-2013,145.3,150.20000000000002,26.21
-26.648056,27.089444,08-05-2013,158.8,152.6,27.67
-26.970278,27.211111,08-05-2013,160.0,146.9,27.789999
-26.880278,26.965,08-05-2013,162.6,145.9,28.23
-27.273889,28.49,08-05-2013,146.2,157.0,26.119999
-27.4275,28.525833,08-05-2013,145.0,162.4,26.0
-28.69485,28.23487,08-05-2013,144.8,168.4,25.16
-29.615556,27.065278,08-05-2013,166.5,140.0,27.98
-28.883333,27.89,08-05-2013,149.2,170.9,25.949999
-30.77586667,29.03221667,08-05-2013,130.8,204.8,25.9
-31.396,29.2651,08-05-2013,126.3,197.4,26.029999
-34.039722,22.133333,08-05-2013,153.90001,11.4,25.769999
-28.058889,30.373611,08-05-2013,139.90001,166.4,26.91
-33.897778,20.012778,08-05-2013,197.3,8.200000000000001,30.57
-29.140556,31.391944,09-05-2013,129.90001,139.9,27.65
-27.671111,27.236944,09-05-2013,167.2,134.5,28.529999
-30.160091,27.40124,09-05-2013,159.7,143.9,27.63
-30.336111,27.359444,09-05-2013,161.5,139.5,27.72
-34.005833,22.351111,09-05-2013,147.1,13.9,24.74
-30.830556,26.921389,10-05-2013,168.7,110.0,28.369999
-28.116667,26.725278,10-05-2013,175.0,120.10000000000001,29.039999
-27.573056,24.746389,10-05-2013,200.40001,100.7,31.99
-31.000833,26.353056,10-05-2013,174.6,83.30000000000001,28.15
-30.679722,26.7125,10-05-2013,173.7,105.10000000000001,29.189999
-28.96362,19.15486,11-05-2013,251.1,2.4000000000000004,36.73
-25.99136,27.84208,13-05-2013,149.40001,163.10000000000002,26.83
-29.7775,29.470833,13-05-2013,125.5,289.7,23.76
-29.744167,29.905833,13-05-2013,129.0,258.2,25.869999
-26.45,28.085833,13-05-2013,147.8,150.6,26.31
-31.554722,29.245556,13-05-2013,117.5,205.60000000000002,24.789999
-27.01011111,26.69808333,14-05-2013,170.6,139.4,28.49
-24.679167,30.8025,14-05-2013,127.5,211.70000000000002,25.71
-30.830556,26.921389,14-05-2013,168.7,110.0,28.369999
-25.73411,27.21422,14-05-2013,156.2,175.9,27.96
-23.281,30.54305556,14-05-2013,142.7,110.60000000000001,30.46
-30.733889,29.828333,14-05-2013,121.5,231.3,25.26
-29.987778,29.851667,14-05-2013,123.8,257.6,25.019999
-27.169444,29.233889,14-05-2013,138.3,147.1,25.34
-26.861111,28.884722,14-05-2013,143.2,141.8,25.779999
-27.00222,28.76528,14-05-2013,143.40001,148.3,25.97
-26.648056,27.089444,14-05-2013,158.8,152.6,27.67
-26.970278,27.211111,14-05-2013,160.0,146.9,27.789999
-26.880278,26.965,14-05-2013,162.6,145.9,28.23
-26.98472222,26.63227778,14-05-2013,169.1,141.0,28.58
-31.000833,26.353056,14-05-2013,174.6,83.30000000000001,28.15
-31.104278,29.399722,14-05-2013,124.5,207.5,25.74
-25.45963889,28.26430556,14-05-2013,155.0,147.8,28.89
-28.338333,31.373611,14-05-2013,133.1,134.0,27.769999
-28.068333,31.55,14-05-2013,140.8,107.7,29.9
-29.161667,23.696389,15-05-2013,210.1,65.10000000000001,33.309998
-25.81048333,27.90955222,15-05-2013,153.40001,158.60000000000002,27.869999
-24.183889,30.823889,15-05-2013,137.6,138.4,30.64
-22.91028,29.61111,15-05-2013,145.1,131.6,29.9
-22.769722,30.886944,15-05-2013,148.1,132.4,31.609999
-29.744167,29.905833,15-05-2013,129.0,258.2,25.869999
-30.398056,30.601944,15-05-2013,124.1,237.70000000000002,26.21
-30.27402,30.69602,15-05-2013,123.6,235.10000000000002,26.09
-29.033333,23.983333,15-05-2013,205.40001,73.0,32.82
-30.160091,27.40124,15-05-2013,159.7,143.9,27.63
-30.336111,27.359444,15-05-2013,161.5,139.5,27.72
-30.568333,29.422778,15-05-2013,126.8,209.5,24.529999
-30.86013889,29.07125,15-05-2013,130.2,201.10000000000002,26.01
-30.570833,29.150556,15-05-2013,128.2,212.20000000000002,24.38
-34.092222,21.295278,15-05-2013,172.2,10.9,28.099998
-23.23572222,27.717,16-05-2013,169.5,96.7,31.929998
-22.548889,28.898056,16-05-2013,160.3,92.5,31.64
-28.44555556,32.325,08-08-2013,153.90001,76.3,30.3
-30.13573889,30.67422222,16-05-2013,125.1,227.8,26.449999
-29.160278,26.573333,16-05-2013,178.6,116.80000000000001,29.199999
-31.031389,28.883333,16-05-2013,129.5,201.3,25.609999
-22.225556,29.990556,17-05-2013,156.90001,85.10000000000001,32.51
-22.43772222,31.07805556,17-05-2013,161.40001,119.5,33.62
-26.98472222,26.63227778,17-05-2013,169.1,141.0,28.58
-29.803611,30.516111,17-05-2013,122.4,240.8,25.76
-33.38056,19.30167,20-05-2013,199.0,11.600000000000001,28.48
-32.502778,19.535833,20-05-2013,234.1,9.0,32.85
-27.01011111,26.69808333,21-05-2013,170.6,139.4,28.49
-31.860278,18.6875,21-05-2013,221.2,7.4,31.59
-24.69514,27.40906,21-05-2013,172.7,157.70000000000002,31.24
-25.398889,31.610556,21-05-2013,123.4,110.10000000000001,29.25
-26.648056,27.089444,21-05-2013,158.8,152.6,27.67
-26.970278,27.211111,21-05-2013,160.0,146.9,27.789999
-26.880278,26.965,21-05-2013,162.6,145.9,28.23
-26.98472222,26.63227778,21-05-2013,169.1,141.0,28.58
-34.250556,20.9925,21-05-2013,177.3,10.3,28.17
-32.595833,19.009444,21-05-2013,222.6,9.9,32.94
-29.161667,23.696389,22-05-2013,210.1,65.10000000000001,33.309998
-26.880278,26.965,13-05-2014,172.40001,104.80000000000001,29.41
-29.641944,30.6875,22-05-2013,127.200005,211.4,26.75
-25.20639,27.558,22-05-2013,165.2,156.60000000000002,30.429998
-25.681111,31.783333,22-05-2013,124.4,105.60000000000001,29.42
-25.513889,31.224444,22-05-2013,128.2,149.8,27.74
-26.861111,28.884722,22-05-2013,143.2,141.8,25.779999
-26.73806,27.59194,22-05-2013,153.90001,153.70000000000002,26.91
-26.45,28.085833,22-05-2013,147.8,150.6,26.31
-33.13083,18.86278,22-05-2013,215.6,10.100000000000001,31.699999
-33.7075,18.97444444,22-05-2013,208.90001,11.0,30.38
-26.905,32.324722,23-05-2013,133.0,71.8,31.13
-27.602222,29.942778,23-05-2013,146.2,166.60000000000002,27.8
-27.169444,29.233889,23-05-2013,138.3,147.1,25.34
-27.00222,28.76528,23-05-2013,143.40001,148.3,25.97
-27.273889,28.49,23-05-2013,146.2,157.0,26.119999
-33.31388889,19.07472222,23-05-2013,212.8,11.200000000000001,31.14
-28.141944,26.417778,24-05-2013,180.1,116.4,29.46
-28.1175,26.719444,24-05-2013,175.0,120.10000000000001,29.039999
-28.116667,26.725278,24-05-2013,175.0,120.10000000000001,29.039999
-28.96362,19.15486,25-05-2013,251.1,2.4000000000000004,36.73
-25.99136,27.84208,27-05-2013,149.40001,163.10000000000002,26.83
-26.45,28.085833,27-05-2013,147.8,150.6,26.31
-29.042222,24.6,27-05-2013,205.8,76.60000000000001,32.17
-30.830556,26.921389,28-05-2013,168.7,110.0,28.369999
-24.670833,28.560833,28-05-2013,152.8,176.9,28.93
-25.73411,27.21422,28-05-2013,156.2,175.9,27.96
-26.861111,28.884722,28-05-2013,143.2,141.8,25.779999
-27.00222,28.76528,28-05-2013,143.40001,148.3,25.97
-30.679722,26.7125,28-05-2013,173.7,105.10000000000001,29.189999
-33.501667,21.624167,28-05-2013,186.2,10.9,28.269999
-25.45963889,28.26430556,28-05-2013,155.0,147.8,28.89
-29.161667,23.696389,29-05-2013,210.1,65.10000000000001,33.309998
-27.01011111,26.69808333,29-05-2013,170.6,139.4,28.49
-25.81048333,27.90955222,29-05-2013,153.40001,158.60000000000002,27.869999
-24.282222,28.090278,29-05-2013,153.6,160.20000000000002,28.939999
-26.648056,27.089444,29-05-2013,158.8,152.6,27.67
-26.970278,27.211111,29-05-2013,160.0,146.9,27.789999
-26.880278,26.965,29-05-2013,162.6,145.9,28.23
-27.3,28.586944,29-05-2013,144.8,156.8,26.099998
-26.98472222,26.63227778,29-05-2013,169.1,141.0,28.58
-29.033333,23.983333,29-05-2013,205.40001,73.0,32.82
-22.935,28.004167,30-05-2013,167.90001,93.5,32.01
-27.273889,28.49,30-05-2013,146.2,157.0,26.119999
-27.38972222,26.46388889,30-05-2013,179.6,124.9,29.349998
-27.398611,26.614722,30-05-2013,177.90001,126.60000000000001,29.17
-27.671111,27.236944,30-05-2013,167.2,134.5,28.529999
-29.042222,24.6,30-05-2013,205.8,76.60000000000001,32.17
-29.028629,24.638389,30-05-2013,204.90001,78.10000000000001,32.11
-29.033333,23.983333,30-05-2013,205.40001,73.0,32.82
-29.744167,29.905833,31-05-2013,129.0,258.2,25.869999
-28.404444,30.013056,03-06-2013,144.7,165.60000000000002,28.07
-26.73806,27.59194,03-06-2013,153.90001,153.70000000000002,26.91
-26.45,28.085833,03-06-2013,147.8,150.6,26.31
-29.160278,26.573333,03-06-2013,178.6,116.80000000000001,29.199999
-34.065833,20.404167,04-06-2013,182.3,8.5,30.31
-25.20639,27.558,04-06-2013,165.2,156.60000000000002,30.429998
-24.69514,27.40906,04-06-2013,172.7,157.70000000000002,31.24
-28.747778,31.745833,04-06-2013,137.90001,134.5,29.06
-29.380556,30.2775,04-06-2013,122.4,209.5,24.75
-27.169444,29.233889,04-06-2013,138.3,147.1,25.34
-26.861111,28.884722,04-06-2013,143.2,141.8,25.779999
-27.398611,26.614722,04-06-2013,177.90001,126.60000000000001,29.17
-34.031944,22.053333,04-06-2013,155.7,11.100000000000001,25.949999
-34.039722,22.133333,04-06-2013,153.90001,11.4,25.769999
-34.075556,20.145556,04-06-2013,185.90001,8.700000000000001,29.8
-29.161667,23.696389,05-06-2013,210.1,65.10000000000001,33.309998
-27.01011111,26.69808333,05-06-2013,170.6,139.4,28.49
-29.140556,31.391944,05-06-2013,129.90001,139.9,27.65
-24.39619444,27.08983333,05-06-2013,172.8,149.3,31.56
-23.658056,31.05,05-06-2013,141.8,100.2,31.519999
-23.281,30.54305556,05-06-2013,142.7,110.60000000000001,30.46
-27.00222,28.76528,05-06-2013,143.40001,148.3,25.97
-27.02314,28.59389,05-06-2013,145.3,150.20000000000002,26.21
-26.648056,27.089444,05-06-2013,158.8,152.6,27.67
-26.970278,27.211111,05-06-2013,160.0,146.9,27.789999
-26.880278,26.965,05-06-2013,162.6,145.9,28.23
-27.273889,28.49,05-06-2013,146.2,157.0,26.119999
-27.4275,28.525833,05-06-2013,145.0,162.4,26.0
-27.3,28.586944,05-06-2013,144.8,156.8,26.099998
-26.98472222,26.63227778,05-06-2013,169.1,141.0,28.58
-34.405833,19.600556,05-06-2013,162.8,8.9,25.57
-28.058889,30.373611,05-06-2013,139.90001,166.4,26.91
-22.769722,30.886944,06-06-2013,148.1,132.4,31.609999
-28.801278,31.955389,06-06-2013,135.3,113.10000000000001,28.48
-27.937778,31.209444,06-06-2013,136.6,124.0,27.75
-27.5275,30.858056,06-06-2013,130.6,164.20000000000002,26.24
-31.394444,20.947222,06-06-2013,234.8,18.400000000000002,31.849998
-29.651389,22.746389,06-06-2013,236.0,39.800000000000004,33.66
-34.005833,22.351111,06-06-2013,147.1,13.9,24.74
-28.116667,26.725278,07-06-2013,175.0,120.10000000000001,29.039999
-27.902778,24.615556,07-06-2013,198.40001,93.9,32.34
-25.99136,27.84208,10-06-2013,149.40001,163.10000000000002,26.83
-29.7775,29.470833,10-06-2013,125.5,289.7,23.76
-29.744167,29.905833,10-06-2013,129.0,258.2,25.869999
-26.45,28.085833,10-06-2013,147.8,150.6,26.31
-27.671111,27.236944,10-06-2013,167.2,134.5,28.529999
-29.042222,24.6,10-06-2013,205.8,76.60000000000001,32.17
-31.396,29.2651,10-06-2013,126.3,197.4,26.029999
-31.554722,29.245556,10-06-2013,117.5,205.60000000000002,24.789999
-27.01011111,26.69808333,11-06-2013,170.6,139.4,28.49
-24.183889,30.823889,11-06-2013,137.6,138.4,30.64
-30.733889,29.828333,11-06-2013,121.5,231.3,25.26
-26.861111,28.884722,11-06-2013,143.2,141.8,25.779999
-27.00222,28.76528,11-06-2013,143.40001,148.3,25.97
-26.648056,27.089444,11-06-2013,158.8,152.6,27.67
-26.970278,27.211111,11-06-2013,160.0,146.9,27.789999
-26.880278,26.965,11-06-2013,162.6,145.9,28.23
-26.98472222,26.63227778,11-06-2013,169.1,141.0,28.58
-28.69485,28.23487,11-06-2013,144.8,168.4,25.16
-30.568333,29.422778,11-06-2013,126.8,209.5,24.529999
-30.570833,29.150556,11-06-2013,128.2,212.20000000000002,24.38
-31.104278,29.399722,11-06-2013,124.5,207.5,25.74
-25.45963889,28.26430556,11-06-2013,155.0,147.8,28.89
-28.338333,31.373611,11-06-2013,133.1,134.0,27.769999
-28.068333,31.55,11-06-2013,140.8,107.7,29.9
-25.81048333,27.90955222,12-06-2013,153.40001,158.60000000000002,27.869999
-24.39619444,27.08983333,12-06-2013,172.8,149.3,31.56
-24.058889,31.237222,12-06-2013,137.6,111.7,31.349998
-30.398056,30.601944,12-06-2013,124.1,237.70000000000002,26.21
-27.802778,28.768333,12-06-2013,140.1,168.9,25.49
-29.033333,23.983333,12-06-2013,205.40001,73.0,32.82
-29.615556,27.065278,12-06-2013,166.5,140.0,27.98
-28.883333,27.89,12-06-2013,149.2,170.9,25.949999
-31.031389,28.883333,12-06-2013,129.5,201.3,25.609999
-30.86013889,29.07125,12-06-2013,130.2,201.10000000000002,26.01
-30.77586667,29.03221667,12-06-2013,130.8,204.8,25.9
-34.092222,21.295278,12-06-2013,172.2,10.9,28.099998
-28.44555556,32.325,05-09-2013,153.90001,76.3,30.3
-24.679167,30.8025,14-06-2013,127.5,211.70000000000002,25.71
-29.744167,29.905833,14-06-2013,129.0,258.2,25.869999
-26.98472222,26.63227778,14-06-2013,169.1,141.0,28.58
-29.803611,30.516111,14-06-2013,122.4,240.8,25.76
-28.96362,19.15486,15-06-2013,251.1,2.4000000000000004,36.73
-28.735556,29.820556,17-06-2013,143.3,175.3,28.33
-32.502778,19.535833,17-06-2013,234.1,9.0,32.85
-31.860278,18.6875,18-06-2013,221.2,7.4,31.59
-25.20639,27.558,18-06-2013,165.2,156.60000000000002,30.429998
-24.39619444,27.08983333,18-06-2013,172.8,149.3,31.56
-24.69514,27.40906,18-06-2013,172.7,157.70000000000002,31.24
-26.73806,27.59194,18-06-2013,153.90001,153.70000000000002,26.91
-26.45,28.085833,18-06-2013,147.8,150.6,26.31
-33.38056,19.30167,18-06-2013,199.0,11.600000000000001,28.48
-32.595833,19.009444,18-06-2013,222.6,9.9,32.94
-29.161667,23.696389,19-06-2013,210.1,65.10000000000001,33.309998
-29.641944,30.6875,19-06-2013,127.200005,211.4,26.75
-25.127778,27.628889,19-06-2013,164.7,154.20000000000002,30.5
-23.838611,31.640833,19-06-2013,144.8,97.2,32.54
-27.363611,31.783333,19-06-2013,132.8,91.5,29.66
-26.861111,28.884722,19-06-2013,143.2,141.8,25.779999
-31.5653,18.3306,19-06-2013,211.6,4.7,30.029999
-32.601389,18.750556,19-06-2013,222.8,9.4,32.149998
-33.7075,18.97444444,19-06-2013,208.90001,11.0,30.38
-29.161667,23.696389,20-06-2013,210.1,65.10000000000001,33.309998
-28.7115,24.07288889,20-06-2013,204.0,77.2,32.78
-27.602222,29.942778,20-06-2013,146.2,166.60000000000002,27.8
-29.1825,23.575556,20-06-2013,215.5,61.0,33.29
-34.250556,20.9925,20-06-2013,177.3,10.3,28.17
-33.31388889,19.07472222,20-06-2013,212.8,11.200000000000001,31.14
-33.13083,18.86278,20-06-2013,215.6,10.100000000000001,31.699999
-32.94583,18.33667,20-06-2013,200.2,7.1000000000000005,28.68
-27.573056,24.746389,21-06-2013,200.40001,100.7,31.99
-28.96362,19.15486,22-06-2013,251.1,2.4000000000000004,36.73
-29.803611,30.516111,22-06-2013,122.4,240.8,25.76
-25.99136,27.84208,24-06-2013,149.40001,163.10000000000002,26.83
-26.45,28.085833,24-06-2013,147.8,150.6,26.31
-33.501667,21.624167,24-06-2013,186.2,10.9,28.269999
-27.01011111,26.69808333,25-06-2013,170.6,139.4,28.49
-26.861111,28.884722,25-06-2013,143.2,141.8,25.779999
-27.00222,28.76528,25-06-2013,143.40001,148.3,25.97
-26.648056,27.089444,25-06-2013,158.8,152.6,27.67
-26.970278,27.211111,25-06-2013,160.0,146.9,27.789999
-26.880278,26.965,25-06-2013,162.6,145.9,28.23
-26.98472222,26.63227778,25-06-2013,169.1,141.0,28.58
-29.042222,24.6,25-06-2013,205.8,76.60000000000001,32.17
-29.028629,24.638389,25-06-2013,204.90001,78.10000000000001,32.11
-29.033333,23.983333,25-06-2013,205.40001,73.0,32.82
-29.161667,23.696389,26-06-2013,210.1,65.10000000000001,33.309998
-25.81048333,27.90955222,26-06-2013,153.40001,158.60000000000002,27.869999
-28.75,30.442778,26-06-2013,146.2,162.10000000000002,29.279999
-29.161667,30.629722,26-06-2013,124.700005,189.0,25.109999
-28.141944,26.417778,26-06-2013,180.1,116.4,29.46
-28.1175,26.719444,26-06-2013,175.0,120.10000000000001,29.039999
-28.116667,26.725278,26-06-2013,175.0,120.10000000000001,29.039999
-29.160278,26.573333,26-06-2013,178.6,116.80000000000001,29.199999
-29.033333,23.983333,26-06-2013,205.40001,73.0,32.82
-27.38972222,26.46388889,27-06-2013,179.6,124.9,29.349998
-27.398611,26.614722,27-06-2013,177.90001,126.60000000000001,29.17
-27.671111,27.236944,27-06-2013,167.2,134.5,28.529999
-28.760833,17.730278,28-06-2013,244.2,0.30000000000000004,36.03
-29.744167,29.905833,28-06-2013,129.0,258.2,25.869999
-28.96362,19.15486,29-06-2013,251.1,2.4000000000000004,36.73
-26.73806,27.59194,01-07-2013,153.90001,153.70000000000002,26.91
-26.45,28.085833,01-07-2013,147.8,150.6,26.31
-34.065833,20.404167,02-07-2013,182.3,8.5,30.31
-25.20639,27.558,02-07-2013,165.2,156.60000000000002,30.429998
-24.69514,27.40906,02-07-2013,172.7,157.70000000000002,31.24
-28.747778,31.745833,02-07-2013,137.90001,134.5,29.06
-27.937778,31.209444,02-07-2013,136.6,124.0,27.75
-29.380556,30.2775,02-07-2013,122.4,209.5,24.75
-27.169444,29.233889,02-07-2013,138.3,147.1,25.34
-26.861111,28.884722,02-07-2013,143.2,141.8,25.779999
-27.398611,26.614722,02-07-2013,177.90001,126.60000000000001,29.17
-28.69485,28.23487,02-07-2013,144.8,168.4,25.16
-34.031944,22.053333,02-07-2013,155.7,11.100000000000001,25.949999
-34.075556,20.145556,02-07-2013,185.90001,8.700000000000001,29.8
-29.161667,23.696389,03-07-2013,210.1,65.10000000000001,33.309998
-27.01011111,26.69808333,03-07-2013,170.6,139.4,28.49
-25.127778,27.628889,03-07-2013,164.7,154.20000000000002,30.5
-24.39619444,27.08983333,03-07-2013,172.8,149.3,31.56
-27.00222,28.76528,03-07-2013,143.40001,148.3,25.97
-27.02314,28.59389,03-07-2013,145.3,150.20000000000002,26.21
-26.648056,27.089444,03-07-2013,158.8,152.6,27.67
-26.970278,27.211111,03-07-2013,160.0,146.9,27.789999
-26.880278,26.965,03-07-2013,162.6,145.9,28.23
-27.273889,28.49,03-07-2013,146.2,157.0,26.119999
-27.4275,28.525833,03-07-2013,145.0,162.4,26.0
-27.3,28.586944,03-07-2013,144.8,156.8,26.099998
-26.98472222,26.63227778,03-07-2013,169.1,141.0,28.58
-34.039722,22.133333,03-07-2013,153.90001,11.4,25.769999
-34.405833,19.600556,03-07-2013,162.8,8.9,25.57
-33.870833,20.003333,03-07-2013,195.0,8.8,30.9
-25.57877778,29.12747222,03-07-2013,150.0,148.4,28.359999
-22.769722,30.886944,04-07-2013,148.1,132.4,31.609999
-28.801278,31.955389,04-07-2013,135.3,113.10000000000001,28.48
-27.5275,30.858056,04-07-2013,130.6,164.20000000000002,26.24
-26.98472222,26.63227778,04-07-2013,169.1,141.0,28.58
-31.394444,20.947222,04-07-2013,234.8,18.400000000000002,31.849998
-34.329722,18.990278,04-07-2013,164.2,8.700000000000001,24.8
-23.281,30.54305556,05-07-2013,142.7,110.60000000000001,30.46
-27.937778,31.209444,05-07-2013,136.6,124.0,27.75
-29.161667,30.629722,05-07-2013,124.700005,189.0,25.109999
-27.902778,24.615556,05-07-2013,198.40001,93.9,32.34
-25.99136,27.84208,08-07-2013,149.40001,163.10000000000002,26.83
-29.7775,29.470833,08-07-2013,125.5,289.7,23.76
-29.987778,29.851667,08-07-2013,123.8,257.6,25.019999
-29.744167,29.905833,08-07-2013,129.0,258.2,25.869999
-27.00222,28.76528,08-07-2013,143.40001,148.3,25.97
-26.45,28.085833,08-07-2013,147.8,150.6,26.31
-27.01011111,26.69808333,09-07-2013,181.0,69.60000000000001,31.22
-24.670833,28.560833,09-07-2013,166.8,75.8,30.4
-30.733889,29.828333,09-07-2013,150.2,66.3,28.359999
-26.648056,27.089444,09-07-2013,171.1,75.2,29.99
-26.970278,27.211111,09-07-2013,172.7,67.9,30.289999
-26.880278,26.965,09-07-2013,173.7,71.2,30.63
-26.98472222,26.63227778,09-07-2013,180.40001,72.60000000000001,31.38
-29.160278,26.573333,09-07-2013,192.6,31.6,32.71
-28.883333,27.89,09-07-2013,160.1,48.6,29.41
-31.396,29.2651,09-07-2013,155.6,67.8,29.32
-31.554722,29.245556,09-07-2013,147.0,71.2,28.0
-25.45963889,28.26430556,09-07-2013,170.7,79.0,30.84
-28.338333,31.373611,09-07-2013,156.6,67.60000000000001,30.22
-28.068333,31.55,09-07-2013,162.5,63.7,31.96
-25.81048333,27.90955222,10-07-2013,168.90001,87.4,30.08
-22.225556,29.990556,10-07-2013,154.7,96.0,33.42
-30.398056,30.601944,10-07-2013,156.6,71.2,29.3
-30.27402,30.69602,10-07-2013,155.8,67.10000000000001,29.189999
-28.69485,28.23487,10-07-2013,155.3,51.2,28.25
-29.615556,27.065278,10-07-2013,179.6,36.1,31.439999
-30.568333,29.422778,10-07-2013,150.8,64.4,27.63
-30.570833,29.150556,10-07-2013,150.2,66.0,27.41
-31.104278,29.399722,10-07-2013,154.0,65.9,28.849998
-34.092222,21.295278,10-07-2013,163.8,55.7,29.89
-24.282222,28.090278,11-07-2013,162.40001,95.80000000000001,30.25
-30.13573889,30.67422222,11-07-2013,156.5,58.0,29.46
-30.160091,27.40124,11-07-2013,172.7,40.5,31.08
-30.336111,27.359444,11-07-2013,175.0,41.300000000000004,31.07
-31.031389,28.883333,11-07-2013,151.5,63.900000000000006,28.67
-30.86013889,29.07125,11-07-2013,155.0,61.5,29.099998
-30.77586667,29.03221667,11-07-2013,155.1,62.400000000000006,29.0
-30.830556,26.921389,12-07-2013,186.7,35.5,31.81
-31.000833,26.353056,12-07-2013,194.7,31.700000000000003,31.32
-30.160091,27.40124,12-07-2013,172.7,40.5,31.08
-28.75,30.442778,13-07-2013,167.2,50.2,31.82
-28.735556,29.820556,15-07-2013,162.5,54.900000000000006,30.91
-26.73806,27.59194,15-07-2013,166.2,73.8,29.46
-26.45,28.085833,15-07-2013,163.6,75.2,28.869999
-33.38056,19.30167,15-07-2013,190.6,36.7,29.48
-27.01011111,26.69808333,16-07-2013,181.0,69.60000000000001,31.22
-24.679167,30.8025,16-07-2013,140.1,121.2,26.26
-25.127778,27.628889,16-07-2013,180.2,76.60000000000001,32.37
-24.39619444,27.08983333,16-07-2013,180.5,77.10000000000001,32.73
-24.69514,27.40906,16-07-2013,180.3,81.9,32.34
-23.658056,31.05,16-07-2013,152.2,69.2,32.26
-27.169444,29.233889,16-07-2013,155.5,70.0,27.779999
-26.861111,28.884722,16-07-2013,158.2,72.7,28.109999
-27.00222,28.76528,16-07-2013,158.8,69.60000000000001,28.49
-26.648056,27.089444,16-07-2013,171.1,75.2,29.99
-26.880278,26.965,16-07-2013,173.7,71.2,30.63
-26.98472222,26.63227778,16-07-2013,180.40001,72.60000000000001,31.38
-28.141944,26.417778,16-07-2013,189.0,43.6,32.079998
-28.1175,26.719444,16-07-2013,184.7,43.6,31.88
-29.641944,30.6875,17-07-2013,153.8,30.5,29.64
-22.91028,29.61111,17-07-2013,145.7,104.7,30.55
-25.20639,27.558,17-07-2013,178.40001,77.60000000000001,32.12
-24.058889,31.237222,17-07-2013,152.3,73.4,31.99
-27.363611,31.783333,17-07-2013,154.3,54.6,31.66
-27.38972222,26.46388889,17-07-2013,189.40001,58.800000000000004,32.0
-28.768056,20.720556,17-07-2013,253.7,28.8,37.17
-33.13083,18.86278,17-07-2013,193.6,26.1,32.3
-32.94583,18.33667,17-07-2013,191.7,17.6,29.46
-22.935,28.004167,18-07-2013,165.5,82.60000000000001,32.44
-24.183889,30.823889,18-07-2013,154.90001,75.9,31.88
-23.23572222,27.717,18-07-2013,170.2,81.9,32.92
-26.905,32.324722,18-07-2013,156.40001,57.300000000000004,33.27
-27.602222,29.942778,18-07-2013,161.7,73.8,29.14
-29.744167,29.905833,18-07-2013,155.1,57.0,28.789999
-27.935,26.126667,18-07-2013,189.6,48.1,32.09
-28.141944,26.417778,18-07-2013,189.0,43.6,32.079998
-27.902778,24.615556,19-07-2013,211.90001,59.0,35.48
-28.96362,19.15486,20-07-2013,251.5,24.900000000000002,38.09
-25.99136,27.84208,22-07-2013,165.8,90.0,29.199999
-32.502778,19.535833,22-07-2013,214.8,15.700000000000001,33.89
-31.860278,18.6875,23-07-2013,217.5,14.9,32.52
-26.45,28.085833,23-07-2013,163.6,75.2,28.869999
-28.141944,26.417778,23-07-2013,189.0,43.6,32.079998
-28.1175,26.719444,23-07-2013,184.7,43.6,31.88
-32.595833,19.009444,23-07-2013,215.3,18.400000000000002,33.63
-25.45963889,28.26430556,23-07-2013,170.7,79.0,30.84
-29.161667,23.696389,24-07-2013,225.5,33.300000000000004,36.17
-25.81048333,27.90955222,24-07-2013,168.90001,87.4,30.08
-26.861111,28.884722,24-07-2013,158.2,72.7,28.109999
-27.00222,28.76528,24-07-2013,158.8,69.60000000000001,28.49
-26.970278,27.211111,24-07-2013,172.7,67.9,30.289999
-27.671111,27.236944,24-07-2013,178.40001,51.400000000000006,31.09
-33.501667,21.624167,24-07-2013,179.1,52.5,30.09
-33.7075,18.97444444,24-07-2013,195.7,36.2,31.01
-27.01011111,26.69808333,25-07-2013,181.0,69.60000000000001,31.22
-23.838611,31.640833,25-07-2013,155.1,65.8,33.26
-29.744167,29.905833,25-07-2013,155.1,57.0,28.789999
-26.648056,27.089444,25-07-2013,171.1,75.2,29.99
-26.880278,26.965,25-07-2013,173.7,71.2,30.63
-27.38972222,26.46388889,25-07-2013,189.40001,58.800000000000004,32.0
-26.98472222,26.63227778,25-07-2013,180.40001,72.60000000000001,31.38
-27.398611,26.614722,25-07-2013,187.40001,58.5,31.869999
-33.31388889,19.07472222,25-07-2013,200.1,30.1,31.769999
-29.140556,31.391944,29-07-2013,157.1,65.10000000000001,30.38
-34.065833,20.404167,30-07-2013,175.5,40.900000000000006,31.539999
-25.127778,27.628889,30-07-2013,180.2,76.60000000000001,32.37
-25.20639,27.558,30-07-2013,178.40001,77.60000000000001,32.12
-24.69514,27.40906,30-07-2013,180.3,81.9,32.34
-28.404444,30.013056,30-07-2013,163.7,60.5,30.359999
-29.380556,30.2775,30-07-2013,147.8,54.1,27.47
-26.648056,27.089444,30-07-2013,171.1,75.2,29.99
-26.970278,27.211111,30-07-2013,172.7,67.9,30.289999
-26.880278,26.965,30-07-2013,173.7,71.2,30.63
-26.98472222,26.63227778,30-07-2013,180.40001,72.60000000000001,31.38
-29.160278,26.573333,30-07-2013,192.6,31.6,32.71
-28.69485,28.23487,30-07-2013,155.3,51.2,28.25
-28.883333,27.89,30-07-2013,160.1,48.6,29.41
-34.075556,20.145556,30-07-2013,178.0,43.1,30.789999
-28.058889,30.373611,30-07-2013,157.90001,67.4,28.68
-29.161667,23.696389,31-07-2013,225.5,33.300000000000004,36.17
-24.39619444,27.08983333,31-07-2013,180.5,77.10000000000001,32.73
-28.747778,31.745833,31-07-2013,160.1,62.400000000000006,31.199999
-28.801278,31.955389,31-07-2013,159.1,63.800000000000004,30.859999
-29.615556,27.065278,31-07-2013,179.6,36.1,31.439999
-34.405833,19.600556,31-07-2013,156.6,53.800000000000004,26.449999
-27.5275,30.858056,01-08-2013,151.7,82.2,28.14
-27.902778,24.615556,01-08-2013,211.90001,59.0,35.48
-30.160091,27.40124,01-08-2013,172.7,40.5,31.08
-30.336111,27.359444,01-08-2013,175.0,41.300000000000004,31.07
-29.651389,22.746389,01-08-2013,228.90001,25.5,36.14
-29.1825,23.575556,01-08-2013,224.90001,32.4,36.079998
-33.897778,20.012778,01-08-2013,180.6,38.400000000000006,31.369999
-29.744167,29.905833,02-08-2013,155.1,57.0,28.789999
-28.068333,31.55,03-08-2013,162.5,63.7,31.96
-25.99136,27.84208,05-08-2013,165.8,90.0,29.199999
-29.7775,29.470833,05-08-2013,146.0,76.80000000000001,26.46
-29.987778,29.851667,05-08-2013,150.6,61.6,27.939999
-29.744167,29.905833,05-08-2013,155.1,57.0,28.789999
-26.45,28.085833,05-08-2013,163.6,75.2,28.869999
-31.396,29.2651,05-08-2013,155.6,67.8,29.32
-31.554722,29.245556,05-08-2013,147.0,71.2,28.0
-27.169444,29.233889,06-08-2013,155.5,70.0,27.779999
-30.570833,29.150556,06-08-2013,150.2,66.0,27.41
-31.104278,29.399722,06-08-2013,154.0,65.9,28.849998
-25.45963889,28.26430556,06-08-2013,170.7,79.0,30.84
-28.338333,31.373611,06-08-2013,156.6,67.60000000000001,30.22
-28.068333,31.55,06-08-2013,162.5,63.7,31.96
-29.161667,23.696389,07-08-2013,225.5,33.300000000000004,36.17
-25.81048333,27.90955222,07-08-2013,168.90001,87.4,30.08
-30.830556,26.921389,07-08-2013,186.7,35.5,31.81
-30.398056,30.601944,07-08-2013,156.6,71.2,29.3
-27.02314,28.59389,07-08-2013,160.8,69.2,28.859999
-27.273889,28.49,07-08-2013,160.1,67.2,28.869999
-27.4275,28.525833,07-08-2013,159.0,65.10000000000001,28.81
-27.3,28.586944,07-08-2013,159.8,67.0,28.789999
-27.398611,26.614722,07-08-2013,187.40001,58.5,31.869999
-29.033333,23.983333,07-08-2013,219.8,38.300000000000004,35.67
-31.031389,28.883333,07-08-2013,151.5,63.900000000000006,28.67
-30.86013889,29.07125,07-08-2013,155.0,61.5,29.099998
-30.77586667,29.03221667,07-08-2013,155.1,62.400000000000006,29.0
-27.01011111,26.69808333,08-08-2013,181.0,69.60000000000001,31.22
-28.44555556,32.325,01-10-2013,153.90001,76.3,30.3
-26.648056,27.089444,08-08-2013,171.1,75.2,29.99
-26.970278,27.211111,08-08-2013,172.7,67.9,30.289999
-26.98472222,26.63227778,08-08-2013,180.40001,72.60000000000001,31.38
-27.573056,24.746389,08-08-2013,203.0,66.3,34.82
-31.000833,26.353056,08-08-2013,194.7,31.700000000000003,31.32
-30.679722,26.7125,08-08-2013,192.1,32.9,32.94
-30.570833,29.150556,08-08-2013,150.2,66.0,27.41
-25.57877778,29.12747222,08-08-2013,167.40001,83.9,30.01
-29.803611,30.516111,09-08-2013,150.2,41.7,28.65
-28.735556,29.820556,12-08-2013,162.5,54.900000000000006,30.91
-26.73806,27.59194,12-08-2013,166.2,73.8,29.46
-26.45,28.085833,12-08-2013,163.6,75.2,28.869999
-26.98472222,26.63227778,12-08-2013,180.40001,72.60000000000001,31.38
-33.38056,19.30167,12-08-2013,190.6,36.7,29.48
-28.760833,17.730278,13-08-2013,240.3,15.9,36.94
-22.225556,29.990556,13-08-2013,154.7,96.0,33.42
-25.127778,27.628889,13-08-2013,180.2,76.60000000000001,32.37
-24.39619444,27.08983333,13-08-2013,180.5,77.10000000000001,32.73
-24.69514,27.40906,13-08-2013,180.3,81.9,32.34
-23.658056,31.05,13-08-2013,152.2,69.2,32.26
-23.281,30.54305556,13-08-2013,147.40001,121.5,31.24
-27.169444,29.233889,13-08-2013,155.5,70.0,27.779999
-27.00222,28.76528,13-08-2013,158.8,69.60000000000001,28.49
-26.970278,27.211111,13-08-2013,172.7,67.9,30.289999
-29.1825,23.575556,13-08-2013,224.90001,32.4,36.079998
-34.039722,22.133333,13-08-2013,150.2,73.3,27.23
-34.02861,22.22222,13-08-2013,147.90001,75.60000000000001,26.63
-31.5653,18.3306,13-08-2013,211.90001,9.5,31.199999
-29.161667,23.696389,14-08-2013,225.5,33.300000000000004,36.17
-27.01011111,26.69808333,14-08-2013,181.0,69.60000000000001,31.22
-29.641944,30.6875,14-08-2013,153.8,30.5,29.64
-24.183889,30.823889,14-08-2013,154.90001,75.9,31.88
-25.20639,27.558,14-08-2013,178.40001,77.60000000000001,32.12
-22.769722,30.886944,14-08-2013,148.0,120.80000000000001,31.689999
-23.838611,31.640833,14-08-2013,155.1,65.8,33.26
-24.058889,31.237222,14-08-2013,152.3,73.4,31.99
-27.363611,31.783333,14-08-2013,154.3,54.6,31.66
-26.648056,27.089444,14-08-2013,171.1,75.2,29.99
-26.880278,26.965,14-08-2013,173.7,71.2,30.63
-27.38972222,26.46388889,14-08-2013,189.40001,58.800000000000004,32.0
-26.98472222,26.63227778,14-08-2013,180.40001,72.60000000000001,31.38
-28.141944,26.417778,14-08-2013,189.0,43.6,32.079998
-28.1175,26.719444,14-08-2013,184.7,43.6,31.88
-29.033333,23.983333,14-08-2013,219.8,38.300000000000004,35.67
-28.768056,20.720556,14-08-2013,253.7,28.8,37.17
-34.092222,21.295278,14-08-2013,163.8,55.7,29.89
-33.13083,18.86278,14-08-2013,193.6,26.1,32.3
-26.905,32.324722,15-08-2013,156.40001,57.300000000000004,33.27
-27.602222,29.942778,15-08-2013,161.7,73.8,29.14
-27.398611,26.614722,15-08-2013,187.40001,58.5,31.869999
-27.671111,27.236944,15-08-2013,178.40001,51.400000000000006,31.09
-27.902778,24.615556,15-08-2013,211.90001,59.0,35.48
-24.679167,30.8025,16-08-2013,140.1,121.2,26.26
-29.744167,29.905833,16-08-2013,155.1,57.0,28.789999
-25.447222,30.711667,18-08-2013,151.2,86.80000000000001,28.609999
-25.99136,27.84208,19-08-2013,165.8,90.0,29.199999
-29.160278,26.573333,19-08-2013,192.6,31.6,32.71
-32.502778,19.535833,19-08-2013,214.8,15.700000000000001,33.89
-31.860278,18.6875,20-08-2013,217.5,14.9,32.52
-22.91028,29.61111,20-08-2013,145.7,104.7,30.55
-25.45963889,28.26430556,20-08-2013,170.7,79.0,30.84
-25.81048333,27.90955222,21-08-2013,168.90001,87.4,30.08
-22.935,28.004167,21-08-2013,165.5,82.60000000000001,32.44
-26.03611,30.99778,21-08-2013,155.5,104.4,28.73
-28.75,30.442778,21-08-2013,167.2,50.2,31.82
-29.161667,30.629722,21-08-2013,146.8,50.900000000000006,27.48
-26.45,28.085833,21-08-2013,163.6,75.2,28.869999
-27.671111,27.236944,21-08-2013,178.40001,51.400000000000006,31.09
-33.7075,18.97444444,21-08-2013,195.7,36.2,31.01
-27.01011111,26.69808333,22-08-2013,181.0,69.60000000000001,31.22
-24.282222,28.090278,22-08-2013,162.40001,95.80000000000001,30.25
-27.00222,28.76528,22-08-2013,158.8,69.60000000000001,28.49
-26.98472222,26.63227778,22-08-2013,180.40001,72.60000000000001,31.38
-28.116667,26.725278,22-08-2013,184.7,43.6,31.88
-33.31388889,19.07472222,22-08-2013,200.1,30.1,31.769999
-26.648056,27.089444,23-08-2013,171.1,75.2,29.99
-26.970278,27.211111,23-08-2013,172.7,67.9,30.289999
-26.880278,26.965,23-08-2013,173.7,71.2,30.63
-30.398056,30.601944,24-08-2013,156.6,71.2,29.3
-24.99328,30.81444,26-08-2013,131.2,112.0,24.51
-29.380556,30.2775,26-08-2013,147.8,54.1,27.47
-26.73806,27.59194,26-08-2013,166.2,73.8,29.46
-26.45,28.085833,26-08-2013,163.6,75.2,28.869999
-33.818056,19.694722,26-08-2013,193.40001,38.1,31.07
-34.065833,20.404167,27-08-2013,175.5,40.900000000000006,31.539999
-25.127778,27.628889,27-08-2013,180.2,76.60000000000001,32.37
-24.69514,27.40906,27-08-2013,180.3,81.9,32.34
-22.43772222,31.07805556,27-08-2013,156.1,104.5,33.93
-25.681111,31.783333,27-08-2013,146.7,65.5,31.24
-25.67386,31.57527,27-08-2013,147.8,67.3,30.96
-28.747778,31.745833,27-08-2013,160.1,62.400000000000006,31.199999
-27.169444,29.233889,27-08-2013,155.5,70.0,27.779999
-27.00222,28.76528,27-08-2013,158.8,69.60000000000001,28.49
-27.273889,28.49,27-08-2013,160.1,67.2,28.869999
-29.042222,24.6,27-08-2013,216.6,42.6,35.17
-29.028629,24.638389,27-08-2013,215.2,44.1,35.07
-29.033333,23.983333,27-08-2013,219.8,38.300000000000004,35.67
-28.760833,17.730278,28-08-2013,240.3,15.9,36.94
-29.161667,23.696389,28-08-2013,225.5,33.300000000000004,36.17
-25.436111,31.982222,28-08-2013,140.8,69.7,31.32
-23.838611,31.640833,28-08-2013,155.1,65.8,33.26
-25.398889,31.610556,28-08-2013,144.0,66.3,30.56
-25.14944444,31.94055556,28-08-2013,141.2,69.60000000000001,31.099998
-28.801278,31.955389,28-08-2013,159.1,63.800000000000004,30.859999
-27.937778,31.209444,28-08-2013,158.3,65.5,29.81
-28.69485,28.23487,28-08-2013,155.3,51.2,28.25
-28.883333,27.89,28-08-2013,160.1,48.6,29.41
-34.405833,19.600556,28-08-2013,156.6,53.800000000000004,26.449999
-28.058889,30.373611,28-08-2013,157.90001,67.4,28.68
-27.5275,30.858056,29-08-2013,151.7,82.2,28.14
-26.970278,27.211111,29-08-2013,172.7,67.9,30.289999
-33.501667,21.624167,29-08-2013,179.1,52.5,30.09
-34.075556,20.145556,29-08-2013,178.0,43.1,30.789999
-33.897778,20.012778,29-08-2013,180.6,38.400000000000006,31.369999
-27.01011111,26.69808333,30-08-2013,181.0,69.60000000000001,31.22
-29.744167,29.905833,30-08-2013,155.1,57.0,28.789999
-26.648056,27.089444,30-08-2013,171.1,75.2,29.99
-26.880278,26.965,30-08-2013,173.7,71.2,30.63
-26.98472222,26.63227778,30-08-2013,180.40001,72.60000000000001,31.38
-25.99136,27.84208,02-09-2013,165.8,90.0,29.199999
-30.733889,29.828333,02-09-2013,150.2,66.3,28.359999
-29.7775,29.470833,02-09-2013,146.0,76.80000000000001,26.46
-29.987778,29.851667,02-09-2013,150.6,61.6,27.939999
-29.744167,29.905833,02-09-2013,155.1,57.0,28.789999
-26.45,28.085833,02-09-2013,163.6,75.2,28.869999
-27.671111,27.236944,02-09-2013,178.40001,51.400000000000006,31.09
-31.396,29.2651,02-09-2013,155.6,67.8,29.32
-31.554722,29.245556,02-09-2013,147.0,71.2,28.0
-25.73411,27.21422,03-09-2013,168.6,95.80000000000001,30.16
-27.398611,26.614722,03-09-2013,187.40001,58.5,31.869999
-29.160278,26.573333,03-09-2013,192.6,31.6,32.71
-30.568333,29.422778,03-09-2013,150.8,64.4,27.63
-30.570833,29.150556,03-09-2013,150.2,66.0,27.41
-31.104278,29.399722,03-09-2013,154.0,65.9,28.849998
-25.45963889,28.26430556,03-09-2013,170.7,79.0,30.84
-28.338333,31.373611,03-09-2013,156.6,67.60000000000001,30.22
-27.495556,26.074722,03-09-2013,192.40001,58.1,32.16
-29.161667,23.696389,04-09-2013,225.5,33.300000000000004,36.17
-27.01011111,26.69808333,04-09-2013,181.0,69.60000000000001,31.22
-25.81048333,27.90955222,04-09-2013,168.90001,87.4,30.08
-23.658056,31.05,04-09-2013,152.2,69.2,32.26
-25.49037,30.6986,04-09-2013,148.40001,89.4,28.039999
-27.00222,28.76528,04-09-2013,158.8,69.60000000000001,28.49
-26.648056,27.089444,04-09-2013,171.1,75.2,29.99
-26.970278,27.211111,04-09-2013,172.7,67.9,30.289999
-26.880278,26.965,04-09-2013,173.7,71.2,30.63
-27.273889,28.49,04-09-2013,160.1,67.2,28.869999
-27.3,28.586944,04-09-2013,159.8,67.0,28.789999
-26.98472222,26.63227778,04-09-2013,180.40001,72.60000000000001,31.38
-29.033333,23.983333,04-09-2013,219.8,38.300000000000004,35.67
-30.336111,27.359444,04-09-2013,175.0,41.300000000000004,31.07
-29.615556,27.065278,04-09-2013,179.6,36.1,31.439999
-31.031389,28.883333,04-09-2013,151.5,63.900000000000006,28.67
-30.86013889,29.07125,04-09-2013,155.0,61.5,29.099998
-30.77586667,29.03221667,04-09-2013,155.1,62.400000000000006,29.0
-34.031944,22.053333,04-09-2013,151.6,71.10000000000001,27.42
-34.039722,22.133333,04-09-2013,150.2,73.3,27.23
-33.08883333,19.21878333,04-09-2013,189.8,31.5,29.019999
-30.830556,26.921389,05-09-2013,186.7,35.5,31.81
-28.44555556,32.325,03-10-2013,153.90001,76.3,30.3
-29.744167,29.905833,05-09-2013,155.1,57.0,28.789999
-30.13573889,30.67422222,05-09-2013,156.5,58.0,29.46
-29.160278,26.573333,05-09-2013,192.6,31.6,32.71
-30.679722,26.7125,05-09-2013,192.1,32.9,32.94
-30.160091,27.40124,05-09-2013,172.7,40.5,31.08
-34.02861,22.22222,05-09-2013,147.90001,75.60000000000001,26.63
-24.058889,31.237222,06-09-2013,152.3,73.4,31.99
-27.573056,24.746389,06-09-2013,203.0,66.3,34.82
-31.000833,26.353056,06-09-2013,194.7,31.700000000000003,31.32
-29.803611,30.516111,06-09-2013,150.2,41.7,28.65
-28.735556,29.820556,09-09-2013,162.5,54.900000000000006,30.91
-26.73806,27.59194,09-09-2013,166.2,73.8,29.46
-26.45,28.085833,09-09-2013,163.6,75.2,28.869999
-33.38056,19.30167,09-09-2013,190.6,36.7,29.48
-32.502778,19.535833,09-09-2013,214.8,15.700000000000001,33.89
-34.005833,22.351111,09-09-2013,144.8,85.5,26.099998
-31.860278,18.6875,10-09-2013,217.5,14.9,32.52
-25.127778,27.628889,10-09-2013,180.2,76.60000000000001,32.37
-24.69514,27.40906,10-09-2013,180.3,81.9,32.34
-22.769722,30.886944,10-09-2013,148.0,120.80000000000001,31.689999
-23.281,30.54305556,10-09-2013,147.40001,121.5,31.24
-27.802778,28.768333,10-09-2013,154.3,62.5,28.26
-32.595833,19.009444,10-09-2013,215.3,18.400000000000002,33.63
-29.161667,23.696389,11-09-2013,225.5,33.300000000000004,36.17
-27.01011111,26.69808333,11-09-2013,181.0,69.60000000000001,31.22
-29.641944,30.6875,11-09-2013,153.8,30.5,29.64
-25.20639,27.558,11-09-2013,178.40001,77.60000000000001,32.12
-27.363611,31.783333,11-09-2013,154.3,54.6,31.66
-26.970278,27.211111,11-09-2013,172.7,67.9,30.289999
-26.880278,26.965,11-09-2013,173.7,71.2,30.63
-26.98472222,26.63227778,11-09-2013,180.40001,72.60000000000001,31.38
-28.768056,20.720556,11-09-2013,253.7,28.8,37.17
-34.092222,21.295278,11-09-2013,163.8,55.7,29.89
-33.13083,18.86278,11-09-2013,193.6,26.1,32.3
-33.7075,18.97444444,11-09-2013,195.7,36.2,31.01
-32.94583,18.33667,11-09-2013,191.7,17.6,29.46
-26.905,32.324722,12-09-2013,156.40001,57.300000000000004,33.27
-27.602222,29.942778,12-09-2013,161.7,73.8,29.14
-33.31388889,19.07472222,12-09-2013,200.1,30.1,31.769999
-26.98472222,26.63227778,13-09-2013,180.40001,72.60000000000001,31.38
-27.902778,24.615556,13-09-2013,211.90001,59.0,35.48
-25.99136,27.84208,16-09-2013,165.8,90.0,29.199999
-26.03611,30.99778,16-09-2013,155.5,104.4,28.73
-26.45,28.085833,16-09-2013,163.6,75.2,28.869999
-25.447222,30.711667,16-09-2013,151.2,86.80000000000001,28.609999
-28.760833,17.730278,17-09-2013,240.3,15.9,36.94
-27.01011111,26.69808333,17-09-2013,181.0,69.60000000000001,31.22
-25.73411,27.21422,17-09-2013,168.6,95.80000000000001,30.16
-27.00222,28.76528,17-09-2013,158.8,69.60000000000001,28.49
-26.648056,27.089444,17-09-2013,171.1,75.2,29.99
-26.970278,27.211111,17-09-2013,172.7,67.9,30.289999
-26.880278,26.965,17-09-2013,173.7,71.2,30.63
-26.98472222,26.63227778,17-09-2013,180.40001,72.60000000000001,31.38
-29.042222,24.6,17-09-2013,216.6,42.6,35.17
-29.028629,24.638389,17-09-2013,215.2,44.1,35.07
-29.033333,23.983333,17-09-2013,219.8,38.300000000000004,35.67
-25.45963889,28.26430556,17-09-2013,170.7,79.0,30.84
-25.57877778,29.12747222,17-09-2013,167.40001,83.9,30.01
-28.760833,17.730278,18-09-2013,240.3,15.9,36.94
-29.161667,23.696389,18-09-2013,225.5,33.300000000000004,36.17
-25.81048333,27.90955222,18-09-2013,168.90001,87.4,30.08
-25.398889,31.610556,18-09-2013,144.0,66.3,30.56
-27.935,26.126667,18-09-2013,189.6,48.1,32.09
-27.671111,27.236944,18-09-2013,178.40001,51.400000000000006,31.09
-29.033333,23.983333,18-09-2013,219.8,38.300000000000004,35.67
-28.75,30.442778,19-09-2013,167.2,50.2,31.82
-27.38972222,26.46388889,19-09-2013,189.40001,58.800000000000004,32.0
-34.250556,20.9925,19-09-2013,168.1,51.7,29.67
-29.744167,29.905833,20-09-2013,155.1,57.0,28.789999
-27.671111,27.236944,20-09-2013,178.40001,51.400000000000006,31.09
-27.573056,24.746389,20-09-2013,203.0,66.3,34.82
-28.760833,17.730278,23-09-2013,240.3,15.9,36.94
-29.380556,30.2775,23-09-2013,147.8,54.1,27.47
-33.818056,19.694722,23-09-2013,193.40001,38.1,31.07
-34.065833,20.404167,24-09-2013,175.5,40.900000000000006,31.539999
-24.670833,28.560833,24-09-2013,166.8,75.8,30.4
-25.681111,31.783333,24-09-2013,146.7,65.5,31.24
-25.67386,31.57527,24-09-2013,147.8,67.3,30.96
-28.747778,31.745833,24-09-2013,160.1,62.400000000000006,31.199999
-29.140556,31.391944,25-09-2013,157.1,65.10000000000001,30.38
-25.127778,27.628889,25-09-2013,180.2,76.60000000000001,32.37
-24.69514,27.40906,25-09-2013,180.3,81.9,32.34
-27.937778,31.209444,25-09-2013,158.3,65.5,29.81
-28.404444,30.013056,25-09-2013,163.7,60.5,30.359999
-26.73806,27.59194,25-09-2013,166.2,73.8,29.46
-26.45,28.085833,25-09-2013,163.6,75.2,28.869999
-33.501667,21.624167,25-09-2013,179.1,52.5,30.09
-27.01011111,26.69808333,26-09-2013,181.0,69.60000000000001,31.22
-22.225556,29.990556,26-09-2013,154.7,96.0,33.42
-25.436111,31.982222,26-09-2013,140.8,69.7,31.32
-25.20639,27.558,26-09-2013,178.40001,77.60000000000001,32.12
-28.801278,31.955389,26-09-2013,159.1,63.800000000000004,30.859999
-27.169444,29.233889,26-09-2013,155.5,70.0,27.779999
-27.00222,28.76528,26-09-2013,158.8,69.60000000000001,28.49
-26.648056,27.089444,26-09-2013,171.1,75.2,29.99
-26.970278,27.211111,26-09-2013,172.7,67.9,30.289999
-26.880278,26.965,26-09-2013,173.7,71.2,30.63
-28.141944,26.417778,26-09-2013,189.0,43.6,32.079998
-28.058889,30.373611,26-09-2013,157.90001,67.4,28.68
-26.861111,28.884722,27-09-2013,158.2,72.7,28.109999
-27.902778,24.615556,27-09-2013,211.90001,59.0,35.48
-25.99136,27.84208,30-09-2013,165.8,90.0,29.199999
-29.7775,29.470833,30-09-2013,146.0,76.80000000000001,26.46
-29.987778,29.851667,30-09-2013,150.6,61.6,27.939999
-29.744167,29.905833,30-09-2013,155.1,57.0,28.789999
-26.45,28.085833,30-09-2013,163.6,75.2,28.869999
-31.396,29.2651,30-09-2013,155.6,67.8,29.32
-31.554722,29.245556,30-09-2013,147.0,71.2,28.0
-24.183889,30.823889,01-10-2013,154.90001,75.9,31.88
-25.73411,27.21422,01-10-2013,168.6,95.80000000000001,30.16
-28.44555556,32.325,31-10-2013,153.90001,76.3,30.3
-27.671111,27.236944,01-10-2013,178.40001,51.400000000000006,31.09
-30.568333,29.422778,01-10-2013,150.8,64.4,27.63
-30.570833,29.150556,01-10-2013,150.2,66.0,27.41
-31.104278,29.399722,01-10-2013,154.0,65.9,28.849998
-34.031944,22.053333,01-10-2013,151.6,71.10000000000001,27.42
-34.005833,22.351111,01-10-2013,144.8,85.5,26.099998
-25.45963889,28.26430556,01-10-2013,170.7,79.0,30.84
-28.068333,31.55,01-10-2013,162.5,63.7,31.96
-29.161667,23.696389,02-10-2013,225.5,33.300000000000004,36.17
-27.01011111,26.69808333,02-10-2013,181.0,69.60000000000001,31.22
-25.81048333,27.90955222,02-10-2013,168.90001,87.4,30.08
-24.058889,31.237222,02-10-2013,152.3,73.4,31.99
-30.733889,29.828333,02-10-2013,150.2,66.3,28.359999
-30.398056,30.601944,02-10-2013,156.6,71.2,29.3
-27.00222,28.76528,02-10-2013,158.8,69.60000000000001,28.49
-27.02314,28.59389,02-10-2013,160.8,69.2,28.859999
-27.273889,28.49,02-10-2013,160.1,67.2,28.869999
-27.3,28.586944,02-10-2013,159.8,67.0,28.789999
-27.802778,28.768333,02-10-2013,154.3,62.5,28.26
-26.98472222,26.63227778,02-10-2013,180.40001,72.60000000000001,31.38
-27.398611,26.614722,02-10-2013,187.40001,58.5,31.869999
-27.671111,27.236944,02-10-2013,178.40001,51.400000000000006,31.09
-29.160278,26.573333,02-10-2013,192.6,31.6,32.71
-29.615556,27.065278,02-10-2013,179.6,36.1,31.439999
-28.883333,27.89,02-10-2013,160.1,48.6,29.41
-31.031389,28.883333,02-10-2013,151.5,63.900000000000006,28.67
-30.86013889,29.07125,02-10-2013,155.0,61.5,29.099998
-30.77586667,29.03221667,02-10-2013,155.1,62.400000000000006,29.0
-34.039722,22.133333,02-10-2013,150.2,73.3,27.23
-34.02861,22.22222,02-10-2013,147.90001,75.60000000000001,26.63
-27.495556,26.074722,02-10-2013,192.40001,58.1,32.16
-28.44555556,32.325,16-01-2014,140.7,223.9,28.46
-29.744167,29.905833,03-10-2013,155.1,57.0,28.789999
-26.648056,27.089444,03-10-2013,171.1,75.2,29.99
-26.970278,27.211111,03-10-2013,172.7,67.9,30.289999
-26.880278,26.965,03-10-2013,173.7,71.2,30.63
-27.3,28.586944,03-10-2013,159.8,67.0,28.789999
-30.160091,27.40124,03-10-2013,172.7,40.5,31.08
-30.336111,27.359444,03-10-2013,175.0,41.300000000000004,31.07
-29.615556,27.065278,03-10-2013,179.6,36.1,31.439999
-30.830556,26.921389,04-10-2013,186.7,35.5,31.81
-30.679722,26.7125,04-10-2013,192.1,32.9,32.94
-29.803611,30.516111,04-10-2013,150.2,41.7,28.65
-26.73806,27.59194,07-10-2013,166.2,73.8,29.46
-26.45,28.085833,07-10-2013,163.6,75.2,28.869999
-31.436944,20.474722,07-10-2013,217.3,31.8,33.25
-29.1825,23.575556,07-10-2013,224.90001,32.4,36.079998
-33.38056,19.30167,07-10-2013,190.6,36.7,29.48
-32.502778,19.535833,07-10-2013,214.8,15.700000000000001,33.89
-31.860278,18.6875,08-10-2013,217.5,14.9,32.52
-25.127778,27.628889,08-10-2013,180.2,76.60000000000001,32.37
-24.69514,27.40906,08-10-2013,180.3,81.9,32.34
-22.769722,30.886944,08-10-2013,148.0,120.80000000000001,31.689999
-28.735556,29.820556,08-10-2013,162.5,54.900000000000006,30.91
-27.169444,29.233889,08-10-2013,155.5,70.0,27.779999
-26.861111,28.884722,08-10-2013,158.2,72.7,28.109999
-27.00222,28.76528,08-10-2013,158.8,69.60000000000001,28.49
-34.092222,21.295278,08-10-2013,163.8,55.7,29.89
-33.13083,18.86278,08-10-2013,193.6,26.1,32.3
-32.94583,18.33667,08-10-2013,191.7,17.6,29.46
-29.161667,23.696389,09-10-2013,225.5,33.300000000000004,36.17
-29.641944,30.6875,09-10-2013,153.8,30.5,29.64
-25.20639,27.558,09-10-2013,178.40001,77.60000000000001,32.12
-26.905,32.324722,09-10-2013,156.40001,57.300000000000004,33.27
-27.602222,29.942778,09-10-2013,161.7,73.8,29.14
-33.7075,18.97444444,09-10-2013,195.7,36.2,31.01
-23.658056,31.05,10-10-2013,152.2,69.2,32.26
-27.363611,31.783333,10-10-2013,154.3,54.6,31.66
-26.970278,27.211111,10-10-2013,172.7,67.9,30.289999
-33.31388889,19.07472222,10-10-2013,200.1,30.1,31.769999
-27.01011111,26.69808333,11-10-2013,181.0,69.60000000000001,31.22
-26.648056,27.089444,11-10-2013,171.1,75.2,29.99
-26.880278,26.965,11-10-2013,173.7,71.2,30.63
-26.98472222,26.63227778,11-10-2013,180.40001,72.60000000000001,31.38
-27.902778,24.615556,11-10-2013,211.90001,59.0,35.48
-26.861111,28.884722,13-10-2013,158.2,72.7,28.109999
-25.99136,27.84208,14-10-2013,165.8,90.0,29.199999
-26.45,28.085833,14-10-2013,163.6,75.2,28.869999
-27.01011111,26.69808333,15-10-2013,181.0,69.60000000000001,31.22
-25.73411,27.21422,15-10-2013,168.6,95.80000000000001,30.16
-24.99328,30.81444,15-10-2013,131.2,112.0,24.51
-27.5275,30.858056,15-10-2013,151.7,82.2,28.14
-26.861111,28.884722,15-10-2013,158.2,72.7,28.109999
-27.00222,28.76528,15-10-2013,158.8,69.60000000000001,28.49
-26.648056,27.089444,15-10-2013,171.1,75.2,29.99
-26.970278,27.211111,15-10-2013,172.7,67.9,30.289999
-26.880278,26.965,15-10-2013,173.7,71.2,30.63
-26.98472222,26.63227778,15-10-2013,180.40001,72.60000000000001,31.38
-25.45963889,28.26430556,15-10-2013,170.7,79.0,30.84
-29.161667,23.696389,16-10-2013,225.5,33.300000000000004,36.17
-25.81048333,27.90955222,16-10-2013,168.90001,87.4,30.08
-24.670833,28.560833,16-10-2013,166.8,75.8,30.4
-28.75,30.442778,16-10-2013,167.2,50.2,31.82
-29.161667,30.629722,16-10-2013,146.8,50.900000000000006,27.48
-29.160278,26.573333,16-10-2013,192.6,31.6,32.71
-29.033333,23.983333,16-10-2013,219.8,38.300000000000004,35.67
-28.768056,20.720556,16-10-2013,253.7,28.8,37.17
-29.161667,23.696389,17-10-2013,225.5,33.300000000000004,36.17
-29.744167,29.905833,17-10-2013,155.1,57.0,28.789999
-27.671111,27.236944,17-10-2013,178.40001,51.400000000000006,31.09
-34.250556,20.9925,17-10-2013,168.1,51.7,29.67
-29.380556,30.2775,21-10-2013,147.8,54.1,27.47
-33.818056,19.694722,21-10-2013,193.40001,38.1,31.07
-27.01011111,26.69808333,22-10-2013,181.0,69.60000000000001,31.22
-34.065833,20.404167,22-10-2013,175.5,40.900000000000006,31.539999
-25.127778,27.628889,22-10-2013,180.2,76.60000000000001,32.37
-25.20639,27.558,22-10-2013,178.40001,77.60000000000001,32.12
-24.69514,27.40906,22-10-2013,180.3,81.9,32.34
-26.648056,27.089444,22-10-2013,171.1,75.2,29.99
-26.970278,27.211111,22-10-2013,172.7,67.9,30.289999
-26.880278,26.965,22-10-2013,173.7,71.2,30.63
-26.73806,27.59194,22-10-2013,166.2,73.8,29.46
-26.45,28.085833,22-10-2013,163.6,75.2,28.869999
-26.98472222,26.63227778,22-10-2013,180.40001,72.60000000000001,31.38
-28.141944,26.417778,22-10-2013,189.0,43.6,32.079998
-29.042222,24.6,22-10-2013,216.6,42.6,35.17
-29.028629,24.638389,22-10-2013,215.2,44.1,35.07
-33.501667,21.624167,22-10-2013,179.1,52.5,30.09
-34.075556,20.145556,22-10-2013,178.0,43.1,30.789999
-28.760833,17.730278,23-10-2013,240.3,15.9,36.94
-29.161667,23.696389,23-10-2013,225.5,33.300000000000004,36.17
-29.140556,31.391944,23-10-2013,157.1,65.10000000000001,30.38
-28.801278,31.955389,23-10-2013,159.1,63.800000000000004,30.859999
-27.169444,29.233889,23-10-2013,155.5,70.0,27.779999
-26.861111,28.884722,23-10-2013,158.2,72.7,28.109999
-27.00222,28.76528,23-10-2013,158.8,69.60000000000001,28.49
-26.970278,27.211111,23-10-2013,172.7,67.9,30.289999
-27.38972222,26.46388889,23-10-2013,189.40001,58.800000000000004,32.0
-26.98472222,26.63227778,23-10-2013,180.40001,72.60000000000001,31.38
-27.398611,26.614722,23-10-2013,187.40001,58.5,31.869999
-27.671111,27.236944,23-10-2013,178.40001,51.400000000000006,31.09
-34.405833,19.600556,23-10-2013,156.6,53.800000000000004,26.449999
-28.058889,30.373611,23-10-2013,157.90001,67.4,28.68
-33.897778,20.012778,23-10-2013,180.6,38.400000000000006,31.369999
-28.747778,31.745833,24-10-2013,160.1,62.400000000000006,31.199999
-27.5275,30.858056,24-10-2013,151.7,82.2,28.14
-28.116667,26.725278,24-10-2013,184.7,43.6,31.88
-34.329722,18.990278,24-10-2013,154.90001,55.0,25.34
-27.573056,24.746389,25-10-2013,203.0,66.3,34.82
-25.99136,27.84208,28-10-2013,165.8,90.0,29.199999
-29.7775,29.470833,28-10-2013,146.0,76.80000000000001,26.46
-29.987778,29.851667,28-10-2013,150.6,61.6,27.939999
-29.744167,29.905833,28-10-2013,155.1,57.0,28.789999
-26.45,28.085833,28-10-2013,163.6,75.2,28.869999
-27.01011111,26.69808333,29-10-2013,181.0,69.60000000000001,31.22
-25.73411,27.21422,29-10-2013,168.6,95.80000000000001,30.16
-30.733889,29.828333,29-10-2013,150.2,66.3,28.359999
-27.00222,28.76528,29-10-2013,158.8,69.60000000000001,28.49
-26.648056,27.089444,29-10-2013,171.1,75.2,29.99
-26.970278,27.211111,29-10-2013,172.7,67.9,30.289999
-26.880278,26.965,29-10-2013,173.7,71.2,30.63
-27.802778,28.768333,29-10-2013,154.3,62.5,28.26
-26.98472222,26.63227778,29-10-2013,180.40001,72.60000000000001,31.38
-25.45963889,28.26430556,29-10-2013,170.7,79.0,30.84
-28.338333,31.373611,29-10-2013,156.6,67.60000000000001,30.22
-28.068333,31.55,29-10-2013,162.5,63.7,31.96
-25.81048333,27.90955222,30-10-2013,168.90001,87.4,30.08
-30.830556,26.921389,30-10-2013,186.7,35.5,31.81
-30.398056,30.601944,30-10-2013,156.6,71.2,29.3
-30.160091,27.40124,30-10-2013,172.7,40.5,31.08
-30.336111,27.359444,30-10-2013,175.0,41.300000000000004,31.07
-28.883333,27.89,30-10-2013,160.1,48.6,29.41
-28.768056,20.720556,30-10-2013,253.7,28.8,37.17
-31.104278,29.399722,30-10-2013,154.0,65.9,28.849998
-31.396,29.2651,30-10-2013,155.6,67.8,29.32
-31.554722,29.245556,30-10-2013,147.0,71.2,28.0
-28.44555556,32.325,13-02-2014,140.7,223.9,28.46
-30.13573889,30.67422222,31-10-2013,156.5,58.0,29.46
-28.69485,28.23487,31-10-2013,155.3,51.2,28.25
-28.883333,27.89,31-10-2013,160.1,48.6,29.41
-31.436944,20.474722,31-10-2013,217.3,31.8,33.25
-30.570833,29.150556,31-10-2013,150.2,66.0,27.41
-29.744167,29.905833,01-11-2013,155.1,57.0,28.789999
-30.568333,29.422778,01-11-2013,150.8,64.4,27.63
-31.031389,28.883333,01-11-2013,151.5,63.900000000000006,28.67
-30.77586667,29.03221667,01-11-2013,155.1,62.400000000000006,29.0
-29.803611,30.516111,01-11-2013,150.2,41.7,28.65
-26.73806,27.59194,04-11-2013,166.2,73.8,29.46
-26.45,28.085833,04-11-2013,163.6,75.2,28.869999
-27.3,28.586944,04-11-2013,159.8,67.0,28.789999
-26.98472222,26.63227778,04-11-2013,180.40001,72.60000000000001,31.38
-33.38056,19.30167,04-11-2013,190.6,36.7,29.48
-32.502778,19.535833,04-11-2013,214.8,15.700000000000001,33.89
-27.01011111,26.69808333,05-11-2013,181.0,69.60000000000001,31.22
-31.860278,18.6875,05-11-2013,217.5,14.9,32.52
-24.679167,30.8025,05-11-2013,140.1,121.2,26.26
-33.980556,21.653333,05-11-2013,162.6,55.6,29.119999
-25.127778,27.628889,05-11-2013,180.2,76.60000000000001,32.37
-24.39619444,27.08983333,05-11-2013,180.5,77.10000000000001,32.73
-24.69514,27.40906,05-11-2013,180.3,81.9,32.34
-27.169444,29.233889,05-11-2013,155.5,70.0,27.779999
-26.861111,28.884722,05-11-2013,158.2,72.7,28.109999
-26.98472222,26.63227778,05-11-2013,180.40001,72.60000000000001,31.38
-27.398611,26.614722,05-11-2013,187.40001,58.5,31.869999
-27.671111,27.236944,05-11-2013,178.40001,51.400000000000006,31.09
-32.595833,19.009444,05-11-2013,215.3,18.400000000000002,33.63
-29.641944,30.6875,06-11-2013,153.8,30.5,29.64
-25.20639,27.558,06-11-2013,178.40001,77.60000000000001,32.12
-27.00222,28.76528,06-11-2013,158.8,69.60000000000001,28.49
-27.02314,28.59389,06-11-2013,160.8,69.2,28.859999
-26.970278,27.211111,06-11-2013,172.7,67.9,30.289999
-26.880278,26.965,06-11-2013,173.7,71.2,30.63
-27.273889,28.49,06-11-2013,160.1,67.2,28.869999
-27.4275,28.525833,06-11-2013,159.0,65.10000000000001,28.81
-33.13083,18.86278,06-11-2013,193.6,26.1,32.3
-33.7075,18.97444444,06-11-2013,195.7,36.2,31.01
-32.94583,18.33667,06-11-2013,191.7,17.6,29.46
-24.058889,31.237222,07-11-2013,152.3,73.4,31.99
-27.602222,29.942778,07-11-2013,161.7,73.8,29.14
-27.3,28.586944,07-11-2013,159.8,67.0,28.789999
-27.902778,24.615556,07-11-2013,211.90001,59.0,35.48
-28.69485,28.23487,07-11-2013,155.3,51.2,28.25
-33.31388889,19.07472222,07-11-2013,200.1,30.1,31.769999
-27.573056,24.746389,08-11-2013,203.0,66.3,34.82
-27.573056,24.746389,10-11-2013,203.0,66.3,34.82
-28.760833,17.730278,11-11-2013,240.3,15.9,36.94
-29.161667,23.696389,11-11-2013,225.5,33.300000000000004,36.17
-25.99136,27.84208,11-11-2013,165.8,90.0,29.199999
-26.861111,28.884722,11-11-2013,158.2,72.7,28.109999
-30.86013889,29.07125,11-11-2013,155.0,61.5,29.099998
-27.01011111,26.69808333,12-11-2013,181.0,69.60000000000001,31.22
-25.73411,27.21422,12-11-2013,168.6,95.80000000000001,30.16
-22.769722,30.886944,12-11-2013,148.0,120.80000000000001,31.689999
-27.00222,28.76528,12-11-2013,158.8,69.60000000000001,28.49
-26.648056,27.089444,12-11-2013,171.1,75.2,29.99
-26.970278,27.211111,12-11-2013,172.7,67.9,30.289999
-26.880278,26.965,12-11-2013,173.7,71.2,30.63
-26.98472222,26.63227778,12-11-2013,180.40001,72.60000000000001,31.38
-33.08883333,19.21878333,12-11-2013,189.8,31.5,29.019999
-25.45963889,28.26430556,12-11-2013,170.7,79.0,30.84
-29.161667,23.696389,13-11-2013,225.5,33.300000000000004,36.17
-25.81048333,27.90955222,13-11-2013,168.90001,87.4,30.08
-22.43772222,31.07805556,13-11-2013,156.1,104.5,33.93
-28.75,30.442778,13-11-2013,167.2,50.2,31.82
-29.161667,30.629722,13-11-2013,146.8,50.900000000000006,27.48
-28.141944,26.417778,13-11-2013,189.0,43.6,32.079998
-28.1175,26.719444,13-11-2013,184.7,43.6,31.88
-29.160278,26.573333,13-11-2013,192.6,31.6,32.71
-29.033333,23.983333,13-11-2013,219.8,38.300000000000004,35.67
-34.02861,22.22222,13-11-2013,147.90001,75.60000000000001,26.63
-34.005833,22.351111,13-11-2013,144.8,85.5,26.099998
-23.658056,31.05,14-11-2013,152.2,69.2,32.26
-29.744167,29.905833,14-11-2013,155.1,57.0,28.789999
-27.273889,28.49,14-11-2013,160.1,67.2,28.869999
-27.4275,28.525833,14-11-2013,159.0,65.10000000000001,28.81
-27.3,28.586944,14-11-2013,159.8,67.0,28.789999
-27.398611,26.614722,14-11-2013,187.40001,58.5,31.869999
-27.671111,27.236944,14-11-2013,178.40001,51.400000000000006,31.09
-34.031944,22.053333,15-11-2013,151.6,71.10000000000001,27.42
-34.039722,22.133333,15-11-2013,150.2,73.3,27.23
-24.925278,29.324444,18-11-2013,172.3,65.7,31.599998
-29.380556,30.2775,18-11-2013,147.8,54.1,27.47
-26.73806,27.59194,18-11-2013,166.2,73.8,29.46
-26.45,28.085833,18-11-2013,163.6,75.2,28.869999
-33.870833,20.003333,18-11-2013,180.40001,36.2,31.73
-33.818056,19.694722,18-11-2013,193.40001,38.1,31.07
-27.01011111,26.69808333,19-11-2013,181.0,69.60000000000001,31.22
-34.065833,20.404167,19-11-2013,175.5,40.900000000000006,31.539999
-25.20639,27.558,19-11-2013,178.40001,77.60000000000001,32.12
-24.69514,27.40906,19-11-2013,180.3,81.9,32.34
-28.747778,31.745833,19-11-2013,160.1,62.400000000000006,31.199999
-27.169444,29.233889,19-11-2013,155.5,70.0,27.779999
-26.861111,28.884722,19-11-2013,158.2,72.7,28.109999
-27.00222,28.76528,19-11-2013,158.8,69.60000000000001,28.49
-26.648056,27.089444,19-11-2013,171.1,75.2,29.99
-26.970278,27.211111,19-11-2013,172.7,67.9,30.289999
-26.880278,26.965,19-11-2013,173.7,71.2,30.63
-27.3,28.586944,19-11-2013,159.8,67.0,28.789999
-26.98472222,26.63227778,19-11-2013,180.40001,72.60000000000001,31.38
-27.671111,27.236944,19-11-2013,178.40001,51.400000000000006,31.09
-31.396,29.2651,19-11-2013,155.6,67.8,29.32
-31.554722,29.245556,19-11-2013,147.0,71.2,28.0
-34.075556,20.145556,19-11-2013,178.0,43.1,30.789999
-29.161667,23.696389,20-11-2013,225.5,33.300000000000004,36.17
-25.127778,27.628889,20-11-2013,180.2,76.60000000000001,32.37
-28.801278,31.955389,20-11-2013,159.1,63.800000000000004,30.859999
-27.937778,31.209444,20-11-2013,158.3,65.5,29.81
-28.404444,30.013056,20-11-2013,163.7,60.5,30.359999
-27.273889,28.49,20-11-2013,160.1,67.2,28.869999
-28.883333,27.89,20-11-2013,160.1,48.6,29.41
-30.568333,29.422778,20-11-2013,150.8,64.4,27.63
-31.104278,29.399722,20-11-2013,154.0,65.9,28.849998
-34.250556,20.9925,20-11-2013,168.1,51.7,29.67
-34.329722,18.990278,20-11-2013,154.90001,55.0,25.34
-25.57877778,29.12747222,20-11-2013,167.40001,83.9,30.01
-27.5275,30.858056,21-11-2013,151.7,82.2,28.14
-28.116667,26.725278,21-11-2013,184.7,43.6,31.88
-28.69485,28.23487,21-11-2013,155.3,51.2,28.25
-30.86013889,29.07125,21-11-2013,155.0,61.5,29.099998
-30.570833,29.150556,21-11-2013,150.2,66.0,27.41
-30.77586667,29.03221667,21-11-2013,155.1,62.400000000000006,29.0
-34.405833,19.600556,21-11-2013,156.6,53.800000000000004,26.449999
-33.897778,20.012778,21-11-2013,180.6,38.400000000000006,31.369999
-27.902778,24.615556,22-11-2013,211.90001,59.0,35.48
-31.031389,28.883333,22-11-2013,151.5,63.900000000000006,28.67
-28.058889,30.373611,22-11-2013,157.90001,67.4,28.68
-25.99136,27.84208,25-11-2013,165.8,90.0,29.199999
-29.7775,29.470833,25-11-2013,146.0,76.80000000000001,26.46
-29.744167,29.905833,25-11-2013,155.1,57.0,28.789999
-26.45,28.085833,25-11-2013,163.6,75.2,28.869999
-29.042222,24.6,25-11-2013,216.6,42.6,35.17
-33.38056,19.30167,25-11-2013,190.6,36.7,29.48
-32.502778,19.535833,25-11-2013,214.8,15.700000000000001,33.89
-28.338333,31.373611,25-11-2013,156.6,67.60000000000001,30.22
-28.068333,31.55,25-11-2013,162.5,63.7,31.96
-28.1175,26.719444,26-07-2011,193.3,52.400000000000006,32.5
-28.1175,26.719444,23-08-2011,193.3,52.400000000000006,32.5
-28.1175,26.719444,30-08-2011,193.3,52.400000000000006,32.5
-28.1175,26.719444,21-09-2011,193.3,52.400000000000006,32.5
-28.1175,26.719444,29-09-2011,193.3,52.400000000000006,32.5
-28.1175,26.719444,17-11-2011,193.3,52.400000000000006,32.5
-27.01011111,26.69808333,26-11-2013,181.0,69.60000000000001,31.22
-31.860278,18.6875,26-11-2013,217.5,14.9,32.52
-25.73411,27.21422,26-11-2013,168.6,95.80000000000001,30.16
-30.733889,29.828333,26-11-2013,150.2,66.3,28.359999
-29.987778,29.851667,26-11-2013,150.6,61.6,27.939999
-27.00222,28.76528,26-11-2013,158.8,69.60000000000001,28.49
-28.1175,26.719444,07-06-2012,179.40001,136.20000000000002,29.26
-26.970278,27.211111,26-11-2013,172.7,67.9,30.289999
-26.880278,26.965,26-11-2013,173.7,71.2,30.63
-26.98472222,26.63227778,26-11-2013,180.40001,72.60000000000001,31.38
-29.160278,26.573333,26-11-2013,192.6,31.6,32.71
-29.028629,24.638389,26-11-2013,215.2,44.1,35.07
-28.69485,28.23487,26-11-2013,155.3,51.2,28.25
-28.1175,26.719444,17-07-2012,191.7,48.300000000000004,31.91
-33.501667,21.624167,26-11-2013,179.1,52.5,30.09
-32.595833,19.009444,26-11-2013,215.3,18.400000000000002,33.63
-28.1175,26.719444,17-09-2012,191.7,48.300000000000004,31.91
-25.45963889,28.26430556,26-11-2013,170.7,79.0,30.84
-29.161667,23.696389,27-11-2013,225.5,33.300000000000004,36.17
-25.81048333,27.90955222,27-11-2013,168.90001,87.4,30.08
-24.670833,28.560833,27-11-2013,166.8,75.8,30.4
-30.398056,30.601944,27-11-2013,156.6,71.2,29.3
-26.861111,28.884722,27-11-2013,158.2,72.7,28.109999
-29.033333,23.983333,27-11-2013,219.8,38.300000000000004,35.67
-28.69485,28.23487,27-11-2013,155.3,51.2,28.25
-29.615556,27.065278,27-11-2013,179.6,36.1,31.439999
-28.883333,27.89,27-11-2013,160.1,48.6,29.41
-33.7075,18.97444444,27-11-2013,195.7,36.2,31.01
-32.94583,18.33667,27-11-2013,191.7,17.6,29.46
-24.282222,28.090278,28-11-2013,162.40001,95.80000000000001,30.25
-30.13573889,30.67422222,28-11-2013,156.5,58.0,29.46
-28.1175,26.719444,18-07-2013,184.7,43.6,31.88
-33.31388889,19.07472222,28-11-2013,200.1,30.1,31.769999
-33.13083,18.86278,28-11-2013,193.6,26.1,32.3
-29.744167,29.905833,29-11-2013,155.1,57.0,28.789999
-29.803611,30.516111,29-11-2013,150.2,41.7,28.65
-26.73806,27.59194,01-12-2013,166.2,73.8,29.46
-28.735556,29.820556,02-12-2013,162.5,54.900000000000006,30.91
-26.45,28.085833,02-12-2013,163.6,75.2,28.869999
-25.127778,27.628889,03-12-2013,180.2,76.60000000000001,32.37
-24.69514,27.40906,03-12-2013,180.3,81.9,32.34
-27.273889,28.49,03-12-2013,160.1,67.2,28.869999
-27.4275,28.525833,03-12-2013,159.0,65.10000000000001,28.81
-27.3,28.586944,03-12-2013,159.8,67.0,28.789999
-27.398611,26.614722,03-12-2013,187.40001,58.5,31.869999
-30.160091,27.40124,03-12-2013,172.7,40.5,31.08
-30.336111,27.359444,03-12-2013,175.0,41.300000000000004,31.07
-33.08883333,19.21878333,03-12-2013,189.8,31.5,29.019999
-27.4,26.624722,03-12-2013,187.40001,58.5,31.869999
-29.161667,23.696389,04-12-2013,225.5,33.300000000000004,36.17
-27.01011111,26.69808333,04-12-2013,181.0,69.60000000000001,31.22
-29.641944,30.6875,04-12-2013,153.8,30.5,29.64
-28.1175,26.719444,19-05-2014,186.2,64.5,30.31
-28.1175,26.719444,03-06-2014,186.2,64.5,30.31
-25.20639,27.558,04-12-2013,178.40001,77.60000000000001,32.12
-27.363611,31.783333,04-12-2013,154.3,54.6,31.66
-26.648056,27.089444,04-12-2013,171.1,75.2,29.99
-26.970278,27.211111,04-12-2013,172.7,67.9,30.289999
-26.880278,26.965,04-12-2013,173.7,71.2,30.63
-26.98472222,26.63227778,04-12-2013,180.40001,72.60000000000001,31.38
-31.000833,26.353056,04-12-2013,194.7,31.700000000000003,31.32
-30.679722,26.7125,04-12-2013,192.1,32.9,32.94
-28.1175,26.719444,06-08-2014,191.5,38.0,31.88
-34.039722,22.133333,04-12-2013,150.2,73.3,27.23
-28.760833,17.730278,05-12-2013,240.3,15.9,36.94
-26.905,32.324722,05-12-2013,156.40001,57.300000000000004,33.27
-28.116667,26.725278,05-12-2013,184.7,43.6,31.88
-34.250556,20.9925,05-12-2013,168.1,51.7,29.67
-34.092222,21.295278,05-12-2013,163.8,55.7,29.89
-23.658056,31.05,06-12-2013,152.2,69.2,32.26
-23.281,30.54305556,06-12-2013,147.40001,121.5,31.24
-27.02314,28.59389,07-12-2013,160.8,69.2,28.859999
-25.99136,27.84208,09-12-2013,165.8,90.0,29.199999
-27.935,26.126667,09-12-2013,189.6,48.1,32.09
-28.141944,26.417778,09-12-2013,189.0,43.6,32.079998
-28.1175,26.719444,09-12-2013,184.7,43.6,31.88
-28.116667,26.725278,09-12-2013,184.7,43.6,31.88
-25.73411,27.21422,10-12-2013,168.6,95.80000000000001,30.16
-25.45963889,28.26430556,10-12-2013,170.7,79.0,30.84
-27.01011111,26.69808333,11-12-2013,181.0,69.60000000000001,31.22
-25.81048333,27.90955222,11-12-2013,168.90001,87.4,30.08
-28.116667,26.725278,22-02-2011,188.7,84.0,29.539999
-24.183889,30.823889,11-12-2013,154.90001,75.9,31.88
-24.058889,31.237222,11-12-2013,152.3,73.4,31.99
-28.116667,26.725278,26-07-2011,193.3,52.400000000000006,32.5
-28.116667,26.725278,23-08-2011,193.3,52.400000000000006,32.5
-28.116667,26.725278,21-09-2011,193.3,52.400000000000006,32.5
-28.116667,26.725278,18-10-2011,193.3,52.400000000000006,32.5
-28.116667,26.725278,14-12-2011,193.3,52.400000000000006,32.5
-28.116667,26.725278,18-01-2012,179.40001,136.20000000000002,29.26
-28.116667,26.725278,15-02-2012,179.40001,136.20000000000002,29.26
-28.116667,26.725278,14-03-2012,179.40001,136.20000000000002,29.26
-26.03611,30.99778,11-12-2013,155.5,104.4,28.73
-27.5275,30.858056,11-12-2013,151.7,82.2,28.14
-28.75,30.442778,11-12-2013,167.2,50.2,31.82
-28.116667,26.725278,09-05-2012,179.40001,136.20000000000002,29.26
-28.116667,26.725278,29-05-2012,179.40001,136.20000000000002,29.26
-28.116667,26.725278,06-06-2012,179.40001,136.20000000000002,29.26
-28.116667,26.725278,14-06-2012,179.40001,136.20000000000002,29.26
-28.116667,26.725278,21-06-2012,179.40001,136.20000000000002,29.26
-28.116667,26.725278,04-07-2012,179.40001,136.20000000000002,29.26
-28.116667,26.725278,01-08-2012,191.7,48.300000000000004,31.91
-28.116667,26.725278,29-08-2012,191.7,48.300000000000004,31.91
-28.116667,26.725278,17-09-2012,191.7,48.300000000000004,31.91
-28.116667,26.725278,24-10-2012,191.7,48.300000000000004,31.91
-28.116667,26.725278,15-11-2012,191.7,48.300000000000004,31.91
-28.404444,30.013056,11-12-2013,163.7,60.5,30.359999
-28.116667,26.725278,21-11-2012,191.7,48.300000000000004,31.91
-28.116667,26.725278,31-01-2013,175.0,120.10000000000001,29.039999
-28.116667,26.725278,08-02-2013,175.0,120.10000000000001,29.039999
-28.116667,26.725278,20-02-2013,175.0,120.10000000000001,29.039999
-28.116667,26.725278,14-03-2013,175.0,120.10000000000001,29.039999
-28.116667,26.725278,21-03-2013,175.0,120.10000000000001,29.039999
-29.161667,30.629722,11-12-2013,146.8,50.900000000000006,27.48
-26.648056,27.089444,11-12-2013,171.1,75.2,29.99
-28.116667,26.725278,24-04-2013,175.0,120.10000000000001,29.039999
-26.970278,27.211111,11-12-2013,172.7,67.9,30.289999
-26.880278,26.965,11-12-2013,173.7,71.2,30.63
-27.38972222,26.46388889,11-12-2013,189.40001,58.800000000000004,32.0
-26.98472222,26.63227778,11-12-2013,180.40001,72.60000000000001,31.38
-28.116667,26.725278,16-07-2013,184.7,43.6,31.88
-28.116667,26.725278,14-08-2013,184.7,43.6,31.88
-28.141944,26.417778,11-12-2013,189.0,43.6,32.079998
-28.116667,26.725278,26-09-2013,184.7,43.6,31.88
-28.116667,26.725278,22-10-2013,184.7,43.6,31.88
-28.1175,26.719444,11-12-2013,184.7,43.6,31.88
-27.671111,27.236944,11-12-2013,178.40001,51.400000000000006,31.09
-28.768056,20.720556,11-12-2013,253.7,28.8,37.17
-27.356667,27.286389,11-12-2013,176.6,58.5,30.619999
-24.679167,30.8025,12-12-2013,140.1,121.2,26.26
-27.937778,31.209444,12-12-2013,158.3,65.5,29.81
-29.744167,29.905833,12-12-2013,155.1,57.0,28.789999
-26.98472222,26.63227778,12-12-2013,180.40001,72.60000000000001,31.38
-27.398611,26.614722,12-12-2013,187.40001,58.5,31.869999
-34.031944,22.053333,13-12-2013,151.6,71.10000000000001,27.42
-28.735556,29.820556,17-12-2013,162.5,54.900000000000006,30.91
-27.935,26.126667,17-12-2013,189.6,48.1,32.09
-28.141944,26.417778,17-12-2013,189.0,43.6,32.079998
-28.1175,26.719444,17-12-2013,184.7,43.6,31.88
-28.116667,26.725278,17-12-2013,184.7,43.6,31.88
-28.116667,26.725278,02-04-2014,186.2,64.5,30.31
-29.160278,26.573333,17-12-2013,192.6,31.6,32.71
-29.042222,24.6,17-12-2013,216.6,42.6,35.17
-29.028629,24.638389,17-12-2013,215.2,44.1,35.07
-29.033333,23.983333,17-12-2013,219.8,38.300000000000004,35.67
-33.501667,21.624167,17-12-2013,179.1,52.5,30.09
-27.01011111,26.69808333,18-12-2013,181.0,69.60000000000001,31.22
-22.225556,29.990556,18-12-2013,154.7,96.0,33.42
-25.127778,27.628889,18-12-2013,180.2,76.60000000000001,32.37
-28.116667,26.725278,20-05-2014,186.2,64.5,30.31
-25.20639,27.558,18-12-2013,178.40001,77.60000000000001,32.12
-24.39619444,27.08983333,18-12-2013,180.5,77.10000000000001,32.73
-28.116667,26.725278,02-07-2014,186.2,64.5,30.31
-24.69514,27.40906,18-12-2013,180.3,81.9,32.34
-28.116667,26.725278,15-07-2014,191.5,38.0,31.88
-27.602222,29.942778,18-12-2013,161.7,73.8,29.14
-29.380556,30.2775,18-12-2013,147.8,54.1,27.47
-28.116667,26.725278,29-07-2014,191.5,38.0,31.88
-28.116667,26.725278,18-08-2014,191.5,38.0,31.88
-28.116667,26.725278,20-08-2014,191.5,38.0,31.88
-26.648056,27.089444,18-12-2013,171.1,75.2,29.99
-28.116667,26.725278,26-08-2014,191.5,38.0,31.88
-26.970278,27.211111,18-12-2013,172.7,67.9,30.289999
-28.116667,26.725278,09-09-2014,191.5,38.0,31.88
-26.880278,26.965,18-12-2013,173.7,71.2,30.63
-27.671111,27.236944,18-12-2013,178.40001,51.400000000000006,31.09
-28.116667,26.725278,15-10-2014,191.5,38.0,31.88
-24.058889,31.237222,19-12-2013,152.3,73.4,31.99
-28.116667,26.725278,10-11-2014,191.5,38.0,31.88
-28.116667,26.725278,24-11-2014,191.5,38.0,31.88
-28.116667,26.725278,25-11-2014,191.5,38.0,31.88
-22.43772222,31.07805556,22-12-2013,156.1,104.5,33.93
-28.116667,26.725278,05-01-2015,89.5,4.3,25.42
-25.99136,27.84208,23-12-2013,165.8,90.0,29.199999
-26.970278,27.211111,23-12-2013,172.7,67.9,30.289999
-26.880278,26.965,23-12-2013,173.7,71.2,30.63
-25.45963889,28.26430556,23-12-2013,170.7,79.0,30.84
-27.01011111,26.69808333,24-12-2013,181.0,69.60000000000001,31.22
-25.81048333,27.90955222,24-12-2013,168.90001,87.4,30.08
-28.116667,26.725278,10-03-2015,216.3,13.9,33.579998
-25.73411,27.21422,24-12-2013,168.6,95.80000000000001,30.16
-26.648056,27.089444,24-12-2013,171.1,75.2,29.99
-26.98472222,26.63227778,24-12-2013,180.40001,72.60000000000001,31.38
-28.116667,26.725278,14-04-2015,216.3,13.9,33.579998
-28.116667,26.725278,15-04-2015,216.3,13.9,33.579998
-28.116667,26.725278,09-06-2015,216.3,13.9,33.579998
-28.116667,26.725278,24-06-2015,216.3,13.9,33.579998
-28.116667,26.725278,22-07-2015,216.3,13.9,33.579998
-28.116667,26.725278,12-08-2015,216.3,13.9,33.579998
-28.116667,26.725278,20-08-2015,216.3,13.9,33.579998
-28.116667,26.725278,08-09-2015,216.3,13.9,33.579998
-28.116667,26.725278,15-10-2015,216.3,13.9,33.579998
-28.116667,26.725278,03-11-2015,216.3,13.9,33.579998
-28.116667,26.725278,10-11-2015,216.3,13.9,33.579998
-29.161667,23.696389,25-12-2013,225.5,33.300000000000004,36.17
-28.96362,19.15486,28-12-2013,251.5,24.900000000000002,38.09
-28.1175,26.719444,30-12-2013,184.7,43.6,31.88
-29.161667,23.696389,01-01-2014,225.5,33.300000000000004,36.17
-29.140556,31.391944,01-01-2014,157.1,65.10000000000001,30.38
-28.747778,31.745833,01-01-2014,160.1,62.400000000000006,31.199999
-25.99136,27.84208,06-01-2014,76.5,0.0,20.1
-26.45,28.085833,06-01-2014,76.8,0.0,19.55
-27.935,26.126667,06-01-2014,72.8,0.0,19.439999
-28.141944,26.417778,06-01-2014,71.5,0.0,18.89
-28.1175,26.719444,06-01-2014,73.0,0.0,19.15
-28.116667,26.725278,06-01-2014,73.0,0.0,19.15
-27.169444,29.233889,07-01-2014,68.700005,0.0,17.73
-26.861111,28.884722,07-01-2014,74.200005,0.0,18.3
-27.273889,28.49,07-01-2014,72.4,0.0,18.38
-25.45963889,28.26430556,07-01-2014,84.5,0.0,22.89
-29.161667,23.696389,08-01-2014,111.700005,5.9,22.98
-27.01011111,26.69808333,08-01-2014,110.3,12.8,22.42
-25.81048333,27.90955222,08-01-2014,110.9,3.5,24.07
-29.140556,31.391944,08-01-2014,92.700005,52.400000000000006,25.18
-28.801278,31.955389,08-01-2014,93.3,48.900000000000006,25.539999
-28.75,30.442778,08-01-2014,99.0,2.3000000000000003,25.25
-28.404444,30.013056,08-01-2014,100.200005,2.6,23.99
-29.744167,29.905833,08-01-2014,94.700005,15.5,22.5
-29.161667,30.629722,08-01-2014,89.700005,5.2,21.58
-27.00222,28.76528,08-01-2014,95.0,5.7,21.279999
-27.02314,28.59389,08-01-2014,98.3,6.0,21.88
-26.648056,27.089444,08-01-2014,108.5,13.0,22.46
-26.970278,27.211111,08-01-2014,109.9,10.100000000000001,22.63
-26.880278,26.965,08-01-2014,109.4,12.700000000000001,22.439999
-27.273889,28.49,08-01-2014,94.1,8.1,21.31
-27.4275,28.525833,08-01-2014,92.700005,8.0,20.99
-27.3,28.586944,08-01-2014,94.200005,7.9,21.25
-26.98472222,26.63227778,08-01-2014,111.1,13.4,22.619999
-27.044444,27.005,08-01-2014,108.6,12.4,22.43
-28.69485,28.23487,08-01-2014,87.3,10.3,19.109999
-29.615556,27.065278,08-01-2014,94.700005,8.8,19.82
-28.768056,20.720556,08-01-2014,123.8,2.7,24.26
-28.058889,30.373611,08-01-2014,97.8,2.3000000000000003,23.24
-27.937778,31.209444,09-01-2014,127.3,22.900000000000002,28.16
-27.5275,30.858056,09-01-2014,122.0,16.900000000000002,26.97
-30.679722,26.7125,09-01-2014,124.8,12.600000000000001,25.279999
-30.160091,27.40124,09-01-2014,124.9,8.8,24.93
-30.336111,27.359444,09-01-2014,124.6,11.3,24.71
-27.671111,27.236944,10-01-2014,188.40001,13.4,29.46
-30.534167,24.961944,10-01-2014,189.7,6.0,28.64
-29.380556,30.2775,13-01-2014,135.40001,130.0,25.72
-26.73806,27.59194,13-01-2014,164.40001,130.0,27.939999
-26.45,28.085833,13-01-2014,159.7,154.3,27.4
-26.98472222,26.63227778,13-01-2014,178.2,93.4,29.789999
-27.01011111,26.69808333,14-01-2014,180.0,91.9,29.699999
-29.641944,30.6875,14-01-2014,140.5,113.9,27.65
-25.127778,27.628889,14-01-2014,173.40001,185.3,31.48
-25.20639,27.558,14-01-2014,174.0,182.3,31.42
-24.69514,27.40906,14-01-2014,178.1,182.4,32.2
-25.73411,27.21422,14-01-2014,165.7,168.5,29.05
-24.058889,31.237222,14-01-2014,137.5,203.5,31.949999
-26.861111,28.884722,14-01-2014,156.1,156.20000000000002,26.789999
-26.648056,27.089444,14-01-2014,168.6,118.9,28.789999
-26.970278,27.211111,14-01-2014,170.40001,108.4,28.98
-26.880278,26.965,14-01-2014,172.40001,104.80000000000001,29.41
-26.98472222,26.63227778,14-01-2014,178.2,93.4,29.789999
-28.1175,26.719444,14-01-2014,186.2,64.5,30.31
-27.044444,27.005,14-01-2014,174.8,98.2,29.48
-31.396,29.2651,14-01-2014,133.3,140.3,26.73
-31.554722,29.245556,14-01-2014,123.6,150.1,25.49
-34.075556,20.145556,14-01-2014,181.7,2.3000000000000003,29.529999
-28.338333,31.373611,14-01-2014,146.90001,242.5,28.67
-28.068333,31.55,14-01-2014,154.90001,230.4,30.8
-29.161667,23.696389,15-01-2014,221.2,23.6,34.53
-24.39619444,27.08983333,15-01-2014,175.2,163.4,32.489998
-30.568333,29.422778,15-01-2014,136.5,135.5,25.369999
-30.570833,29.150556,15-01-2014,138.0,135.4,25.23
-31.104278,29.399722,15-01-2014,132.6,142.20000000000002,26.49
-22.769722,30.886944,16-01-2014,143.1,208.5,32.18
-28.44555556,32.325,12-03-2014,140.7,223.9,28.46
-27.935,26.126667,16-01-2014,194.8,54.6,31.07
-28.141944,26.417778,16-01-2014,191.90001,61.0,30.81
-30.86013889,29.07125,16-01-2014,139.3,132.9,26.82
-30.77586667,29.03221667,16-01-2014,140.3,133.20000000000002,26.75
-23.838611,31.640833,17-01-2014,141.5,185.4,33.14
-27.902778,24.615556,17-01-2014,210.3,43.0,33.66
-31.031389,28.883333,17-01-2014,137.90001,136.8,26.42
-29.042222,24.6,20-01-2014,219.1,31.0,33.489998
-29.033333,23.983333,20-01-2014,217.3,27.5,34.09
-28.760833,17.730278,21-01-2014,252.2,0.5,35.54
-24.670833,28.560833,21-01-2014,159.5,255.4,29.83
-28.141944,26.417778,21-01-2014,191.90001,61.0,30.81
-28.1175,26.719444,21-01-2014,186.2,64.5,30.31
-29.028629,24.638389,21-01-2014,218.2,31.8,33.41
-29.1825,23.575556,21-01-2014,226.40001,21.5,34.5
-34.031944,22.053333,21-01-2014,153.90001,20.200000000000003,26.06
-34.039722,22.133333,21-01-2014,152.40001,21.8,25.89
-25.57877778,29.12747222,21-01-2014,160.6,226.4,29.269999
-29.161667,23.696389,22-01-2014,221.2,23.6,34.53
-24.282222,28.090278,22-01-2014,157.3,219.70000000000002,29.84
-25.99136,27.84208,22-01-2014,160.1,177.9,27.859999
-24.925278,29.324444,22-01-2014,161.90001,232.9,31.17
-27.363611,31.783333,22-01-2014,147.1,189.60000000000002,30.57
-27.602222,29.942778,22-01-2014,162.40001,185.10000000000002,28.81
-29.744167,29.905833,22-01-2014,141.6,154.60000000000002,26.84
-26.45,28.085833,22-01-2014,159.7,154.3,27.4
-27.671111,27.236944,22-01-2014,177.90001,80.4,29.74
-34.02861,22.22222,22-01-2014,149.2,24.8,25.449999
-34.405833,19.600556,22-01-2014,158.3,3.2,25.16
-27.01011111,26.69808333,23-01-2014,180.0,91.9,29.699999
-26.905,32.324722,23-01-2014,147.40001,151.6,32.219997
-27.169444,29.233889,23-01-2014,152.1,156.3,26.42
-27.00222,28.76528,23-01-2014,156.7,149.20000000000002,27.08
-26.648056,27.089444,23-01-2014,168.6,118.9,28.789999
-26.970278,27.211111,23-01-2014,170.40001,108.4,28.98
-26.880278,26.965,23-01-2014,172.40001,104.80000000000001,29.41
-27.38972222,26.46388889,23-01-2014,189.40001,74.10000000000001,30.619999
-26.98472222,26.63227778,23-01-2014,178.2,93.4,29.789999
-27.398611,26.614722,23-01-2014,187.7,75.8,30.41
-25.45963889,28.26430556,23-01-2014,164.7,201.20000000000002,29.789999
-33.897778,20.012778,23-01-2014,193.5,2.0,30.31
-25.81048333,27.90955222,24-01-2014,163.7,182.20000000000002,28.859999
-29.803611,30.516111,26-01-2014,134.8,135.9,26.66
-30.733889,29.828333,27-01-2014,130.7,154.10000000000002,26.07
-26.45,28.085833,27-01-2014,159.7,154.3,27.4
-29.160278,26.573333,27-01-2014,192.5,58.2,30.519999
-33.38056,19.30167,27-01-2014,195.7,2.2,27.97
-32.502778,19.535833,27-01-2014,233.8,0.6000000000000001,32.55
-27.01011111,26.69808333,28-01-2014,180.0,91.9,29.699999
-25.127778,27.628889,28-01-2014,173.40001,185.3,31.48
-24.69514,27.40906,28-01-2014,178.1,182.4,32.2
-25.73411,27.21422,28-01-2014,165.7,168.5,29.05
-28.735556,29.820556,28-01-2014,159.40001,110.5,29.41
-27.00222,28.76528,28-01-2014,156.7,149.20000000000002,27.08
-26.648056,27.089444,28-01-2014,168.6,118.9,28.789999
-26.970278,27.211111,28-01-2014,170.40001,108.4,28.98
-26.880278,26.965,28-01-2014,172.40001,104.80000000000001,29.41
-26.98472222,26.63227778,28-01-2014,178.2,93.4,29.789999
-27.398611,26.614722,28-01-2014,187.7,75.8,30.41
-33.501667,21.624167,28-01-2014,184.0,9.3,28.39
-32.595833,19.009444,28-01-2014,223.1,0.9,32.48
-25.20639,27.558,29-01-2014,174.0,182.3,31.42
-28.768056,20.720556,29-01-2014,260.2,3.4000000000000004,36.43
-33.13083,18.86278,29-01-2014,212.90001,1.8,31.14
-33.7075,18.97444444,29-01-2014,203.90001,3.0,29.779999
-32.94583,18.33667,29-01-2014,197.8,1.2000000000000002,28.09
-30.13573889,30.67422222,30-01-2014,137.8,141.6,27.349998
-27.38972222,26.46388889,30-01-2014,189.40001,74.10000000000001,30.619999
-33.31388889,19.07472222,30-01-2014,209.40001,2.2,30.599998
-29.380556,30.2775,31-01-2014,135.40001,130.0,25.72
-22.769722,30.886944,03-02-2014,143.1,208.5,32.18
-26.73806,27.59194,03-02-2014,164.40001,130.0,27.939999
-26.45,28.085833,03-02-2014,159.7,154.3,27.4
-33.08883333,19.21878333,03-02-2014,198.90001,1.7000000000000002,27.48
-28.747778,31.745833,04-02-2014,150.8,114.9,29.96
-27.398611,26.614722,04-02-2014,187.7,75.8,30.41
-25.45963889,28.26430556,04-02-2014,164.7,201.20000000000002,29.789999
-27.495556,26.074722,04-02-2014,192.0,65.60000000000001,30.849998
-27.4,26.624722,04-02-2014,187.7,75.8,30.41
-28.760833,17.730278,05-02-2014,252.2,0.5,35.54
-29.161667,23.696389,05-02-2014,221.2,23.6,34.53
-27.01011111,26.69808333,05-02-2014,180.0,91.9,29.699999
-25.81048333,27.90955222,05-02-2014,163.7,182.20000000000002,28.859999
-29.140556,31.391944,05-02-2014,143.3,112.30000000000001,28.529999
-28.801278,31.955389,05-02-2014,147.6,142.1,29.3
-28.404444,30.013056,05-02-2014,160.8,110.60000000000001,29.119999
-29.744167,29.905833,05-02-2014,141.6,154.60000000000002,26.84
-26.970278,27.211111,05-02-2014,170.40001,108.4,28.98
-26.880278,26.965,05-02-2014,172.40001,104.80000000000001,29.41
-26.98472222,26.63227778,05-02-2014,178.2,93.4,29.789999
-28.116667,26.725278,05-02-2014,186.2,64.5,30.31
-27.044444,27.005,05-02-2014,174.8,98.2,29.48
-29.033333,23.983333,05-02-2014,217.3,27.5,34.09
-28.69485,28.23487,05-02-2014,157.3,91.80000000000001,26.359999
-27.937778,31.209444,06-02-2014,151.1,252.0,28.66
-30.160091,27.40124,06-02-2014,173.5,79.30000000000001,28.609999
-30.336111,27.359444,06-02-2014,173.6,79.7,28.64
-30.830556,26.921389,07-02-2014,177.6,66.4,29.33
-27.671111,27.236944,07-02-2014,177.90001,80.4,29.74
-29.658056,25.973333,07-02-2014,194.1,42.1,30.32
-30.679722,26.7125,07-02-2014,183.40001,61.2,30.199999
-29.641944,30.6875,08-02-2014,140.5,113.9,27.65
-26.648056,27.089444,10-02-2014,168.6,118.9,28.789999
-26.98472222,26.63227778,10-02-2014,178.2,93.4,29.789999
-31.396,29.2651,10-02-2014,133.3,140.3,26.73
-31.554722,29.245556,10-02-2014,123.6,150.1,25.49
-27.01011111,26.69808333,11-02-2014,180.0,91.9,29.699999
-25.127778,27.628889,11-02-2014,173.40001,185.3,31.48
-25.20639,27.558,11-02-2014,174.0,182.3,31.42
-24.69514,27.40906,11-02-2014,178.1,182.4,32.2
-26.970278,27.211111,11-02-2014,170.40001,108.4,28.98
-26.880278,26.965,11-02-2014,172.40001,104.80000000000001,29.41
-27.802778,28.768333,11-02-2014,153.90001,128.3,26.689999
-26.98472222,26.63227778,11-02-2014,178.2,93.4,29.789999
-27.935,26.126667,11-02-2014,194.8,54.6,31.07
-28.116667,26.725278,11-02-2014,186.2,64.5,30.31
-27.044444,27.005,11-02-2014,174.8,98.2,29.48
-29.160278,26.573333,11-02-2014,192.5,58.2,30.519999
-28.883333,27.89,11-02-2014,161.3,90.80000000000001,27.09
-30.568333,29.422778,11-02-2014,136.5,135.5,25.369999
-30.570833,29.150556,11-02-2014,138.0,135.4,25.23
-31.104278,29.399722,11-02-2014,132.6,142.20000000000002,26.49
-28.338333,31.373611,11-02-2014,146.90001,242.5,28.67
-28.068333,31.55,11-02-2014,154.90001,230.4,30.8
-29.161667,23.696389,12-02-2014,221.2,23.6,34.53
-24.39619444,27.08983333,12-02-2014,175.2,163.4,32.489998
-23.658056,31.05,12-02-2014,139.0,172.70000000000002,32.16
-23.281,30.54305556,12-02-2014,140.40001,174.5,31.13
-24.058889,31.237222,12-02-2014,137.5,203.5,31.949999
-28.75,30.442778,12-02-2014,162.0,108.80000000000001,30.32
-29.161667,30.629722,12-02-2014,138.1,123.10000000000001,26.07
-26.45,28.085833,12-02-2014,159.7,154.3,27.4
-27.044444,27.005,12-02-2014,174.8,98.2,29.48
-29.615556,27.065278,12-02-2014,180.8,71.2,29.189999
-31.031389,28.883333,12-02-2014,137.90001,136.8,26.42
-30.86013889,29.07125,12-02-2014,139.3,132.9,26.82
-30.570833,29.150556,12-02-2014,138.0,135.4,25.23
-30.77586667,29.03221667,12-02-2014,140.3,133.20000000000002,26.75
-32.94583,18.33667,12-02-2014,197.8,1.2000000000000002,28.09
-28.44555556,32.325,09-04-2014,140.7,223.9,28.46
-27.4275,28.525833,13-02-2014,157.90001,130.9,27.119999
-34.031944,22.053333,13-02-2014,153.90001,20.200000000000003,26.06
-34.329722,18.990278,13-02-2014,157.6,3.4000000000000004,24.109999
-33.13083,18.86278,13-02-2014,212.90001,1.8,31.14
-33.897778,20.012778,13-02-2014,193.5,2.0,30.31
-24.679167,30.8025,14-02-2014,133.7,374.20000000000005,26.49
-27.935,26.126667,14-02-2014,194.8,54.6,31.07
-34.039722,22.133333,14-02-2014,152.40001,21.8,25.89
-34.02861,22.22222,14-02-2014,149.2,24.8,25.449999
-25.99136,27.84208,17-02-2014,160.1,177.9,27.859999
-28.735556,29.820556,17-02-2014,159.40001,110.5,29.41
-26.648056,27.089444,17-02-2014,168.6,118.9,28.789999
-27.935,26.126667,17-02-2014,194.8,54.6,31.07
-28.1175,26.719444,17-02-2014,186.2,64.5,30.31
-28.116667,26.725278,17-02-2014,186.2,64.5,30.31
-29.042222,24.6,17-02-2014,219.1,31.0,33.489998
-29.033333,23.983333,17-02-2014,217.3,27.5,34.09
-33.818056,19.694722,17-02-2014,200.1,2.2,29.89
-33.08883333,19.21878333,17-02-2014,198.90001,1.7000000000000002,27.48
-27.01011111,26.69808333,18-02-2014,180.0,91.9,29.699999
-27.602222,29.942778,18-02-2014,162.40001,185.10000000000002,28.81
-26.970278,27.211111,18-02-2014,170.40001,108.4,28.98
-26.880278,26.965,18-02-2014,172.40001,104.80000000000001,29.41
-26.98472222,26.63227778,18-02-2014,178.2,93.4,29.789999
-29.160278,26.573333,18-02-2014,192.5,58.2,30.519999
-29.028629,24.638389,18-02-2014,218.2,31.8,33.41
-34.075556,20.145556,18-02-2014,181.7,2.3000000000000003,29.529999
-32.595833,19.009444,18-02-2014,223.1,0.9,32.48
-25.45963889,28.26430556,18-02-2014,164.7,201.20000000000002,29.789999
-27.495556,26.074722,18-02-2014,192.0,65.60000000000001,30.849998
-29.161667,23.696389,19-02-2014,221.2,23.6,34.53
-25.81048333,27.90955222,19-02-2014,163.7,182.20000000000002,28.859999
-26.905,32.324722,19-02-2014,147.40001,151.6,32.219997
-29.744167,29.905833,19-02-2014,141.6,154.60000000000002,26.84
-27.169444,29.233889,19-02-2014,152.1,156.3,26.42
-27.00222,28.76528,19-02-2014,156.7,149.20000000000002,27.08
-26.73806,27.59194,19-02-2014,164.40001,130.0,27.939999
-26.45,28.085833,19-02-2014,159.7,154.3,27.4
-29.033333,23.983333,19-02-2014,217.3,27.5,34.09
-28.69485,28.23487,19-02-2014,157.3,91.80000000000001,26.359999
-28.883333,27.89,19-02-2014,161.3,90.80000000000001,27.09
-33.7075,18.97444444,19-02-2014,203.90001,3.0,29.779999
-25.57877778,29.12747222,19-02-2014,160.6,226.4,29.269999
-30.830556,26.921389,20-02-2014,177.6,66.4,29.33
-28.1175,26.719444,20-02-2014,186.2,64.5,30.31
-29.658056,25.973333,20-02-2014,194.1,42.1,30.32
-30.679722,26.7125,20-02-2014,183.40001,61.2,30.199999
-30.160091,27.40124,20-02-2014,173.5,79.30000000000001,28.609999
-30.336111,27.359444,20-02-2014,173.6,79.7,28.64
-33.31388889,19.07472222,20-02-2014,209.40001,2.2,30.599998
-24.925278,29.324444,21-02-2014,161.90001,232.9,31.17
-30.534167,24.961944,21-02-2014,210.7,26.5,31.84
-29.7775,29.470833,24-02-2014,137.8,169.5,24.81
-29.744167,29.905833,24-02-2014,141.6,154.60000000000002,26.84
-26.45,28.085833,24-02-2014,159.7,154.3,27.4
-27.935,26.126667,24-02-2014,194.8,54.6,31.07
-28.1175,26.719444,24-02-2014,186.2,64.5,30.31
-28.116667,26.725278,24-02-2014,186.2,64.5,30.31
-29.160278,26.573333,24-02-2014,192.5,58.2,30.519999
-27.01011111,26.69808333,25-02-2014,180.0,91.9,29.699999
-25.127778,27.628889,25-02-2014,173.40001,185.3,31.48
-24.39619444,27.08983333,25-02-2014,175.2,163.4,32.489998
-24.69514,27.40906,25-02-2014,178.1,182.4,32.2
-27.5275,30.858056,25-02-2014,145.8,325.70000000000005,27.18
-30.733889,29.828333,25-02-2014,130.7,154.10000000000002,26.07
-29.987778,29.851667,25-02-2014,135.40001,158.10000000000002,25.97
-29.380556,30.2775,25-02-2014,135.40001,130.0,25.72
-26.861111,28.884722,25-02-2014,156.1,156.20000000000002,26.789999
-26.970278,27.211111,25-02-2014,170.40001,108.4,28.98
-26.880278,26.965,25-02-2014,172.40001,104.80000000000001,29.41
-26.98472222,26.63227778,25-02-2014,178.2,93.4,29.789999
-27.044444,27.005,25-02-2014,174.8,98.2,29.48
-33.501667,21.624167,25-02-2014,184.0,9.3,28.39
-28.058889,30.373611,25-02-2014,155.7,151.8,27.98
-29.161667,23.696389,26-02-2014,221.2,23.6,34.53
-25.20639,27.558,26-02-2014,174.0,182.3,31.42
-25.73411,27.21422,26-02-2014,165.7,168.5,29.05
-26.648056,27.089444,26-02-2014,168.6,118.9,28.789999
-28.116667,26.725278,26-02-2014,186.2,64.5,30.31
-27.671111,27.236944,26-02-2014,177.90001,80.4,29.74
-28.768056,20.720556,26-02-2014,260.2,3.4000000000000004,36.43
-27.356667,27.286389,26-02-2014,177.3,91.9,29.38
-30.13573889,30.67422222,27-02-2014,137.8,141.6,27.349998
-30.398056,30.601944,27-02-2014,135.7,159.4,27.039999
-27.902778,24.615556,28-02-2014,210.3,43.0,33.66
-29.803611,30.516111,28-02-2014,134.8,135.9,26.66
-26.73806,27.59194,03-03-2014,164.40001,130.0,27.939999
-26.45,28.085833,03-03-2014,159.7,154.3,27.4
-27.935,26.126667,03-03-2014,194.8,54.6,31.07
-28.116667,26.725278,03-03-2014,186.2,64.5,30.31
-32.502778,19.535833,03-03-2014,233.8,0.6000000000000001,32.55
-27.356667,27.286389,03-03-2014,177.3,91.9,29.38
-25.81048333,27.90955222,04-03-2014,163.7,182.20000000000002,28.859999
-26.861111,28.884722,04-03-2014,156.1,156.20000000000002,26.789999
-27.02314,28.59389,04-03-2014,158.2,145.3,27.3
-27.398611,26.614722,04-03-2014,187.7,75.8,30.41
-27.671111,27.236944,04-03-2014,177.90001,80.4,29.74
-34.039722,22.133333,04-03-2014,152.40001,21.8,25.89
-27.495556,26.074722,04-03-2014,192.0,65.60000000000001,30.849998
-27.4,26.624722,04-03-2014,187.7,75.8,30.41
-29.161667,23.696389,05-03-2014,221.2,23.6,34.53
-27.01011111,26.69808333,05-03-2014,180.0,91.9,29.699999
-29.140556,31.391944,05-03-2014,143.3,112.30000000000001,28.529999
-29.744167,29.905833,05-03-2014,141.6,154.60000000000002,26.84
-26.880278,26.965,05-03-2014,172.40001,104.80000000000001,29.41
-26.98472222,26.63227778,05-03-2014,178.2,93.4,29.789999
-27.671111,27.236944,05-03-2014,177.90001,80.4,29.74
-29.033333,23.983333,05-03-2014,217.3,27.5,34.09
-34.02861,22.22222,05-03-2014,149.2,24.8,25.449999
-33.13083,18.86278,05-03-2014,212.90001,1.8,31.14
-25.45963889,28.26430556,05-03-2014,164.7,201.20000000000002,29.789999
-22.769722,30.886944,06-03-2014,143.1,208.5,32.18
-27.937778,31.209444,06-03-2014,151.1,252.0,28.66
-26.648056,27.089444,06-03-2014,168.6,118.9,28.789999
-26.970278,27.211111,06-03-2014,170.40001,108.4,28.98
-27.398611,26.614722,06-03-2014,187.7,75.8,30.41
-27.044444,27.005,06-03-2014,174.8,98.2,29.48
-29.651389,22.746389,06-03-2014,248.2,11.3,34.86
-29.1825,23.575556,06-03-2014,226.40001,21.5,34.5
-34.031944,22.053333,06-03-2014,153.90001,20.200000000000003,26.06
-33.7075,18.97444444,06-03-2014,203.90001,3.0,29.779999
-32.94583,18.33667,06-03-2014,197.8,1.2000000000000002,28.09
-28.058889,30.373611,06-03-2014,155.7,151.8,27.98
-28.404444,30.013056,07-03-2014,160.8,110.60000000000001,29.119999
-28.116667,26.725278,07-03-2014,186.2,64.5,30.31
-29.651389,22.746389,07-03-2014,248.2,11.3,34.86
-34.005833,22.351111,07-03-2014,146.0,29.3,24.9
-29.380556,30.2775,08-03-2014,135.40001,130.0,25.72
-26.45,28.085833,10-03-2014,159.7,154.3,27.4
-26.98472222,26.63227778,10-03-2014,178.2,93.4,29.789999
-28.1175,26.719444,10-03-2014,186.2,64.5,30.31
-31.396,29.2651,10-03-2014,133.3,140.3,26.73
-31.554722,29.245556,10-03-2014,123.6,150.1,25.49
-27.01011111,26.69808333,11-03-2014,180.0,91.9,29.699999
-24.183889,30.823889,11-03-2014,139.7,236.5,31.4
-26.861111,28.884722,11-03-2014,156.1,156.20000000000002,26.789999
-26.648056,27.089444,11-03-2014,168.6,118.9,28.789999
-26.970278,27.211111,11-03-2014,170.40001,108.4,28.98
-26.880278,26.965,11-03-2014,172.40001,104.80000000000001,29.41
-26.98472222,26.63227778,11-03-2014,178.2,93.4,29.789999
-27.902778,24.615556,02-08-2012,229.7,48.5,35.71
-27.044444,27.005,11-03-2014,174.8,98.2,29.48
-30.568333,29.422778,11-03-2014,136.5,135.5,25.369999
-30.570833,29.150556,11-03-2014,138.0,135.4,25.23
-31.104278,29.399722,11-03-2014,132.6,142.20000000000002,26.49
-34.092222,21.295278,11-03-2014,168.8,11.5,28.039999
-29.161667,23.696389,12-03-2014,221.2,23.6,34.53
-28.7115,24.07288889,12-03-2014,216.3,29.200000000000003,34.07
-29.641944,30.6875,12-03-2014,140.5,113.9,27.65
-27.902778,24.615556,20-06-2013,198.40001,93.9,32.34
-24.034167,31.123611,12-03-2014,137.8,218.10000000000002,31.41
-28.44555556,32.325,07-05-2014,140.7,223.9,28.46
-28.75,30.442778,12-03-2014,162.0,108.80000000000001,30.32
-29.161667,30.629722,12-03-2014,138.1,123.10000000000001,26.07
-27.02314,28.59389,12-03-2014,158.2,145.3,27.3
-27.273889,28.49,12-03-2014,158.8,133.9,27.21
-27.4275,28.525833,12-03-2014,157.90001,130.9,27.119999
-27.3,28.586944,12-03-2014,158.0,135.4,27.24
-27.902778,24.615556,02-01-2014,152.40001,83.30000000000001,32.61
-27.935,26.126667,12-03-2014,194.8,54.6,31.07
-28.141944,26.417778,12-03-2014,191.90001,61.0,30.81
-29.651389,22.746389,12-03-2014,248.2,11.3,34.86
-31.031389,28.883333,12-03-2014,137.90001,136.8,26.42
-30.86013889,29.07125,12-03-2014,139.3,132.9,26.82
-30.77586667,29.03221667,12-03-2014,140.3,133.20000000000002,26.75
-27.902778,24.615556,23-05-2014,210.3,43.0,33.66
-28.338333,31.373611,12-03-2014,146.90001,242.5,28.67
-28.068333,31.55,12-03-2014,154.90001,230.4,30.8
-24.679167,30.8025,13-03-2014,133.7,374.20000000000005,26.49
-25.20639,27.558,13-03-2014,174.0,182.3,31.42
-27.573056,24.746389,13-03-2014,211.90001,49.900000000000006,33.27
-31.394444,20.947222,13-03-2014,240.3,2.0,32.16
-33.08883333,19.21878333,13-03-2014,198.90001,1.7000000000000002,27.48
-33.897778,20.012778,13-03-2014,193.5,2.0,30.31
-27.902778,24.615556,14-03-2014,210.3,43.0,33.66
-27.573056,24.746389,15-03-2014,211.90001,49.900000000000006,33.27
-28.96362,19.15486,15-03-2014,262.0,0.9,36.719997
-27.902778,24.615556,21-11-2014,223.7,39.0,35.41
-25.99136,27.84208,17-03-2014,160.1,177.9,27.859999
-28.735556,29.820556,17-03-2014,159.40001,110.5,29.41
-26.73806,27.59194,17-03-2014,164.40001,130.0,27.939999
-27.935,26.126667,17-03-2014,194.8,54.6,31.07
-28.1175,26.719444,17-03-2014,186.2,64.5,30.31
-28.116667,26.725278,17-03-2014,186.2,64.5,30.31
-29.042222,24.6,17-03-2014,219.1,31.0,33.489998
-29.033333,23.983333,17-03-2014,217.3,27.5,34.09
-23.658056,31.05,18-03-2014,139.0,172.70000000000002,32.16
-23.281,30.54305556,18-03-2014,140.40001,174.5,31.13
-27.169444,29.233889,18-03-2014,152.1,156.3,26.42
-26.861111,28.884722,18-03-2014,156.1,156.20000000000002,26.789999
-26.98472222,26.63227778,18-03-2014,178.2,93.4,29.789999
-29.028629,24.638389,18-03-2014,218.2,31.8,33.41
-33.38056,19.30167,18-03-2014,195.7,2.2,27.97
-33.31388889,19.07472222,18-03-2014,209.40001,2.2,30.599998
-25.45963889,28.26430556,18-03-2014,164.7,201.20000000000002,29.789999
-27.495556,26.074722,18-03-2014,192.0,65.60000000000001,30.849998
-25.447222,30.711667,18-03-2014,140.3,293.0,27.88
-29.161667,23.696389,19-03-2014,221.2,23.6,34.53
-27.01011111,26.69808333,19-03-2014,180.0,91.9,29.699999
-25.81048333,27.90955222,19-03-2014,163.7,182.20000000000002,28.859999
-27.363611,31.783333,19-03-2014,147.1,189.60000000000002,30.57
-26.648056,27.089444,19-03-2014,168.6,118.9,28.789999
-26.970278,27.211111,19-03-2014,170.40001,108.4,28.98
-26.880278,26.965,19-03-2014,172.40001,104.80000000000001,29.41
-27.044444,27.005,19-03-2014,174.8,98.2,29.48
-27.573056,24.746389,19-03-2014,211.90001,49.900000000000006,33.27
-29.033333,23.983333,19-03-2014,217.3,27.5,34.09
-28.376944,24.303056,29-09-2011,220.8,46.6,36.329998
-28.376944,24.303056,20-11-2011,220.8,46.6,36.329998
-28.376944,24.303056,08-12-2011,220.8,46.6,36.329998
-32.595833,19.009444,19-03-2014,223.1,0.9,32.48
-28.376944,24.303056,19-01-2012,204.3,102.0,32.37
-26.03611,30.99778,20-03-2014,148.1,363.6,28.5
-27.602222,29.942778,20-03-2014,162.40001,185.10000000000002,28.81
-29.744167,29.905833,20-03-2014,141.6,154.60000000000002,26.84
-28.376944,24.303056,05-07-2012,204.3,102.0,32.37
-28.376944,24.303056,11-07-2012,231.8,46.7,36.0
-29.7775,29.470833,24-03-2014,137.8,169.5,24.81
-28.376944,24.303056,16-08-2012,231.8,46.7,36.0
-28.376944,24.303056,30-08-2012,231.8,46.7,36.0
-28.376944,24.303056,27-09-2012,231.8,46.7,36.0
-28.376944,24.303056,17-01-2013,200.90001,86.9,32.399998
-28.376944,24.303056,28-02-2013,200.90001,86.9,32.399998
-29.987778,29.851667,24-03-2014,135.40001,158.10000000000002,25.97
-28.376944,24.303056,14-03-2013,200.90001,86.9,32.399998
-28.376944,24.303056,11-04-2013,200.90001,86.9,32.399998
-28.376944,24.303056,25-04-2013,200.90001,86.9,32.399998
-28.376944,24.303056,09-05-2013,200.90001,86.9,32.399998
-28.376944,24.303056,20-06-2013,200.90001,86.9,32.399998
-28.376944,24.303056,04-07-2013,200.90001,86.9,32.399998
-28.376944,24.303056,18-07-2013,214.8,53.300000000000004,35.77
-28.376944,24.303056,01-08-2013,214.8,53.300000000000004,35.77
-28.376944,24.303056,15-08-2013,214.8,53.300000000000004,35.77
-28.376944,24.303056,29-08-2013,214.8,53.300000000000004,35.77
-28.376944,24.303056,12-09-2013,214.8,53.300000000000004,35.77
-28.376944,24.303056,26-09-2013,214.8,53.300000000000004,35.77
-28.376944,24.303056,10-10-2013,214.8,53.300000000000004,35.77
-28.376944,24.303056,24-10-2013,214.8,53.300000000000004,35.77
-28.376944,24.303056,07-11-2013,214.8,53.300000000000004,35.77
-28.376944,24.303056,21-11-2013,214.8,53.300000000000004,35.77
-28.376944,24.303056,02-01-2014,154.6,78.5,32.82
-28.376944,24.303056,16-01-2014,212.7,35.2,33.579998
-28.376944,24.303056,30-01-2014,212.7,35.2,33.579998
-28.376944,24.303056,27-02-2014,212.7,35.2,33.579998
-29.744167,29.905833,24-03-2014,141.6,154.60000000000002,26.84
-26.45,28.085833,24-03-2014,159.7,154.3,27.4
-27.935,26.126667,24-03-2014,194.8,54.6,31.07
-28.141944,26.417778,24-03-2014,191.90001,61.0,30.81
-28.376944,24.303056,05-06-2014,212.7,35.2,33.579998
-28.1175,26.719444,24-03-2014,186.2,64.5,30.31
-22.225556,29.990556,25-03-2014,151.40001,115.0,33.01
-25.127778,27.628889,25-03-2014,173.40001,185.3,31.48
-24.39619444,27.08983333,25-03-2014,175.2,163.4,32.489998
-24.69514,27.40906,25-03-2014,178.1,182.4,32.2
-28.376944,24.303056,23-10-2014,225.6,35.7,35.7
-30.733889,29.828333,25-03-2014,130.7,154.10000000000002,26.07
-26.861111,28.884722,25-03-2014,156.1,156.20000000000002,26.789999
-28.116667,26.725278,25-03-2014,186.2,64.5,30.31
-29.160278,26.573333,25-03-2014,192.5,58.2,30.519999
-28.69485,28.23487,25-03-2014,157.3,91.80000000000001,26.359999
-29.615556,27.065278,25-03-2014,180.8,71.2,29.189999
-28.883333,27.89,25-03-2014,161.3,90.80000000000001,27.09
-33.501667,21.624167,25-03-2014,184.0,9.3,28.39
-29.161667,23.696389,26-03-2014,221.2,23.6,34.53
-27.01011111,26.69808333,26-03-2014,180.0,91.9,29.699999
-22.935,28.004167,26-03-2014,161.5,123.2,32.68
-25.20639,27.558,26-03-2014,174.0,182.3,31.42
-28.376944,24.303056,16-07-2015,230.7,8.9,36.45
-28.376944,24.303056,30-07-2015,230.7,8.9,36.45
-28.376944,24.303056,13-08-2015,230.7,8.9,36.45
-28.376944,24.303056,24-09-2015,230.7,8.9,36.45
-28.376944,24.303056,08-10-2015,230.7,8.9,36.45
-28.376944,24.303056,22-10-2015,230.7,8.9,36.45
-28.376944,24.303056,05-11-2015,230.7,8.9,36.45
-28.376944,24.303056,19-11-2015,230.7,8.9,36.45
-28.376944,24.303056,03-12-2015,230.7,8.9,36.45
-28.376944,24.303056,31-12-2015,230.7,8.9,36.45
-30.398056,30.601944,26-03-2014,135.7,159.4,27.039999
-26.648056,27.089444,26-03-2014,168.6,118.9,28.789999
-26.970278,27.211111,26-03-2014,170.40001,108.4,28.98
-26.880278,26.965,26-03-2014,172.40001,104.80000000000001,29.41
-26.98472222,26.63227778,26-03-2014,178.2,93.4,29.789999
-27.671111,27.236944,26-03-2014,177.90001,80.4,29.74
-27.044444,27.005,26-03-2014,174.8,98.2,29.48
-30.160091,27.40124,26-03-2014,173.5,79.30000000000001,28.609999
-30.336111,27.359444,26-03-2014,173.6,79.7,28.64
-22.935,28.004167,27-03-2014,161.5,123.2,32.68
-30.830556,26.921389,27-03-2014,177.6,66.4,29.33
-22.548889,28.898056,27-03-2014,154.7,127.5,32.25
-22.91028,29.61111,27-03-2014,142.5,187.8,30.55
-30.13573889,30.67422222,27-03-2014,137.8,141.6,27.349998
-27.38972222,26.46388889,27-03-2014,189.40001,74.10000000000001,30.619999
-27.398611,26.614722,27-03-2014,187.7,75.8,30.41
-27.902778,24.615556,27-03-2014,210.3,43.0,33.66
-29.658056,25.973333,27-03-2014,194.1,42.1,30.32
-31.000833,26.353056,27-03-2014,180.0,50.2,29.099998
-30.679722,26.7125,27-03-2014,183.40001,61.2,30.199999
-30.534167,24.961944,27-03-2014,210.7,26.5,31.84
-27.356667,27.286389,27-03-2014,177.3,91.9,29.38
-22.548889,28.898056,28-03-2014,154.7,127.5,32.25
-29.160278,26.573333,28-03-2014,192.5,58.2,30.519999
-29.803611,30.516111,28-03-2014,134.8,135.9,26.66
-25.99136,27.84208,31-03-2014,160.1,177.9,27.859999
-25.513889,31.224444,31-03-2014,139.0,288.90000000000003,28.539999
-33.818056,19.694722,31-03-2014,200.1,2.2,29.89
-32.502778,19.535833,31-03-2014,233.8,0.6000000000000001,32.55
-25.681111,31.783333,01-04-2014,135.7,212.4,30.21
-27.935,26.126667,01-04-2014,194.8,54.6,31.07
-28.1175,26.719444,01-04-2014,186.2,64.5,30.31
-28.116667,26.725278,01-04-2014,186.2,64.5,30.31
-27.671111,27.236944,01-04-2014,177.90001,80.4,29.74
-34.075556,20.145556,01-04-2014,181.7,2.3000000000000003,29.529999
-29.161667,23.696389,02-04-2014,221.2,23.6,34.53
-25.81048333,27.90955222,02-04-2014,163.7,182.20000000000002,28.859999
-22.935,28.004167,02-04-2014,161.5,123.2,32.68
-24.768889,31.39,02-04-2014,134.1,244.20000000000002,30.42
-24.9675,31.516667,02-04-2014,136.40001,227.0,30.789999
-28.801278,31.955389,02-04-2014,147.6,142.1,29.3
-29.744167,29.905833,02-04-2014,141.6,154.60000000000002,26.84
-27.4275,28.525833,02-04-2014,157.90001,130.9,27.119999
-27.398611,26.614722,02-04-2014,187.7,75.8,30.41
-27.671111,27.236944,02-04-2014,177.90001,80.4,29.74
-29.033333,23.983333,02-04-2014,217.3,27.5,34.09
-28.768056,20.720556,02-04-2014,260.2,3.4000000000000004,36.43
-34.031944,22.053333,02-04-2014,153.90001,20.200000000000003,26.06
-34.039722,22.133333,02-04-2014,152.40001,21.8,25.89
-33.7075,18.97444444,02-04-2014,203.90001,3.0,29.779999
-28.058889,30.373611,02-04-2014,155.7,151.8,27.98
-27.495556,26.074722,02-04-2014,192.0,65.60000000000001,30.849998
-27.4,26.624722,02-04-2014,187.7,75.8,30.41
-27.01011111,26.69808333,03-04-2014,180.0,91.9,29.699999
-22.91028,29.61111,03-04-2014,142.5,187.8,30.55
-23.658056,31.05,03-04-2014,139.0,172.70000000000002,32.16
-23.281,30.54305556,03-04-2014,140.40001,174.5,31.13
-24.99328,30.81444,03-04-2014,123.5,365.5,24.49
-27.937778,31.209444,03-04-2014,151.1,252.0,28.66
-27.5275,30.858056,03-04-2014,145.8,325.70000000000005,27.18
-26.648056,27.089444,03-04-2014,168.6,118.9,28.789999
-26.970278,27.211111,03-04-2014,170.40001,108.4,28.98
-26.880278,26.965,03-04-2014,172.40001,104.80000000000001,29.41
-26.98472222,26.63227778,03-04-2014,178.2,93.4,29.789999
-27.044444,27.005,03-04-2014,174.8,98.2,29.48
-33.13083,18.86278,03-04-2014,212.90001,1.8,31.14
-28.404444,30.013056,04-04-2014,160.8,110.60000000000001,29.119999
-28.116667,26.725278,04-04-2014,186.2,64.5,30.31
-28.735556,29.820556,07-04-2014,159.40001,110.5,29.41
-26.73806,27.59194,07-04-2014,164.40001,130.0,27.939999
-26.45,28.085833,07-04-2014,159.7,154.3,27.4
-26.98472222,26.63227778,07-04-2014,178.2,93.4,29.789999
-27.935,26.126667,07-04-2014,194.8,54.6,31.07
-28.141944,26.417778,07-04-2014,191.90001,61.0,30.81
-28.1175,26.719444,07-04-2014,186.2,64.5,30.31
-28.116667,26.725278,07-04-2014,186.2,64.5,30.31
-29.042222,24.6,07-04-2014,219.1,31.0,33.489998
-29.028629,24.638389,07-04-2014,218.2,31.8,33.41
-29.033333,23.983333,07-04-2014,217.3,27.5,34.09
-31.554722,29.245556,07-04-2014,123.6,150.1,25.49
-27.01011111,26.69808333,08-04-2014,180.0,91.9,29.699999
-34.065833,20.404167,08-04-2014,178.0,3.1,30.099998
-25.127778,27.628889,08-04-2014,173.40001,185.3,31.48
-25.20639,27.558,08-04-2014,174.0,182.3,31.42
-24.69514,27.40906,08-04-2014,178.1,182.4,32.2
-22.769722,30.886944,08-04-2014,143.1,208.5,32.18
-27.169444,29.233889,08-04-2014,152.1,156.3,26.42
-26.861111,28.884722,08-04-2014,156.1,156.20000000000002,26.789999
-26.648056,27.089444,08-04-2014,168.6,118.9,28.789999
-26.970278,27.211111,08-04-2014,170.40001,108.4,28.98
-26.880278,26.965,08-04-2014,172.40001,104.80000000000001,29.41
-26.98472222,26.63227778,08-04-2014,178.2,93.4,29.789999
-30.570833,29.150556,08-04-2014,138.0,135.4,25.23
-33.31388889,19.07472222,08-04-2014,209.40001,2.2,30.599998
-28.338333,31.373611,08-04-2014,146.90001,242.5,28.67
-29.658056,25.973333,27-09-2011,201.6,45.6,33.12
-28.068333,31.55,08-04-2014,154.90001,230.4,30.8
-28.308889,31.9025,08-04-2014,150.3,223.20000000000002,30.529999
-25.57877778,29.12747222,08-04-2014,160.6,226.4,29.269999
-29.641944,30.6875,09-04-2014,140.5,113.9,27.65
-25.73411,27.21422,09-04-2014,165.7,168.5,29.05
-28.44555556,32.325,04-06-2014,140.7,223.9,28.46
-28.75,30.442778,09-04-2014,162.0,108.80000000000001,30.32
-29.161667,30.629722,09-04-2014,138.1,123.10000000000001,26.07
-27.00222,28.76528,09-04-2014,156.7,149.20000000000002,27.08
-27.02314,28.59389,09-04-2014,158.2,145.3,27.3
-27.273889,28.49,09-04-2014,158.8,133.9,27.21
-27.4275,28.525833,09-04-2014,157.90001,130.9,27.119999
-27.3,28.586944,09-04-2014,158.0,135.4,27.24
-30.568333,29.422778,09-04-2014,136.5,135.5,25.369999
-31.031389,28.883333,09-04-2014,137.90001,136.8,26.42
-30.86013889,29.07125,09-04-2014,139.3,132.9,26.82
-30.77586667,29.03221667,09-04-2014,140.3,133.20000000000002,26.75
-32.595833,19.009444,09-04-2014,223.1,0.9,32.48
-28.376944,24.303056,10-04-2014,212.7,35.2,33.579998
-34.092222,21.295278,10-04-2014,168.8,11.5,28.039999
-34.329722,18.990278,10-04-2014,157.6,3.4000000000000004,24.109999
-33.897778,20.012778,10-04-2014,193.5,2.0,30.31
-27.902778,24.615556,11-04-2014,210.3,43.0,33.66
-24.679167,30.8025,14-04-2014,133.7,374.20000000000005,26.49
-25.99136,27.84208,14-04-2014,160.1,177.9,27.859999
-26.73806,27.59194,14-04-2014,164.40001,130.0,27.939999
-28.1175,26.719444,14-04-2014,186.2,64.5,30.31
-28.116667,26.725278,14-04-2014,186.2,64.5,30.31
-33.08883333,19.21878333,14-04-2014,198.90001,1.7000000000000002,27.48
-24.183889,30.823889,15-04-2014,139.7,236.5,31.4
-27.169444,29.233889,15-04-2014,152.1,156.3,26.42
-26.861111,28.884722,15-04-2014,156.1,156.20000000000002,26.789999
-27.00222,28.76528,15-04-2014,156.7,149.20000000000002,27.08
-27.4275,28.525833,15-04-2014,157.90001,130.9,27.119999
-26.98472222,26.63227778,15-04-2014,178.2,93.4,29.789999
-27.935,26.126667,15-04-2014,194.8,54.6,31.07
-29.160278,26.573333,15-04-2014,192.5,58.2,30.519999
-29.033333,23.983333,15-04-2014,217.3,27.5,34.09
-25.45963889,28.26430556,15-04-2014,164.7,201.20000000000002,29.789999
-29.161667,23.696389,16-04-2014,221.2,23.6,34.53
-28.7115,24.07288889,16-04-2014,216.3,29.200000000000003,34.07
-27.01011111,26.69808333,16-04-2014,180.0,91.9,29.699999
-25.81048333,27.90955222,16-04-2014,163.7,182.20000000000002,28.859999
-26.905,32.324722,16-04-2014,147.40001,151.6,32.219997
-27.602222,29.942778,16-04-2014,162.40001,185.10000000000002,28.81
-29.744167,29.905833,16-04-2014,141.6,154.60000000000002,26.84
-26.648056,27.089444,16-04-2014,168.6,118.9,28.789999
-26.970278,27.211111,16-04-2014,170.40001,108.4,28.98
-26.880278,26.965,16-04-2014,172.40001,104.80000000000001,29.41
-29.033333,23.983333,16-04-2014,217.3,27.5,34.09
-29.1825,23.575556,16-04-2014,226.40001,21.5,34.5
-28.768056,20.720556,16-04-2014,260.2,3.4000000000000004,36.43
-27.363611,31.783333,17-04-2014,147.1,189.60000000000002,30.57
-29.042222,24.6,17-04-2014,219.1,31.0,33.489998
-29.028629,24.638389,17-04-2014,218.2,31.8,33.41
-29.987778,29.851667,21-04-2014,135.40001,158.10000000000002,25.97
-29.744167,29.905833,21-04-2014,141.6,154.60000000000002,26.84
-30.733889,29.828333,22-04-2014,130.7,154.10000000000002,26.07
-29.380556,30.2775,22-04-2014,135.40001,130.0,25.72
-27.935,26.126667,22-04-2014,194.8,54.6,31.07
-28.141944,26.417778,22-04-2014,191.90001,61.0,30.81
-28.1175,26.719444,22-04-2014,186.2,64.5,30.31
-28.116667,26.725278,22-04-2014,186.2,64.5,30.31
-29.160278,26.573333,22-04-2014,192.5,58.2,30.519999
-33.501667,21.624167,22-04-2014,184.0,9.3,28.39
-27.01011111,26.69808333,23-04-2014,180.0,91.9,29.699999
-25.127778,27.628889,23-04-2014,173.40001,185.3,31.48
-25.20639,27.558,23-04-2014,174.0,182.3,31.42
-24.39619444,27.08983333,23-04-2014,175.2,163.4,32.489998
-24.69514,27.40906,23-04-2014,178.1,182.4,32.2
-26.970278,27.211111,23-04-2014,170.40001,108.4,28.98
-26.880278,26.965,23-04-2014,172.40001,104.80000000000001,29.41
-26.98472222,26.63227778,23-04-2014,178.2,93.4,29.789999
-28.1175,26.719444,23-04-2014,186.2,64.5,30.31
-28.116667,26.725278,23-04-2014,186.2,64.5,30.31
-27.671111,27.236944,23-04-2014,177.90001,80.4,29.74
-28.69485,28.23487,23-04-2014,157.3,91.80000000000001,26.359999
-29.615556,27.065278,23-04-2014,180.8,71.2,29.189999
-28.883333,27.89,23-04-2014,161.3,90.80000000000001,27.09
-28.760833,17.730278,24-04-2014,252.2,0.5,35.54
-30.13573889,30.67422222,24-04-2014,137.8,141.6,27.349998
-27.38972222,26.46388889,24-04-2014,189.40001,74.10000000000001,30.619999
-28.141944,26.417778,24-04-2014,191.90001,61.0,30.81
-28.1175,26.719444,24-04-2014,186.2,64.5,30.31
-28.116667,26.725278,24-04-2014,186.2,64.5,30.31
-27.398611,26.614722,24-04-2014,187.7,75.8,30.41
-28.376944,24.303056,24-04-2014,212.7,35.2,33.579998
-30.160091,27.40124,24-04-2014,173.5,79.30000000000001,28.609999
-30.336111,27.359444,24-04-2014,173.6,79.7,28.64
-27.356667,27.286389,24-04-2014,177.3,91.9,29.38
-30.830556,26.921389,25-04-2014,177.6,66.4,29.33
-27.902778,24.615556,25-04-2014,210.3,43.0,33.66
-31.000833,26.353056,25-04-2014,180.0,50.2,29.099998
-30.679722,26.7125,25-04-2014,183.40001,61.2,30.199999
-30.534167,24.961944,25-04-2014,210.7,26.5,31.84
-29.140556,31.391944,29-04-2014,143.3,112.30000000000001,28.529999
-25.99136,27.84208,29-04-2014,160.1,177.9,27.859999
-28.747778,31.745833,29-04-2014,150.8,114.9,29.96
-28.801278,31.955389,29-04-2014,147.6,142.1,29.3
-26.73806,27.59194,29-04-2014,164.40001,130.0,27.939999
-26.45,28.085833,29-04-2014,159.7,154.3,27.4
-27.935,26.126667,29-04-2014,194.8,54.6,31.07
-28.1175,26.719444,29-04-2014,186.2,64.5,30.31
-27.671111,27.236944,29-04-2014,177.90001,80.4,29.74
-28.404444,30.013056,30-04-2014,160.8,110.60000000000001,29.119999
-27.169444,29.233889,30-04-2014,152.1,156.3,26.42
-26.861111,28.884722,30-04-2014,156.1,156.20000000000002,26.789999
-26.98472222,26.63227778,30-04-2014,178.2,93.4,29.789999
-25.45963889,28.26430556,30-04-2014,164.7,201.20000000000002,29.789999
-28.058889,30.373611,30-04-2014,155.7,151.8,27.98
-27.495556,26.074722,30-04-2014,192.0,65.60000000000001,30.849998
-29.033333,23.983333,05-10-2011,221.90001,37.6,36.34
-29.033333,23.983333,25-10-2011,221.90001,37.6,36.34
-29.033333,23.983333,02-11-2011,221.90001,37.6,36.34
-29.033333,23.983333,16-11-2011,221.90001,37.6,36.34
-29.033333,23.983333,14-12-2011,221.90001,37.6,36.34
-29.033333,23.983333,11-01-2012,227.90001,23.200000000000003,33.51
-29.033333,23.983333,25-01-2012,202.3,84.5,32.71
-29.033333,23.983333,22-02-2012,202.3,84.5,32.71
-25.81048333,27.90955222,01-05-2014,163.7,182.20000000000002,28.859999
-27.937778,31.209444,01-05-2014,151.1,252.0,28.66
-27.5275,30.858056,01-05-2014,145.8,325.70000000000005,27.18
-29.033333,23.983333,06-06-2012,202.3,84.5,32.71
-29.033333,23.983333,13-06-2012,202.3,84.5,32.71
-29.033333,23.983333,26-06-2012,202.3,84.5,32.71
-29.033333,23.983333,27-06-2012,202.3,84.5,32.71
-29.033333,23.983333,11-07-2012,236.2,33.300000000000004,35.89
-29.033333,23.983333,18-07-2012,236.2,33.300000000000004,35.89
-29.033333,23.983333,25-07-2012,236.2,33.300000000000004,35.89
-27.02314,28.59389,01-05-2014,158.2,145.3,27.3
-29.033333,23.983333,22-08-2012,236.2,33.300000000000004,35.89
-29.033333,23.983333,05-09-2012,236.2,33.300000000000004,35.89
-29.033333,23.983333,19-09-2012,236.2,33.300000000000004,35.89
-29.033333,23.983333,17-10-2012,236.2,33.300000000000004,35.89
-29.033333,23.983333,31-10-2012,236.2,33.300000000000004,35.89
-29.033333,23.983333,14-11-2012,236.2,33.300000000000004,35.89
-29.033333,23.983333,28-11-2012,236.2,33.300000000000004,35.89
-29.033333,23.983333,27-02-2013,205.40001,73.0,32.82
-26.970278,27.211111,01-05-2014,170.40001,108.4,28.98
-26.880278,26.965,01-05-2014,172.40001,104.80000000000001,29.41
-29.744167,29.905833,02-05-2014,141.6,154.60000000000002,26.84
-34.031944,22.053333,03-05-2014,153.90001,20.200000000000003,26.06
-34.039722,22.133333,03-05-2014,152.40001,21.8,25.89
-26.970278,27.211111,05-05-2014,170.40001,108.4,28.98
-26.45,28.085833,05-05-2014,159.7,154.3,27.4
-27.935,26.126667,05-05-2014,194.8,54.6,31.07
-29.033333,23.983333,24-07-2013,219.8,38.300000000000004,35.67
-28.141944,26.417778,05-05-2014,191.90001,61.0,30.81
-28.116667,26.725278,05-05-2014,186.2,64.5,30.31
-27.671111,27.236944,05-05-2014,177.90001,80.4,29.74
-32.502778,19.535833,05-05-2014,233.8,0.6000000000000001,32.55
-27.01011111,26.69808333,06-05-2014,180.0,91.9,29.699999
-29.641944,30.6875,06-05-2014,140.5,113.9,27.65
-25.127778,27.628889,06-05-2014,173.40001,185.3,31.48
-25.20639,27.558,06-05-2014,174.0,182.3,31.42
-24.69514,27.40906,06-05-2014,178.1,182.4,32.2
-26.006389,29.253889,06-05-2014,149.3,221.3,26.609999
-28.1175,26.719444,06-05-2014,186.2,64.5,30.31
-27.398611,26.614722,06-05-2014,187.7,75.8,30.41
-28.338333,31.373611,06-05-2014,146.90001,242.5,28.67
-28.068333,31.55,06-05-2014,154.90001,230.4,30.8
-27.495556,26.074722,06-05-2014,192.0,65.60000000000001,30.849998
-27.4,26.624722,06-05-2014,187.7,75.8,30.41
-28.44555556,32.325,03-07-2014,140.7,223.9,28.46
-26.648056,27.089444,07-05-2014,168.6,118.9,28.789999
-29.651389,22.746389,07-05-2014,248.2,11.3,34.86
-24.39619444,27.08983333,08-05-2014,175.2,163.4,32.489998
-29.161667,30.629722,08-05-2014,138.1,123.10000000000001,26.07
-29.033333,23.983333,06-08-2014,229.8,26.700000000000003,35.67
-29.033333,23.983333,20-08-2014,229.8,26.700000000000003,35.67
-29.033333,23.983333,03-09-2014,229.8,26.700000000000003,35.67
-28.376944,24.303056,08-05-2014,212.7,35.2,33.579998
-34.031944,22.053333,08-05-2014,153.90001,20.200000000000003,26.06
-34.039722,22.133333,08-05-2014,152.40001,21.8,25.89
-34.005833,22.351111,08-05-2014,146.0,29.3,24.9
-23.838611,31.640833,09-05-2014,141.5,185.4,33.14
-27.902778,24.615556,09-05-2014,210.3,43.0,33.66
-25.99136,27.84208,12-05-2014,160.1,177.9,27.859999
-28.735556,29.820556,12-05-2014,159.40001,110.5,29.41
-31.396,29.2651,12-05-2014,133.3,140.3,26.73
-31.554722,29.245556,12-05-2014,123.6,150.1,25.49
-29.033333,23.983333,23-09-2015,230.7,5.5,36.78
-33.818056,19.694722,12-05-2014,200.1,2.2,29.89
-33.13083,18.86278,12-05-2014,212.90001,1.8,31.14
-27.01011111,26.69808333,13-05-2014,180.0,91.9,29.699999
-25.681111,31.783333,13-05-2014,135.7,212.4,30.21
-25.67386,31.57527,13-05-2014,142.40001,234.8,30.88
-26.648056,27.089444,13-05-2014,168.6,118.9,28.789999
-26.970278,27.211111,13-05-2014,170.40001,108.4,28.98
-27.273889,28.49,13-05-2014,158.8,133.9,27.21
-26.98472222,26.63227778,13-05-2014,178.2,93.4,29.789999
-29.160278,26.573333,13-05-2014,192.5,58.2,30.519999
-30.568333,29.422778,13-05-2014,136.5,135.5,25.369999
-31.104278,29.399722,13-05-2014,132.6,142.20000000000002,26.49
-34.092222,21.295278,13-05-2014,168.8,11.5,28.039999
-34.075556,20.145556,13-05-2014,181.7,2.3000000000000003,29.529999
-25.45963889,28.26430556,13-05-2014,164.7,201.20000000000002,29.789999
-25.81048333,27.90955222,14-05-2014,163.7,182.20000000000002,28.859999
-24.183889,30.823889,14-05-2014,139.7,236.5,31.4
-24.058889,31.237222,14-05-2014,137.5,203.5,31.949999
-25.67386,31.57527,14-05-2014,142.40001,234.8,30.88
-26.905,32.324722,14-05-2014,147.40001,151.6,32.219997
-29.744167,29.905833,14-05-2014,141.6,154.60000000000002,26.84
-27.169444,29.233889,14-05-2014,152.1,156.3,26.42
-26.861111,28.884722,14-05-2014,156.1,156.20000000000002,26.789999
-26.73806,27.59194,14-05-2014,164.40001,130.0,27.939999
-26.45,28.085833,14-05-2014,159.7,154.3,27.4
-27.3,28.586944,14-05-2014,158.0,135.4,27.24
-26.98472222,26.63227778,14-05-2014,178.2,93.4,29.789999
-27.573056,24.746389,14-05-2014,211.90001,49.900000000000006,33.27
-30.570833,29.150556,14-05-2014,138.0,135.4,25.23
-33.7075,18.97444444,14-05-2014,203.90001,3.0,29.779999
-32.94583,18.33667,14-05-2014,197.8,1.2000000000000002,28.09
-27.363611,31.783333,15-05-2014,147.1,189.60000000000002,30.57
-31.031389,28.883333,15-05-2014,137.90001,136.8,26.42
-30.86013889,29.07125,15-05-2014,139.3,132.9,26.82
-30.77586667,29.03221667,15-05-2014,140.3,133.20000000000002,26.75
-33.38056,19.30167,15-05-2014,195.7,2.2,27.97
-33.08883333,19.21878333,15-05-2014,198.90001,1.7000000000000002,27.48
-24.679167,30.8025,16-05-2014,133.7,374.20000000000005,26.49
-27.602222,29.942778,16-05-2014,162.40001,185.10000000000002,28.81
-28.116667,26.725278,16-05-2014,186.2,64.5,30.31
-29.7775,29.470833,19-05-2014,137.8,169.5,24.81
-29.987778,29.851667,19-05-2014,135.40001,158.10000000000002,25.97
-29.744167,29.905833,19-05-2014,141.6,154.60000000000002,26.84
-26.73806,27.59194,19-05-2014,164.40001,130.0,27.939999
-26.45,28.085833,19-05-2014,159.7,154.3,27.4
-27.935,26.126667,19-05-2014,194.8,54.6,31.07
-27.671111,27.236944,19-05-2014,177.90001,80.4,29.74
-29.160278,26.573333,19-05-2014,192.5,58.2,30.519999
-33.31388889,19.07472222,19-05-2014,209.40001,2.2,30.599998
-27.01011111,26.69808333,20-05-2014,180.0,91.9,29.699999
-34.065833,20.404167,20-05-2014,178.0,3.1,30.099998
-25.127778,27.628889,20-05-2014,173.40001,185.3,31.48
-24.39619444,27.08983333,20-05-2014,175.2,163.4,32.489998
-24.69514,27.40906,20-05-2014,178.1,182.4,32.2
-26.03611,30.99778,20-05-2014,148.1,363.6,28.5
-30.733889,29.828333,20-05-2014,130.7,154.10000000000002,26.07
-29.380556,30.2775,20-05-2014,135.40001,130.0,25.72
-27.169444,29.233889,20-05-2014,152.1,156.3,26.42
-26.861111,28.884722,20-05-2014,156.1,156.20000000000002,26.789999
-27.00222,28.76528,20-05-2014,156.7,149.20000000000002,27.08
-27.273889,28.49,20-05-2014,158.8,133.9,27.21
-27.3,28.586944,20-05-2014,158.0,135.4,27.24
-26.98472222,26.63227778,20-05-2014,178.2,93.4,29.789999
-28.141944,26.417778,20-05-2014,191.90001,61.0,30.81
-28.1175,26.719444,20-05-2014,186.2,64.5,30.31
-29.042222,24.6,20-05-2014,219.1,31.0,33.489998
-29.033333,23.983333,20-05-2014,217.3,27.5,34.09
-28.69485,28.23487,20-05-2014,157.3,91.80000000000001,26.359999
-28.883333,27.89,20-05-2014,161.3,90.80000000000001,27.09
-27.495556,26.074722,20-05-2014,192.0,65.60000000000001,30.849998
-25.20639,27.558,21-05-2014,174.0,182.3,31.42
-23.658056,31.05,21-05-2014,139.0,172.70000000000002,32.16
-23.281,30.54305556,21-05-2014,140.40001,174.5,31.13
-30.398056,30.601944,21-05-2014,135.7,159.4,27.039999
-26.648056,27.089444,21-05-2014,168.6,118.9,28.789999
-26.970278,27.211111,21-05-2014,170.40001,108.4,28.98
-26.880278,26.965,21-05-2014,172.40001,104.80000000000001,29.41
-27.671111,27.236944,21-05-2014,177.90001,80.4,29.74
-29.028629,24.638389,21-05-2014,218.2,31.8,33.41
-30.160091,27.40124,21-05-2014,173.5,79.30000000000001,28.609999
-30.336111,27.359444,21-05-2014,173.6,79.7,28.64
-34.405833,19.600556,21-05-2014,158.3,3.2,25.16
-27.356667,27.286389,21-05-2014,177.3,91.9,29.38
-30.830556,26.921389,22-05-2014,177.6,66.4,29.33
-22.769722,30.886944,22-05-2014,143.1,208.5,32.18
-30.13573889,30.67422222,22-05-2014,137.8,141.6,27.349998
-27.398611,26.614722,22-05-2014,187.7,75.8,30.41
-28.376944,24.303056,22-05-2014,212.7,35.2,33.579998
-29.658056,25.973333,22-05-2014,194.1,42.1,30.32
-31.000833,26.353056,22-05-2014,180.0,50.2,29.099998
-30.679722,26.7125,22-05-2014,183.40001,61.2,30.199999
-34.329722,18.990278,22-05-2014,157.6,3.4000000000000004,24.109999
-33.897778,20.012778,22-05-2014,193.5,2.0,30.31
-29.615556,27.065278,23-05-2014,180.8,71.2,29.189999
-29.803611,30.516111,23-05-2014,134.8,135.9,26.66
-25.99136,27.84208,26-05-2014,160.1,177.9,27.859999
-23.838611,31.640833,26-05-2014,141.5,185.4,33.14
-27.01011111,26.69808333,27-05-2014,180.0,91.9,29.699999
-29.140556,31.391944,27-05-2014,143.3,112.30000000000001,28.529999
-28.801278,31.955389,27-05-2014,147.6,142.1,29.3
-26.970278,27.211111,27-05-2014,170.40001,108.4,28.98
-26.98472222,26.63227778,27-05-2014,178.2,93.4,29.789999
-33.501667,21.624167,27-05-2014,184.0,9.3,28.39
-25.45963889,28.26430556,27-05-2014,164.7,201.20000000000002,29.789999
-25.81048333,27.90955222,28-05-2014,163.7,182.20000000000002,28.859999
-22.935,28.004167,28-05-2014,161.5,123.2,32.68
-24.282222,28.090278,28-05-2014,157.3,219.70000000000002,29.84
-23.763056,27.908611,28-05-2014,157.7,176.8,31.179998
-28.747778,31.745833,28-05-2014,150.8,114.9,29.96
-27.937778,31.209444,28-05-2014,151.1,252.0,28.66
-28.404444,30.013056,28-05-2014,160.8,110.60000000000001,29.119999
-29.744167,29.905833,28-05-2014,141.6,154.60000000000002,26.84
-27.00222,28.76528,28-05-2014,156.7,149.20000000000002,27.08
-31.436944,20.474722,28-05-2014,236.8,1.2000000000000002,31.529999
-29.1825,23.575556,28-05-2014,226.40001,21.5,34.5
-28.768056,20.720556,28-05-2014,260.2,3.4000000000000004,36.43
-28.058889,30.373611,28-05-2014,155.7,151.8,27.98
-22.225556,29.990556,29-05-2014,151.40001,115.0,33.01
-22.91028,29.61111,29-05-2014,142.5,187.8,30.55
-27.5275,30.858056,29-05-2014,145.8,325.70000000000005,27.18
-27.398611,26.614722,29-05-2014,187.7,75.8,30.41
-27.573056,24.746389,29-05-2014,211.90001,49.900000000000006,33.27
-25.57877778,29.12747222,29-05-2014,160.6,226.4,29.269999
-27.398611,26.614722,30-05-2014,187.7,75.8,30.41
-29.160278,26.573333,02-06-2014,192.5,58.2,30.519999
-24.670833,28.560833,03-06-2014,159.5,255.4,29.83
-25.127778,27.628889,03-06-2014,173.40001,185.3,31.48
-25.20639,27.558,03-06-2014,174.0,182.3,31.42
-24.69514,27.40906,03-06-2014,178.1,182.4,32.2
-27.935,26.126667,03-06-2014,194.8,54.6,31.07
-28.141944,26.417778,03-06-2014,191.90001,61.0,30.81
-28.338333,31.373611,03-06-2014,146.90001,242.5,28.67
-28.068333,31.55,03-06-2014,154.90001,230.4,30.8
-29.641944,30.6875,04-06-2014,140.5,113.9,27.65
-24.39619444,27.08983333,04-06-2014,175.2,163.4,32.489998
-28.44555556,32.325,30-07-2014,157.2,88.7,30.529999
-28.75,30.442778,04-06-2014,162.0,108.80000000000001,30.32
-29.161667,30.629722,04-06-2014,138.1,123.10000000000001,26.07
-34.005833,22.351111,04-06-2014,146.0,29.3,24.9
-26.98472222,26.63227778,05-06-2014,178.2,93.4,29.789999
-27.902778,24.615556,05-06-2014,210.3,43.0,33.66
-33.970833,22.548333,05-06-2014,143.0,37.6,24.59
-28.308889,31.9025,05-06-2014,150.3,223.20000000000002,30.529999
-25.99136,27.84208,09-06-2014,160.1,177.9,27.859999
-26.73806,27.59194,09-06-2014,164.40001,130.0,27.939999
-26.45,28.085833,09-06-2014,159.7,154.3,27.4
-27.671111,27.236944,09-06-2014,177.90001,80.4,29.74
-31.396,29.2651,09-06-2014,133.3,140.3,26.73
-31.554722,29.245556,09-06-2014,123.6,150.1,25.49
-33.818056,19.694722,09-06-2014,200.1,2.2,29.89
-23.658056,31.05,10-06-2014,139.0,172.70000000000002,32.16
-23.281,30.54305556,10-06-2014,140.40001,174.5,31.13
-25.681111,31.783333,10-06-2014,135.7,212.4,30.21
-25.362222,31.956667,10-06-2014,130.7,199.5,30.74
-28.735556,29.820556,10-06-2014,159.40001,110.5,29.41
-29.615556,27.065278,10-06-2014,180.8,71.2,29.189999
-30.570833,29.150556,10-06-2014,138.0,135.4,25.23
-34.092222,21.295278,10-06-2014,168.8,11.5,28.039999
-34.075556,20.145556,10-06-2014,181.7,2.3000000000000003,29.529999
-31.5653,18.3306,10-06-2014,213.1,0.6000000000000001,29.73
-32.94583,18.33667,10-06-2014,197.8,1.2000000000000002,28.09
-25.45963889,28.26430556,10-06-2014,164.7,201.20000000000002,29.789999
-25.81048333,27.90955222,11-06-2014,163.7,182.20000000000002,28.859999
-24.768889,31.39,11-06-2014,134.1,244.20000000000002,30.42
-26.905,32.324722,11-06-2014,147.40001,151.6,32.219997
-27.602222,29.942778,11-06-2014,162.40001,185.10000000000002,28.81
-27.00222,28.76528,11-06-2014,156.7,149.20000000000002,27.08
-27.02314,28.59389,11-06-2014,158.2,145.3,27.3
-27.273889,28.49,11-06-2014,158.8,133.9,27.21
-27.3,28.586944,11-06-2014,158.0,135.4,27.24
-27.935,26.126667,11-06-2014,194.8,54.6,31.07
-28.69485,28.23487,11-06-2014,157.3,91.80000000000001,26.359999
-28.883333,27.89,11-06-2014,161.3,90.80000000000001,27.09
-28.768056,20.720556,11-06-2014,260.2,3.4000000000000004,36.43
-30.568333,29.422778,11-06-2014,136.5,135.5,25.369999
-30.86013889,29.07125,11-06-2014,139.3,132.9,26.82
-30.77586667,29.03221667,11-06-2014,140.3,133.20000000000002,26.75
-33.13083,18.86278,11-06-2014,212.90001,1.8,31.14
-33.7075,18.97444444,11-06-2014,203.90001,3.0,29.779999
-25.57877778,29.12747222,11-06-2014,160.6,226.4,29.269999
-22.769722,30.886944,12-06-2014,143.1,208.5,32.18
-26.006389,29.253889,12-06-2014,149.3,221.3,26.609999
-25.513889,31.224444,12-06-2014,139.0,288.90000000000003,28.539999
-27.363611,31.783333,12-06-2014,147.1,189.60000000000002,30.57
-28.141944,26.417778,12-06-2014,191.90001,61.0,30.81
-28.1175,26.719444,12-06-2014,186.2,64.5,30.31
-31.436944,20.474722,12-06-2014,236.8,1.2000000000000002,31.529999
-30.568333,29.422778,12-06-2014,136.5,135.5,25.369999
-24.99328,30.81444,13-06-2014,123.5,365.5,24.49
-29.744167,29.905833,13-06-2014,141.6,154.60000000000002,26.84
-27.573056,24.746389,13-06-2014,211.90001,49.900000000000006,33.27
-31.436944,20.474722,13-06-2014,236.8,1.2000000000000002,31.529999
-29.987778,29.851667,16-06-2014,135.40001,158.10000000000002,25.97
-29.744167,29.905833,16-06-2014,141.6,154.60000000000002,26.84
-25.127778,27.628889,17-06-2014,173.40001,185.3,31.48
-24.39619444,27.08983333,17-06-2014,175.2,163.4,32.489998
-24.69514,27.40906,17-06-2014,178.1,182.4,32.2
-30.733889,29.828333,17-06-2014,130.7,154.10000000000002,26.07
-29.380556,30.2775,17-06-2014,135.40001,130.0,25.72
-28.1175,26.719444,17-06-2014,186.2,64.5,30.31
-28.116667,26.725278,17-06-2014,186.2,64.5,30.31
-33.38056,19.30167,17-06-2014,195.7,2.2,27.97
-27.01011111,26.69808333,18-06-2014,180.0,91.9,29.699999
-24.183889,30.823889,18-06-2014,139.7,236.5,31.4
-25.20639,27.558,18-06-2014,174.0,182.3,31.42
-24.058889,31.237222,18-06-2014,137.5,203.5,31.949999
-24.034167,31.123611,18-06-2014,137.8,218.10000000000002,31.41
-30.398056,30.601944,18-06-2014,135.7,159.4,27.039999
-26.98472222,26.63227778,18-06-2014,178.2,93.4,29.789999
-27.935,26.126667,18-06-2014,194.8,54.6,31.07
-33.31388889,19.07472222,18-06-2014,209.40001,2.2,30.599998
-30.13573889,30.67422222,19-06-2014,137.8,141.6,27.349998
-26.970278,27.211111,19-06-2014,170.40001,108.4,28.98
-27.398611,26.614722,19-06-2014,187.7,75.8,30.41
-27.671111,27.236944,19-06-2014,177.90001,80.4,29.74
-28.376944,24.303056,19-06-2014,212.7,35.2,33.579998
-27.4,26.624722,19-06-2014,187.7,75.8,30.41
-24.679167,30.8025,20-06-2014,133.7,374.20000000000005,26.49
-26.880278,26.965,20-06-2014,172.40001,104.80000000000001,29.41
-29.803611,30.516111,20-06-2014,134.8,135.9,26.66
-23.838611,31.640833,21-06-2014,141.5,185.4,33.14
-25.99136,27.84208,23-06-2014,160.1,177.9,27.859999
-26.73806,27.59194,23-06-2014,164.40001,130.0,27.939999
-26.45,28.085833,23-06-2014,159.7,154.3,27.4
-29.160278,26.573333,23-06-2014,192.5,58.2,30.519999
-29.042222,24.6,23-06-2014,219.1,31.0,33.489998
-29.033333,23.983333,23-06-2014,217.3,27.5,34.09
-27.01011111,26.69808333,24-06-2014,180.0,91.9,29.699999
-29.140556,31.391944,24-06-2014,143.3,112.30000000000001,28.529999
-34.065833,20.404167,24-06-2014,178.0,3.1,30.099998
-31.860278,18.6875,24-06-2014,222.90001,0.6000000000000001,31.269999
-24.282222,28.090278,24-06-2014,157.3,219.70000000000002,29.84
-26.03611,30.99778,24-06-2014,148.1,363.6,28.5
-25.362222,31.956667,24-06-2014,130.7,199.5,30.74
-25.14944444,31.94055556,24-06-2014,130.1,201.0,30.66
-27.169444,29.233889,24-06-2014,152.1,156.3,26.42
-26.648056,27.089444,24-06-2014,168.6,118.9,28.789999
-26.970278,27.211111,24-06-2014,170.40001,108.4,28.98
-26.880278,26.965,24-06-2014,172.40001,104.80000000000001,29.41
-26.98472222,26.63227778,24-06-2014,178.2,93.4,29.789999
-28.141944,26.417778,24-06-2014,191.90001,61.0,30.81
-28.1175,26.719444,24-06-2014,186.2,64.5,30.31
-28.116667,26.725278,24-06-2014,186.2,64.5,30.31
-29.028629,24.638389,24-06-2014,218.2,31.8,33.41
-28.69485,28.23487,24-06-2014,157.3,91.80000000000001,26.359999
-29.615556,27.065278,24-06-2014,180.8,71.2,29.189999
-33.501667,21.624167,24-06-2014,184.0,9.3,28.39
-25.45963889,28.26430556,24-06-2014,164.7,201.20000000000002,29.789999
-25.81048333,27.90955222,25-06-2014,163.7,182.20000000000002,28.859999
-23.763056,27.908611,25-06-2014,157.7,176.8,31.179998
-23.23572222,27.717,25-06-2014,164.3,124.9,32.63
-28.404444,30.013056,25-06-2014,160.8,110.60000000000001,29.119999
-29.744167,29.905833,25-06-2014,141.6,154.60000000000002,26.84
-27.3,28.586944,25-06-2014,158.0,135.4,27.24
-27.802778,28.768333,25-06-2014,153.90001,128.3,26.689999
-27.671111,27.236944,25-06-2014,177.90001,80.4,29.74
-30.160091,27.40124,25-06-2014,173.5,79.30000000000001,28.609999
-30.336111,27.359444,25-06-2014,173.6,79.7,28.64
-34.405833,19.600556,25-06-2014,158.3,3.2,25.16
-28.058889,30.373611,25-06-2014,155.7,151.8,27.98
-29.161667,23.696389,26-06-2014,221.2,23.6,34.53
-30.830556,26.921389,26-06-2014,177.6,66.4,29.33
-22.91028,29.61111,26-06-2014,142.5,187.8,30.55
-26.006389,29.253889,26-06-2014,149.3,221.3,26.609999
-25.49037,30.6986,26-06-2014,138.8,299.90000000000003,27.34
-27.5275,30.858056,26-06-2014,145.8,325.70000000000005,27.18
-27.4275,28.525833,26-06-2014,157.90001,130.9,27.119999
-27.38972222,26.46388889,26-06-2014,189.40001,74.10000000000001,30.619999
-27.398611,26.614722,26-06-2014,187.7,75.8,30.41
-27.573056,24.746389,26-06-2014,211.90001,49.900000000000006,33.27
-31.000833,26.353056,26-06-2014,180.0,50.2,29.099998
-30.679722,26.7125,26-06-2014,183.40001,61.2,30.199999
-33.897778,20.012778,26-06-2014,193.5,2.0,30.31
-28.7115,24.07288889,27-06-2014,216.3,29.200000000000003,34.07
-23.23572222,27.717,27-06-2014,164.3,124.9,32.63
-24.058889,31.237222,27-06-2014,137.5,203.5,31.949999
-27.902778,24.615556,27-06-2014,210.3,43.0,33.66
-29.658056,25.973333,27-06-2014,194.1,42.1,30.32
-30.534167,24.961944,27-06-2014,210.7,26.5,31.84
-26.45,28.085833,30-06-2014,159.7,154.3,27.4
-27.671111,27.236944,30-06-2014,177.90001,80.4,29.74
-25.57877778,29.12747222,30-06-2014,160.6,226.4,29.269999
-25.127778,27.628889,01-07-2014,173.40001,185.3,31.48
-25.20639,27.558,01-07-2014,174.0,182.3,31.42
-24.69514,27.40906,01-07-2014,178.1,182.4,32.2
-26.861111,28.884722,01-07-2014,156.1,156.20000000000002,26.789999
-26.98472222,26.63227778,01-07-2014,178.2,93.4,29.789999
-28.1175,26.719444,01-07-2014,186.2,64.5,30.31
-27.671111,27.236944,01-07-2014,177.90001,80.4,29.74
-34.031944,22.053333,01-07-2014,153.90001,20.200000000000003,26.06
-34.039722,22.133333,01-07-2014,152.40001,21.8,25.89
-28.068333,31.55,01-07-2014,154.90001,230.4,30.8
-27.495556,26.074722,01-07-2014,192.0,65.60000000000001,30.849998
-29.161667,23.696389,02-07-2014,221.2,23.6,34.53
-27.01011111,26.69808333,02-07-2014,180.0,91.9,29.699999
-29.641944,30.6875,02-07-2014,140.5,113.9,27.65
-24.39619444,27.08983333,02-07-2014,175.2,163.4,32.489998
-27.00222,28.76528,02-07-2014,156.7,149.20000000000002,27.08
-27.02314,28.59389,02-07-2014,158.2,145.3,27.3
-26.648056,27.089444,02-07-2014,168.6,118.9,28.789999
-26.880278,26.965,02-07-2014,172.40001,104.80000000000001,29.41
-27.273889,28.49,02-07-2014,158.8,133.9,27.21
-27.4275,28.525833,02-07-2014,157.90001,130.9,27.119999
-27.3,28.586944,02-07-2014,158.0,135.4,27.24
-28.44555556,32.325,27-08-2014,157.2,88.7,30.529999
-27.671111,27.236944,03-07-2014,177.90001,80.4,29.74
-34.005833,22.351111,03-07-2014,146.0,29.3,24.9
-28.308889,31.9025,03-07-2014,150.3,223.20000000000002,30.529999
-25.99136,27.84208,07-07-2014,160.1,177.9,27.859999
-28.735556,29.820556,07-07-2014,159.40001,110.5,29.41
-26.73806,27.59194,07-07-2014,164.40001,130.0,27.939999
-26.45,28.085833,07-07-2014,159.7,154.3,27.4
-26.98472222,26.63227778,07-07-2014,178.2,93.4,29.789999
-28.1175,26.719444,07-07-2014,186.2,64.5,30.31
-28.116667,26.725278,07-07-2014,186.2,64.5,30.31
-27.169444,29.233889,08-07-2014,152.1,156.3,26.42
-26.861111,28.884722,08-07-2014,156.1,156.20000000000002,26.789999
-31.436944,20.474722,08-07-2014,236.8,1.2000000000000002,31.529999
-31.394444,20.947222,08-07-2014,240.3,2.0,32.16
-34.092222,21.295278,08-07-2014,168.8,11.5,28.039999
-25.45963889,28.26430556,08-07-2014,164.7,201.20000000000002,29.789999
-29.161667,23.696389,09-07-2014,236.0,23.3,36.17
-25.81048333,27.90955222,09-07-2014,171.0,57.0,30.13
-25.362222,31.956667,09-07-2014,143.40001,58.900000000000006,31.65
-26.905,32.324722,09-07-2014,161.2,74.0,33.88
-27.602222,29.942778,09-07-2014,162.3,57.2,29.279999
-26.98472222,26.63227778,09-07-2014,184.7,47.6,31.34
-27.935,26.126667,09-07-2014,197.0,37.5,32.11
-28.141944,26.417778,09-07-2014,196.0,37.300000000000004,32.079998
-29.033333,23.983333,09-07-2014,229.8,26.700000000000003,35.67
-30.568333,29.422778,09-07-2014,153.40001,35.2,27.38
-30.570833,29.150556,09-07-2014,154.1,37.5,27.17
-31.104278,29.399722,09-07-2014,154.5,27.400000000000002,28.49
-27.4,26.624722,09-07-2014,193.1,41.800000000000004,31.89
-27.01011111,26.69808333,10-07-2014,185.5,46.1,31.179998
-25.436111,31.982222,10-07-2014,145.0,60.300000000000004,32.03
-27.363611,31.783333,10-07-2014,156.90001,64.10000000000001,32.05
-26.648056,27.089444,10-07-2014,174.8,48.1,29.929998
-26.970278,27.211111,10-07-2014,176.1,45.800000000000004,30.15
-26.880278,26.965,10-07-2014,177.5,46.800000000000004,30.529999
-31.031389,28.883333,10-07-2014,154.40001,31.700000000000003,28.349998
-30.86013889,29.07125,10-07-2014,158.0,30.5,28.81
-30.77586667,29.03221667,10-07-2014,158.7,32.0,28.74
-31.396,29.2651,11-07-2014,155.2,27.200000000000003,28.92
-29.7775,29.470833,14-07-2014,150.40001,60.800000000000004,26.359999
-29.744167,29.905833,14-07-2014,157.2,45.800000000000004,28.699999
-26.45,28.085833,14-07-2014,164.5,50.6,28.849998
-27.671111,27.236944,14-07-2014,183.40001,40.6,30.98
-29.160278,26.573333,14-07-2014,200.8,33.9,32.719997
-33.818056,19.694722,14-07-2014,212.5,14.700000000000001,31.57
-32.502778,19.535833,14-07-2014,232.90001,2.5,34.37
-25.57877778,29.12747222,14-07-2014,166.40001,55.400000000000006,30.289999
-25.127778,27.628889,15-07-2014,184.3,47.2,32.53
-24.39619444,27.08983333,15-07-2014,187.90001,44.0,33.04
-24.69514,27.40906,15-07-2014,187.0,48.1,32.64
-26.006389,29.253889,15-07-2014,153.7,60.900000000000006,27.789999
-30.733889,29.828333,15-07-2014,151.0,31.5,28.15
-29.987778,29.851667,15-07-2014,152.90001,43.400000000000006,27.769999
-29.380556,30.2775,15-07-2014,149.7,49.400000000000006,27.449999
-26.861111,28.884722,15-07-2014,158.3,50.7,28.16
-26.98472222,26.63227778,15-07-2014,184.7,47.6,31.34
-28.768056,20.720556,15-07-2014,254.1,11.3,36.969997
-34.075556,20.145556,15-07-2014,199.2,15.200000000000001,31.279999
-31.5653,18.3306,15-07-2014,219.2,1.2000000000000002,31.42
-32.94583,18.33667,15-07-2014,204.3,5.5,29.9
-27.495556,26.074722,15-07-2014,199.90001,40.400000000000006,32.21
-29.161667,23.696389,16-07-2014,236.0,23.3,36.17
-27.01011111,26.69808333,16-07-2014,185.5,46.1,31.179998
-25.20639,27.558,16-07-2014,182.8,47.6,32.28
-26.03611,30.99778,16-07-2014,157.1,87.5,29.3
-30.398056,30.601944,16-07-2014,157.7,32.800000000000004,29.16
-26.648056,27.089444,16-07-2014,174.8,48.1,29.929998
-26.970278,27.211111,16-07-2014,176.1,45.800000000000004,30.15
-26.880278,26.965,16-07-2014,177.5,46.800000000000004,30.529999
-27.044444,27.005,16-07-2014,179.90001,45.5,30.64
-33.13083,18.86278,16-07-2014,209.40001,8.700000000000001,32.739998
-28.1175,26.719444,17-07-2014,191.5,38.0,31.88
-28.116667,26.725278,17-07-2014,191.5,38.0,31.88
-28.376944,24.303056,17-07-2014,225.6,35.7,35.7
-24.95861111,29.39527778,18-07-2014,174.2,43.5,32.38
-29.744167,29.905833,18-07-2014,157.2,45.800000000000004,28.699999
-27.902778,24.615556,18-07-2014,223.7,39.0,35.41
-29.803611,30.516111,18-07-2014,151.7,45.2,28.59
-29.140556,31.391944,21-07-2014,158.3,113.7,30.42
-25.99136,27.84208,21-07-2014,168.0,58.7,29.21
-25.513889,31.224444,21-07-2014,149.3,67.5,29.66
-29.160278,26.573333,21-07-2014,200.8,33.9,32.719997
-29.042222,24.6,21-07-2014,226.5,29.8,35.29
-29.033333,23.983333,21-07-2014,229.8,26.700000000000003,35.67
-25.398889,31.610556,22-07-2014,147.0,55.0,31.24
-28.801278,31.955389,22-07-2014,161.1,71.3,30.96
-27.935,26.126667,22-07-2014,197.0,37.5,32.11
-28.1175,26.719444,22-07-2014,191.5,38.0,31.88
-28.116667,26.725278,22-07-2014,191.5,38.0,31.88
-29.028629,24.638389,22-07-2014,225.2,30.8,35.2
-28.69485,28.23487,22-07-2014,163.3,49.2,28.25
-29.615556,27.065278,22-07-2014,188.8,36.9,31.38
-28.883333,27.89,22-07-2014,168.90001,47.400000000000006,29.38
-25.45963889,28.26430556,22-07-2014,172.3,51.6,30.96
-25.81048333,27.90955222,23-07-2014,171.0,57.0,30.13
-24.282222,28.090278,23-07-2014,171.90001,55.6,30.609999
-28.747778,31.745833,23-07-2014,161.6,73.10000000000001,31.31
-28.404444,30.013056,23-07-2014,165.0,50.5,30.439999
-30.160091,27.40124,23-07-2014,182.6,36.6,30.88
-30.336111,27.359444,23-07-2014,183.3,35.9,30.83
-33.501667,21.624167,23-07-2014,197.90001,12.8,30.66
-28.058889,30.373611,23-07-2014,159.1,58.7,28.82
-22.935,28.004167,24-07-2014,185.5,27.400000000000002,33.03
-30.830556,26.921389,24-07-2014,189.40001,28.5,31.5
-24.99328,30.81444,24-07-2014,135.40001,78.30000000000001,25.029999
-27.937778,31.209444,24-07-2014,159.7,118.7,30.039999
-27.5275,30.858056,24-07-2014,152.90001,110.80000000000001,28.359999
-31.000833,26.353056,24-07-2014,194.1,26.0,31.179998
-30.679722,26.7125,24-07-2014,194.3,28.0,32.66
-30.534167,24.961944,24-07-2014,220.90001,22.5,33.93
-29.744167,29.905833,25-07-2014,157.2,45.800000000000004,28.699999
-29.658056,25.973333,25-07-2014,204.0,27.1,32.77
-33.38056,19.30167,28-07-2014,206.90001,12.9,29.96
-30.534167,24.961944,16-08-2011,217.8,35.9,34.329998
-27.01011111,26.69808333,29-07-2014,185.5,46.1,31.179998
-30.534167,24.961944,08-09-2011,217.8,35.9,34.329998
-30.534167,24.961944,28-09-2011,217.8,35.9,34.329998
-30.534167,24.961944,07-10-2011,217.8,35.9,34.329998
-30.534167,24.961944,04-11-2011,217.8,35.9,34.329998
-30.534167,24.961944,02-12-2011,217.8,35.9,34.329998
-30.534167,24.961944,23-12-2011,217.8,35.9,34.329998
-30.534167,24.961944,03-02-2012,187.90001,58.0,30.57
-30.534167,24.961944,02-03-2012,187.90001,58.0,30.57
-30.534167,24.961944,30-03-2012,187.90001,58.0,30.57
-30.534167,24.961944,25-05-2012,187.90001,58.0,30.57
-34.065833,20.404167,29-07-2014,197.5,13.600000000000001,32.05
-22.91028,29.61111,29-07-2014,165.3,38.6,31.199999
-30.534167,24.961944,20-07-2012,234.6,22.0,33.63
-30.534167,24.961944,14-09-2012,234.6,22.0,33.63
-30.534167,24.961944,12-10-2012,234.6,22.0,33.63
-30.534167,24.961944,09-11-2012,234.6,22.0,33.63
-30.534167,24.961944,06-12-2012,234.6,22.0,33.63
-25.127778,27.628889,29-07-2014,184.3,47.2,32.53
-30.534167,24.961944,08-02-2013,201.6,57.300000000000004,30.57
-25.20639,27.558,29-07-2014,182.8,47.6,32.28
-24.69514,27.40906,29-07-2014,187.0,48.1,32.64
-28.75,30.442778,29-07-2014,168.6,43.400000000000006,31.91
-26.880278,26.965,29-07-2014,177.5,46.800000000000004,30.529999
-30.534167,24.961944,22-05-2014,210.7,26.5,31.84
-26.98472222,26.63227778,29-07-2014,184.7,47.6,31.34
-28.141944,26.417778,29-07-2014,196.0,37.300000000000004,32.079998
-28.1175,26.719444,29-07-2014,191.5,38.0,31.88
-29.651389,22.746389,29-07-2014,239.8,14.600000000000001,36.14
-30.534167,24.961944,16-10-2014,220.90001,22.5,33.93
-30.534167,24.961944,06-11-2014,220.90001,22.5,33.93
-30.534167,24.961944,04-12-2014,220.90001,22.5,33.93
-30.534167,24.961944,08-01-2015,87.6,30.3,17.42
-33.31388889,19.07472222,29-07-2014,216.6,10.700000000000001,32.23
-28.338333,31.373611,29-07-2014,157.40001,117.2,30.349998
-28.068333,31.55,29-07-2014,164.40001,103.9,32.21
-27.495556,26.074722,29-07-2014,199.90001,40.400000000000006,32.21
-29.161667,23.696389,30-07-2014,236.0,23.3,36.17
-22.225556,29.990556,30-07-2014,179.5,25.5,34.27
-30.534167,24.961944,22-10-2015,229.2,3.0,34.48
-31.860278,18.6875,30-07-2014,229.40001,1.8,32.899998
-24.39619444,27.08983333,30-07-2014,187.90001,44.0,33.04
-23.281,30.54305556,30-07-2014,160.7,55.2,31.84
-28.44555556,32.325,22-10-2014,157.2,88.7,30.529999
-29.161667,30.629722,30-07-2014,148.40001,50.7,27.5
-31.436944,20.474722,24-04-2014,236.8,1.2000000000000002,31.529999
-26.861111,28.884722,30-07-2014,158.3,50.7,28.16
-26.73806,27.59194,30-07-2014,168.90001,48.900000000000006,29.3
-26.45,28.085833,30-07-2014,164.5,50.6,28.849998
-27.38972222,26.46388889,30-07-2014,195.40001,41.6,32.04
-27.398611,26.614722,30-07-2014,193.1,41.800000000000004,31.89
-27.671111,27.236944,30-07-2014,183.40001,40.6,30.98
-28.768056,20.720556,30-07-2014,254.1,11.3,36.969997
-33.08883333,19.21878333,30-07-2014,205.3,9.3,29.49
-29.641944,30.6875,31-07-2014,155.40001,48.5,29.63
-22.769722,30.886944,31-07-2014,165.8,45.400000000000006,32.45
-27.169444,29.233889,31-07-2014,156.2,50.2,27.8
-27.00222,28.76528,31-07-2014,159.6,49.0,28.49
-28.376944,24.303056,31-07-2014,225.6,35.7,35.7
-34.405833,19.600556,31-07-2014,173.0,23.6,27.0
-34.329722,18.990278,31-07-2014,168.3,27.3,25.789999
-27.356667,27.286389,31-07-2014,180.5,42.5,30.449999
-28.308889,31.9025,31-07-2014,161.7,84.10000000000001,32.04
-33.897778,20.012778,31-07-2014,201.3,13.600000000000001,31.849998
-29.744167,29.905833,01-08-2014,157.2,45.800000000000004,28.699999
-26.648056,27.089444,01-08-2014,174.8,48.1,29.929998
-27.671111,27.236944,01-08-2014,183.40001,40.6,30.98
-27.902778,24.615556,01-08-2014,223.7,39.0,35.41
-25.99136,27.84208,04-08-2014,168.0,58.7,29.21
-28.735556,29.820556,04-08-2014,164.8,51.1,30.92
-26.45,28.085833,04-08-2014,164.5,50.6,28.849998
-29.160278,26.573333,04-08-2014,200.8,33.9,32.719997
-24.058889,31.237222,05-08-2014,157.6,45.0,32.63
-26.861111,28.884722,05-08-2014,158.3,50.7,28.16
-34.031944,22.053333,05-08-2014,168.5,19.700000000000003,28.019999
-34.039722,22.133333,05-08-2014,166.90001,20.3,27.83
-25.45963889,28.26430556,05-08-2014,172.3,51.6,30.96
-29.161667,23.696389,06-08-2014,236.0,23.3,36.17
-25.81048333,27.90955222,06-08-2014,171.0,57.0,30.13
-25.73411,27.21422,06-08-2014,172.5,58.5,30.179998
-27.363611,31.783333,06-08-2014,156.90001,64.10000000000001,32.05
-26.905,32.324722,06-08-2014,161.2,74.0,33.88
-27.602222,29.942778,06-08-2014,162.3,57.2,29.279999
-27.4275,28.525833,06-08-2014,162.0,47.7,28.779999
-27.3,28.586944,06-08-2014,162.1,48.300000000000004,28.769999
-27.935,26.126667,06-08-2014,197.0,37.5,32.11
-34.005833,22.351111,06-08-2014,160.40001,24.3,26.66
-27.00222,28.76528,07-08-2014,159.6,49.0,28.49
-27.02314,28.59389,07-08-2014,161.8,48.6,28.84
-31.394444,20.947222,07-08-2014,240.0,3.5,34.11
-23.658056,31.05,08-08-2014,160.1,37.800000000000004,32.88
-28.96362,19.15486,09-08-2014,248.3,4.6000000000000005,37.71
-24.679167,30.8025,11-08-2014,144.8,80.7,26.789999
-29.7775,29.470833,11-08-2014,150.40001,60.800000000000004,26.359999
-29.987778,29.851667,11-08-2014,152.90001,43.400000000000006,27.769999
-29.744167,29.905833,11-08-2014,157.2,45.800000000000004,28.699999
-29.380556,30.2775,11-08-2014,149.7,49.400000000000006,27.449999
-26.970278,27.211111,11-08-2014,176.1,45.800000000000004,30.15
-26.45,28.085833,11-08-2014,164.5,50.6,28.849998
-26.98472222,26.63227778,11-08-2014,184.7,47.6,31.34
-27.671111,27.236944,11-08-2014,183.40001,40.6,30.98
-31.396,29.2651,11-08-2014,155.2,27.200000000000003,28.92
-31.554722,29.245556,11-08-2014,146.7,29.700000000000003,27.599998
-24.183889,30.823889,12-08-2014,159.90001,46.800000000000004,32.469997
-25.127778,27.628889,12-08-2014,184.3,47.2,32.53
-24.39619444,27.08983333,12-08-2014,187.90001,44.0,33.04
-24.69514,27.40906,12-08-2014,187.0,48.1,32.64
-25.73411,27.21422,12-08-2014,172.5,58.5,30.179998
-26.03611,30.99778,12-08-2014,157.1,87.5,29.3
-30.733889,29.828333,12-08-2014,151.0,31.5,28.15
-26.861111,28.884722,12-08-2014,158.3,50.7,28.16
-27.00222,28.76528,12-08-2014,159.6,49.0,28.49
-26.98472222,26.63227778,12-08-2014,184.7,47.6,31.34
-27.398611,26.614722,12-08-2014,193.1,41.800000000000004,31.89
-30.570833,29.150556,12-08-2014,154.1,37.5,27.17
-31.104278,29.399722,12-08-2014,154.5,27.400000000000002,28.49
-27.495556,26.074722,12-08-2014,199.90001,40.400000000000006,32.21
-27.4,26.624722,12-08-2014,193.1,41.800000000000004,31.89
-29.161667,23.696389,13-08-2014,236.0,23.3,36.17
-27.01011111,26.69808333,13-08-2014,185.5,46.1,31.179998
-22.935,28.004167,13-08-2014,185.5,27.400000000000002,33.03
-24.670833,28.560833,13-08-2014,172.2,45.7,30.71
-25.20639,27.558,13-08-2014,182.8,47.6,32.28
-24.058889,31.237222,13-08-2014,157.6,45.0,32.63
-30.398056,30.601944,13-08-2014,157.7,32.800000000000004,29.16
-26.648056,27.089444,13-08-2014,174.8,48.1,29.929998
-26.880278,26.965,13-08-2014,177.5,46.800000000000004,30.529999
-31.031389,28.883333,13-08-2014,154.40001,31.700000000000003,28.349998
-30.86013889,29.07125,13-08-2014,158.0,30.5,28.81
-30.77586667,29.03221667,13-08-2014,158.7,32.0,28.74
-24.282222,28.090278,14-08-2014,171.90001,55.6,30.609999
-22.91028,29.61111,14-08-2014,165.3,38.6,31.199999
-25.49037,30.6986,14-08-2014,149.8,67.0,28.58
-30.13573889,30.67422222,14-08-2014,157.90001,38.400000000000006,29.38
-28.376944,24.303056,14-08-2014,225.6,35.7,35.7
-25.447222,30.711667,14-08-2014,152.5,65.10000000000001,29.14
-29.744167,29.905833,15-08-2014,157.2,45.800000000000004,28.699999
-27.902778,24.615556,15-08-2014,223.7,39.0,35.41
-29.803611,30.516111,15-08-2014,151.7,45.2,28.59
-28.96362,19.15486,16-08-2014,248.3,4.6000000000000005,37.71
-25.99136,27.84208,18-08-2014,168.0,58.7,29.21
-26.73806,27.59194,18-08-2014,168.90001,48.900000000000006,29.3
-26.45,28.085833,18-08-2014,164.5,50.6,28.849998
-28.1175,26.719444,18-08-2014,191.5,38.0,31.88
-27.671111,27.236944,18-08-2014,183.40001,40.6,30.98
-29.160278,26.573333,18-08-2014,200.8,33.9,32.719997
-29.140556,31.391944,19-08-2014,158.3,113.7,30.42
-26.006389,29.253889,19-08-2014,153.7,60.900000000000006,27.789999
-28.801278,31.955389,19-08-2014,161.1,71.3,30.96
-27.169444,29.233889,19-08-2014,156.2,50.2,27.8
-26.861111,28.884722,19-08-2014,158.3,50.7,28.16
-27.00222,28.76528,19-08-2014,159.6,49.0,28.49
-26.98472222,26.63227778,19-08-2014,184.7,47.6,31.34
-27.935,26.126667,19-08-2014,197.0,37.5,32.11
-27.398611,26.614722,19-08-2014,193.1,41.800000000000004,31.89
-28.69485,28.23487,19-08-2014,163.3,49.2,28.25
-28.883333,27.89,19-08-2014,168.90001,47.400000000000006,29.38
-25.45963889,28.26430556,19-08-2014,172.3,51.6,30.96
-27.495556,26.074722,19-08-2014,199.90001,40.400000000000006,32.21
-27.4,26.624722,19-08-2014,193.1,41.800000000000004,31.89
-29.161667,23.696389,20-08-2014,236.0,23.3,36.17
-27.01011111,26.69808333,20-08-2014,185.5,46.1,31.179998
-25.81048333,27.90955222,20-08-2014,171.0,57.0,30.13
-28.747778,31.745833,20-08-2014,161.6,73.10000000000001,31.31
-28.404444,30.013056,20-08-2014,165.0,50.5,30.439999
-26.648056,27.089444,20-08-2014,174.8,48.1,29.929998
-26.970278,27.211111,20-08-2014,176.1,45.800000000000004,30.15
-26.880278,26.965,20-08-2014,177.5,46.800000000000004,30.529999
-28.1175,26.719444,20-08-2014,191.5,38.0,31.88
-30.160091,27.40124,20-08-2014,182.6,36.6,30.88
-30.336111,27.359444,20-08-2014,183.3,35.9,30.83
-29.615556,27.065278,20-08-2014,188.8,36.9,31.38
-28.058889,30.373611,20-08-2014,159.1,58.7,28.82
-30.830556,26.921389,21-08-2014,189.40001,28.5,31.5
-27.937778,31.209444,21-08-2014,159.7,118.7,30.039999
-27.5275,30.858056,21-08-2014,152.90001,110.80000000000001,28.359999
-28.116667,26.725278,21-08-2014,191.5,38.0,31.88
-31.000833,26.353056,21-08-2014,194.1,26.0,31.179998
-30.679722,26.7125,21-08-2014,194.3,28.0,32.66
-28.883333,27.89,21-08-2014,168.90001,47.400000000000006,29.38
-30.534167,24.961944,21-08-2014,220.90001,22.5,33.93
-31.394444,20.947222,21-08-2014,240.0,3.5,34.11
-24.925278,29.324444,22-08-2014,173.0,40.300000000000004,32.04
-29.658056,25.973333,22-08-2014,204.0,27.1,32.77
-26.45,28.085833,25-08-2014,164.5,50.6,28.849998
-29.042222,24.6,25-08-2014,226.5,29.8,35.29
-29.028629,24.638389,25-08-2014,225.2,30.8,35.2
-33.818056,19.694722,25-08-2014,212.5,14.700000000000001,31.57
-32.502778,19.535833,25-08-2014,232.90001,2.5,34.37
-27.01011111,26.69808333,26-08-2014,185.5,46.1,31.179998
-25.127778,27.628889,26-08-2014,184.3,47.2,32.53
-25.20639,27.558,26-08-2014,182.8,47.6,32.28
-24.69514,27.40906,26-08-2014,187.0,48.1,32.64
-23.281,30.54305556,26-08-2014,160.7,55.2,31.84
-26.861111,28.884722,26-08-2014,158.3,50.7,28.16
-26.648056,27.089444,26-08-2014,174.8,48.1,29.929998
-26.970278,27.211111,26-08-2014,176.1,45.800000000000004,30.15
-26.880278,26.965,26-08-2014,177.5,46.800000000000004,30.529999
-26.98472222,26.63227778,26-08-2014,184.7,47.6,31.34
-28.141944,26.417778,26-08-2014,196.0,37.300000000000004,32.079998
-28.1175,26.719444,26-08-2014,191.5,38.0,31.88
-33.501667,21.624167,26-08-2014,197.90001,12.8,30.66
-34.075556,20.145556,26-08-2014,199.2,15.200000000000001,31.279999
-31.5653,18.3306,26-08-2014,219.2,1.2000000000000002,31.42
-32.94583,18.33667,26-08-2014,204.3,5.5,29.9
-28.338333,31.373611,26-08-2014,157.40001,117.2,30.349998
-28.068333,31.55,26-08-2014,164.40001,103.9,32.21
-24.39619444,27.08983333,27-08-2014,187.90001,44.0,33.04
-22.769722,30.886944,27-08-2014,165.8,45.400000000000006,32.45
-28.44555556,32.325,19-11-2014,157.2,88.7,30.529999
-29.161667,30.629722,27-08-2014,148.40001,50.7,27.5
-27.00222,28.76528,27-08-2014,159.6,49.0,28.49
-27.02314,28.59389,27-08-2014,161.8,48.6,28.84
-27.4275,28.525833,27-08-2014,162.0,47.7,28.779999
-27.3,28.586944,27-08-2014,162.1,48.300000000000004,28.769999
-27.398611,26.614722,27-08-2014,193.1,41.800000000000004,31.89
-33.13083,18.86278,27-08-2014,209.40001,8.700000000000001,32.739998
-33.7075,18.97444444,27-08-2014,212.0,16.2,31.46
-28.308889,31.9025,27-08-2014,161.7,84.10000000000001,32.04
-26.619444,27.980833,28-08-2014,167.2,48.5,29.26
-26.510278,28.351389,28-08-2014,162.8,49.800000000000004,28.74
-27.671111,27.236944,28-08-2014,183.40001,40.6,30.98
-27.573056,24.746389,28-08-2014,215.40001,42.900000000000006,34.78
-28.376944,24.303056,28-08-2014,225.6,35.7,35.7
-28.75,30.442778,29-08-2014,168.6,43.400000000000006,31.91
-29.744167,29.905833,29-08-2014,157.2,45.800000000000004,28.699999
-27.902778,24.615556,29-08-2014,223.7,39.0,35.41
-25.99136,27.84208,01-09-2014,168.0,58.7,29.21
-26.73806,27.59194,01-09-2014,168.90001,48.900000000000006,29.3
-26.45,28.085833,01-09-2014,164.5,50.6,28.849998
-28.141944,26.417778,01-09-2014,196.0,37.300000000000004,32.079998
-28.116667,26.725278,01-09-2014,191.5,38.0,31.88
-33.38056,19.30167,01-09-2014,206.90001,12.9,29.96
-34.065833,20.404167,02-09-2014,197.5,13.600000000000001,32.05
-31.860278,18.6875,02-09-2014,229.40001,1.8,32.899998
-27.169444,29.233889,02-09-2014,156.2,50.2,27.8
-26.861111,28.884722,02-09-2014,158.3,50.7,28.16
-27.00222,28.76528,02-09-2014,159.6,49.0,28.49
-26.880278,26.965,02-09-2014,177.5,46.800000000000004,30.529999
-27.935,26.126667,02-09-2014,197.0,37.5,32.11
-27.671111,27.236944,02-09-2014,183.40001,40.6,30.98
-34.031944,22.053333,02-09-2014,168.5,19.700000000000003,28.019999
-34.039722,22.133333,02-09-2014,166.90001,20.3,27.83
-25.45963889,28.26430556,02-09-2014,172.3,51.6,30.96
-25.57877778,29.12747222,02-09-2014,166.40001,55.400000000000006,30.289999
-29.161667,23.696389,03-09-2014,236.0,23.3,36.17
-25.81048333,27.90955222,03-09-2014,171.0,57.0,30.13
-23.658056,31.05,03-09-2014,160.1,37.800000000000004,32.88
-26.006389,29.253889,03-09-2014,153.7,60.900000000000006,27.789999
-27.602222,29.942778,03-09-2014,162.3,57.2,29.279999
-27.802778,28.768333,03-09-2014,158.6,48.2,28.349998
-29.160278,26.573333,03-09-2014,200.8,33.9,32.719997
-31.436944,20.474722,03-09-2014,233.7,2.6,33.68
-34.405833,19.600556,03-09-2014,173.0,23.6,27.0
-27.363611,31.783333,04-09-2014,156.90001,64.10000000000001,32.05
-26.970278,27.211111,04-09-2014,176.1,45.800000000000004,30.15
-27.671111,27.236944,04-09-2014,183.40001,40.6,30.98
-34.329722,18.990278,04-09-2014,168.3,27.3,25.789999
-33.897778,20.012778,04-09-2014,201.3,13.600000000000001,31.849998
-27.01011111,26.69808333,05-09-2014,185.5,46.1,31.179998
-26.905,32.324722,05-09-2014,161.2,74.0,33.88
-28.735556,29.820556,05-09-2014,164.8,51.1,30.92
-29.744167,29.905833,05-09-2014,157.2,45.800000000000004,28.699999
-26.98472222,26.63227778,05-09-2014,184.7,47.6,31.34
-34.005833,22.351111,05-09-2014,160.40001,24.3,26.66
-27.495556,26.074722,05-09-2014,199.90001,40.400000000000006,32.21
-28.96362,19.15486,06-09-2014,248.3,4.6000000000000005,37.71
-28.338333,31.373611,06-09-2014,157.40001,117.2,30.349998
-29.7775,29.470833,08-09-2014,150.40001,60.800000000000004,26.359999
-29.987778,29.851667,08-09-2014,152.90001,43.400000000000006,27.769999
-29.744167,29.905833,08-09-2014,157.2,45.800000000000004,28.699999
-26.98472222,26.63227778,08-09-2014,184.7,47.6,31.34
-27.671111,27.236944,08-09-2014,183.40001,40.6,30.98
-29.160278,26.573333,08-09-2014,200.8,33.9,32.719997
-33.31388889,19.07472222,08-09-2014,216.6,10.700000000000001,32.23
-25.127778,27.628889,09-09-2014,184.3,47.2,32.53
-25.20639,27.558,09-09-2014,182.8,47.6,32.28
-24.39619444,27.08983333,09-09-2014,187.90001,44.0,33.04
-24.69514,27.40906,09-09-2014,187.0,48.1,32.64
-30.733889,29.828333,09-09-2014,151.0,31.5,28.15
-29.380556,30.2775,09-09-2014,149.7,49.400000000000006,27.449999
-28.141944,26.417778,09-09-2014,196.0,37.300000000000004,32.079998
-28.1175,26.719444,09-09-2014,191.5,38.0,31.88
-27.398611,26.614722,09-09-2014,193.1,41.800000000000004,31.89
-28.69485,28.23487,09-09-2014,163.3,49.2,28.25
-29.615556,27.065278,09-09-2014,188.8,36.9,31.38
-28.883333,27.89,09-09-2014,168.90001,47.400000000000006,29.38
-31.554722,29.245556,09-09-2014,146.7,29.700000000000003,27.599998
-27.4,26.624722,09-09-2014,193.1,41.800000000000004,31.89
-29.161667,23.696389,10-09-2014,236.0,23.3,36.17
-27.01011111,26.69808333,10-09-2014,185.5,46.1,31.179998
-26.648056,27.089444,10-09-2014,174.8,48.1,29.929998
-26.970278,27.211111,10-09-2014,176.1,45.800000000000004,30.15
-26.880278,26.965,10-09-2014,177.5,46.800000000000004,30.529999
-26.98472222,26.63227778,10-09-2014,184.7,47.6,31.34
-27.671111,27.236944,10-09-2014,183.40001,40.6,30.98
-30.160091,27.40124,10-09-2014,182.6,36.6,30.88
-30.336111,27.359444,10-09-2014,183.3,35.9,30.83
-28.460833,21.248889,10-09-2014,241.2,16.2,36.899998
-30.568333,29.422778,10-09-2014,153.40001,35.2,27.38
-30.570833,29.150556,10-09-2014,154.1,37.5,27.17
-30.830556,26.921389,11-09-2014,189.40001,28.5,31.5
-30.13573889,30.67422222,11-09-2014,157.90001,38.400000000000006,29.38
-27.38972222,26.46388889,11-09-2014,195.40001,41.6,32.04
-27.398611,26.614722,11-09-2014,193.1,41.800000000000004,31.89
-28.376944,24.303056,11-09-2014,225.6,35.7,35.7
-31.000833,26.353056,11-09-2014,194.1,26.0,31.179998
-30.679722,26.7125,11-09-2014,194.3,28.0,32.66
-30.534167,24.961944,11-09-2014,220.90001,22.5,33.93
-30.77586667,29.03221667,11-09-2014,158.7,32.0,28.74
-27.902778,24.615556,12-09-2014,223.7,39.0,35.41
-29.803611,30.516111,12-09-2014,151.7,45.2,28.59
-24.679167,30.8025,15-09-2014,144.8,80.7,26.789999
-25.99136,27.84208,15-09-2014,168.0,58.7,29.21
-25.513889,31.224444,15-09-2014,149.3,67.5,29.66
-26.73806,27.59194,15-09-2014,168.90001,48.900000000000006,29.3
-26.45,28.085833,15-09-2014,164.5,50.6,28.849998
-29.042222,24.6,15-09-2014,226.5,29.8,35.29
-29.028629,24.638389,15-09-2014,225.2,30.8,35.2
-22.225556,29.990556,16-09-2014,179.5,25.5,34.27
-25.436111,31.982222,16-09-2014,145.0,60.300000000000004,32.03
-29.140556,31.391944,16-09-2014,158.3,113.7,30.42
-24.183889,30.823889,16-09-2014,159.90001,46.800000000000004,32.469997
-25.73411,27.21422,16-09-2014,172.5,58.5,30.179998
-23.838611,31.640833,16-09-2014,161.3,39.1,33.94
-24.058889,31.237222,16-09-2014,157.6,45.0,32.63
-26.03611,30.99778,16-09-2014,157.1,87.5,29.3
-25.681111,31.783333,16-09-2014,150.2,57.900000000000006,31.859999
-25.362222,31.956667,16-09-2014,143.40001,58.900000000000006,31.65
-27.169444,29.233889,16-09-2014,156.2,50.2,27.8
-26.861111,28.884722,16-09-2014,158.3,50.7,28.16
-27.802778,28.768333,16-09-2014,158.6,48.2,28.349998
-33.501667,21.624167,16-09-2014,197.90001,12.8,30.66
-25.45963889,28.26430556,16-09-2014,172.3,51.6,30.96
-25.81048333,27.90955222,17-09-2014,171.0,57.0,30.13
-24.282222,28.090278,17-09-2014,171.90001,55.6,30.609999
-23.23572222,27.717,17-09-2014,186.90001,31.700000000000003,33.42
-24.670833,28.560833,17-09-2014,172.2,45.7,30.71
-22.91028,29.61111,17-09-2014,165.3,38.6,31.199999
-24.768889,31.39,17-09-2014,149.8,58.300000000000004,31.929998
-28.801278,31.955389,17-09-2014,161.1,71.3,30.96
-28.404444,30.013056,17-09-2014,165.0,50.5,30.439999
-27.00222,28.76528,17-09-2014,159.6,49.0,28.49
-27.02314,28.59389,17-09-2014,161.8,48.6,28.84
-27.273889,28.49,17-09-2014,162.40001,48.1,28.82
-27.4275,28.525833,17-09-2014,162.0,47.7,28.779999
-27.3,28.586944,17-09-2014,162.1,48.300000000000004,28.769999
-27.935,26.126667,17-09-2014,197.0,37.5,32.11
-28.768056,20.720556,17-09-2014,254.1,11.3,36.969997
-28.058889,30.373611,17-09-2014,159.1,58.7,28.82
-23.763056,27.908611,18-09-2014,179.0,42.7,31.98
-24.99328,30.81444,18-09-2014,135.40001,78.30000000000001,25.029999
-28.747778,31.745833,18-09-2014,161.6,73.10000000000001,31.31
-27.937778,31.209444,18-09-2014,159.7,118.7,30.039999
-27.5275,30.858056,18-09-2014,152.90001,110.80000000000001,28.359999
-26.619444,27.980833,18-09-2014,167.2,48.5,29.26
-29.744167,29.905833,19-09-2014,157.2,45.800000000000004,28.699999
-31.394444,20.947222,22-09-2014,240.0,3.5,34.11
-33.818056,19.694722,22-09-2014,212.5,14.700000000000001,31.57
-32.502778,19.535833,22-09-2014,232.90001,2.5,34.37
-27.01011111,26.69808333,23-09-2014,185.5,46.1,31.179998
-31.860278,18.6875,23-09-2014,229.40001,1.8,32.899998
-25.127778,27.628889,23-09-2014,184.3,47.2,32.53
-25.20639,27.558,23-09-2014,182.8,47.6,32.28
-24.69514,27.40906,23-09-2014,187.0,48.1,32.64
-25.73411,27.21422,23-09-2014,172.5,58.5,30.179998
-26.970278,27.211111,23-09-2014,176.1,45.800000000000004,30.15
-26.880278,26.965,23-09-2014,177.5,46.800000000000004,30.529999
-26.98472222,26.63227778,23-09-2014,184.7,47.6,31.34
-27.398611,26.614722,23-09-2014,193.1,41.800000000000004,31.89
-27.671111,27.236944,23-09-2014,183.40001,40.6,30.98
-34.075556,20.145556,23-09-2014,199.2,15.200000000000001,31.279999
-31.5653,18.3306,23-09-2014,219.2,1.2000000000000002,31.42
-28.338333,31.373611,23-09-2014,157.40001,117.2,30.349998
-27.495556,26.074722,23-09-2014,199.90001,40.400000000000006,32.21
-27.4,26.624722,23-09-2014,193.1,41.800000000000004,31.89
-29.641944,30.6875,24-09-2014,155.40001,48.5,29.63
-29.161667,30.629722,24-09-2014,148.40001,50.7,27.5
-27.00222,28.76528,24-09-2014,159.6,49.0,28.49
-26.619444,27.980833,24-09-2014,167.2,48.5,29.26
-26.45,28.085833,24-09-2014,164.5,50.6,28.849998
-33.38056,19.30167,24-09-2014,206.90001,12.9,29.96
-23.281,30.54305556,25-09-2014,160.7,55.2,31.84
-26.861111,28.884722,25-09-2014,158.3,50.7,28.16
-28.376944,24.303056,25-09-2014,225.6,35.7,35.7
-32.94583,18.33667,25-09-2014,204.3,5.5,29.9
-26.648056,27.089444,26-09-2014,174.8,48.1,29.929998
-27.573056,24.746389,26-09-2014,215.40001,42.900000000000006,34.78
-27.902778,24.615556,26-09-2014,223.7,39.0,35.41
-28.96362,19.15486,26-09-2014,248.3,4.6000000000000005,37.71
-25.99136,27.84208,29-09-2014,168.0,58.7,29.21
-27.01011111,26.69808333,30-09-2014,185.5,46.1,31.179998
-34.065833,20.404167,30-09-2014,197.5,13.600000000000001,32.05
-30.398056,30.601944,30-09-2014,157.7,32.800000000000004,29.16
-26.648056,27.089444,30-09-2014,174.8,48.1,29.929998
-26.970278,27.211111,30-09-2014,176.1,45.800000000000004,30.15
-26.880278,26.965,30-09-2014,177.5,46.800000000000004,30.529999
-26.73806,27.59194,30-09-2014,168.90001,48.900000000000006,29.3
-26.45,28.085833,30-09-2014,164.5,50.6,28.849998
-26.98472222,26.63227778,30-09-2014,184.7,47.6,31.34
-27.935,26.126667,30-09-2014,197.0,37.5,32.11
-28.141944,26.417778,30-09-2014,196.0,37.300000000000004,32.079998
-33.31388889,19.07472222,30-09-2014,216.6,10.700000000000001,32.23
-33.7075,18.97444444,30-09-2014,212.0,16.2,31.46
-25.45963889,28.26430556,30-09-2014,172.3,51.6,30.96
-25.81048333,27.90955222,01-10-2014,171.0,57.0,30.13
-27.169444,29.233889,01-10-2014,156.2,50.2,27.8
-26.861111,28.884722,01-10-2014,158.3,50.7,28.16
-34.405833,19.600556,01-10-2014,173.0,23.6,27.0
-33.13083,18.86278,01-10-2014,209.40001,8.700000000000001,32.739998
-25.73411,27.21422,02-10-2014,172.5,58.5,30.179998
-27.00222,28.76528,02-10-2014,159.6,49.0,28.49
-26.619444,27.980833,02-10-2014,167.2,48.5,29.26
-26.98472222,26.63227778,02-10-2014,184.7,47.6,31.34
-34.329722,18.990278,02-10-2014,168.3,27.3,25.789999
-33.897778,20.012778,02-10-2014,201.3,13.600000000000001,31.849998
-29.744167,29.905833,03-10-2014,157.2,45.800000000000004,28.699999
-31.031389,28.883333,03-10-2014,154.40001,31.700000000000003,28.349998
-30.86013889,29.07125,03-10-2014,158.0,30.5,28.81
-30.77586667,29.03221667,03-10-2014,158.7,32.0,28.74
-25.49037,30.6986,06-10-2014,149.8,67.0,28.58
-29.160278,26.573333,06-10-2014,200.8,33.9,32.719997
-30.568333,29.422778,06-10-2014,153.40001,35.2,27.38
-30.570833,29.150556,06-10-2014,154.1,37.5,27.17
-25.447222,30.711667,06-10-2014,152.5,65.10000000000001,29.14
-28.7115,24.07288889,07-10-2014,230.2,31.200000000000003,35.96
-25.127778,27.628889,07-10-2014,184.3,47.2,32.53
-24.69514,27.40906,07-10-2014,187.0,48.1,32.64
-22.769722,30.886944,07-10-2014,165.8,45.400000000000006,32.45
-31.396,29.2651,07-10-2014,155.2,27.200000000000003,28.92
-34.031944,22.053333,07-10-2014,168.5,19.700000000000003,28.019999
-34.039722,22.133333,07-10-2014,166.90001,20.3,27.83
-25.20639,27.558,08-10-2014,182.8,47.6,32.28
-25.73411,27.21422,08-10-2014,172.5,58.5,30.179998
-23.281,30.54305556,08-10-2014,160.7,55.2,31.84
-26.905,32.324722,08-10-2014,161.2,74.0,33.88
-29.380556,30.2775,08-10-2014,149.7,49.400000000000006,27.449999
-26.970278,27.211111,08-10-2014,176.1,45.800000000000004,30.15
-28.116667,26.725278,08-10-2014,191.5,38.0,31.88
-31.104278,29.399722,08-10-2014,154.5,27.400000000000002,28.49
-34.02861,22.22222,08-10-2014,164.3,21.0,27.23
-27.01011111,26.69808333,09-10-2014,185.5,46.1,31.179998
-25.127778,27.628889,09-10-2014,184.3,47.2,32.53
-23.658056,31.05,09-10-2014,160.1,37.800000000000004,32.88
-26.861111,28.884722,09-10-2014,158.3,50.7,28.16
-26.45,28.085833,09-10-2014,164.5,50.6,28.849998
-26.98472222,26.63227778,09-10-2014,184.7,47.6,31.34
-27.671111,27.236944,09-10-2014,183.40001,40.6,30.98
-28.376944,24.303056,09-10-2014,225.6,35.7,35.7
-31.554722,29.245556,09-10-2014,146.7,29.700000000000003,27.599998
-34.005833,22.351111,09-10-2014,160.40001,24.3,26.66
-27.495556,26.074722,09-10-2014,199.90001,40.400000000000006,32.21
-26.648056,27.089444,10-10-2014,174.8,48.1,29.929998
-26.880278,26.965,10-10-2014,177.5,46.800000000000004,30.529999
-27.573056,24.746389,10-10-2014,215.40001,42.900000000000006,34.78
-27.902778,24.615556,10-10-2014,223.7,39.0,35.41
-31.031389,28.883333,16-02-2011,138.90001,102.10000000000001,25.63
-25.99136,27.84208,13-10-2014,168.0,58.7,29.21
-26.510278,28.351389,13-10-2014,162.8,49.800000000000004,28.74
-26.73806,27.59194,13-10-2014,168.90001,48.900000000000006,29.3
-26.45,28.085833,13-10-2014,164.5,50.6,28.849998
-27.671111,27.236944,13-10-2014,183.40001,40.6,30.98
-29.160278,26.573333,13-10-2014,200.8,33.9,32.719997
-29.042222,24.6,13-10-2014,226.5,29.8,35.29
-29.028629,24.638389,13-10-2014,225.2,30.8,35.2
-27.01011111,26.69808333,14-10-2014,185.5,46.1,31.179998
-29.140556,31.391944,14-10-2014,158.3,113.7,30.42
-25.73411,27.21422,14-10-2014,172.5,58.5,30.179998
-27.169444,29.233889,14-10-2014,156.2,50.2,27.8
-26.861111,28.884722,14-10-2014,158.3,50.7,28.16
-27.802778,28.768333,14-10-2014,158.6,48.2,28.349998
-26.98472222,26.63227778,14-10-2014,184.7,47.6,31.34
-28.1175,26.719444,14-10-2014,191.5,38.0,31.88
-28.116667,26.725278,14-10-2014,191.5,38.0,31.88
-27.398611,26.614722,14-10-2014,193.1,41.800000000000004,31.89
-28.69485,28.23487,14-10-2014,163.3,49.2,28.25
-29.615556,27.065278,14-10-2014,188.8,36.9,31.38
-28.883333,27.89,14-10-2014,168.90001,47.400000000000006,29.38
-27.4,26.624722,14-10-2014,193.1,41.800000000000004,31.89
-25.81048333,27.90955222,15-10-2014,171.0,57.0,30.13
-28.747778,31.745833,15-10-2014,161.6,73.10000000000001,31.31
-28.404444,30.013056,15-10-2014,165.0,50.5,30.439999
-27.00222,28.76528,15-10-2014,159.6,49.0,28.49
-27.02314,28.59389,15-10-2014,161.8,48.6,28.84
-26.648056,27.089444,15-10-2014,174.8,48.1,29.929998
-26.970278,27.211111,15-10-2014,176.1,45.800000000000004,30.15
-26.880278,26.965,15-10-2014,177.5,46.800000000000004,30.529999
-27.273889,28.49,15-10-2014,162.40001,48.1,28.82
-27.4275,28.525833,15-10-2014,162.0,47.7,28.779999
-27.3,28.586944,15-10-2014,162.1,48.300000000000004,28.769999
-27.935,26.126667,15-10-2014,197.0,37.5,32.11
-28.141944,26.417778,15-10-2014,196.0,37.300000000000004,32.079998
-27.671111,27.236944,15-10-2014,183.40001,40.6,30.98
-30.160091,27.40124,15-10-2014,182.6,36.6,30.88
-30.336111,27.359444,15-10-2014,183.3,35.9,30.83
-28.768056,20.720556,15-10-2014,254.1,11.3,36.969997
-34.092222,21.295278,15-10-2014,183.90001,16.3,30.49
-28.058889,30.373611,15-10-2014,159.1,58.7,28.82
-30.830556,26.921389,16-10-2014,189.40001,28.5,31.5
-25.49037,30.6986,16-10-2014,149.8,67.0,28.58
-27.937778,31.209444,16-10-2014,159.7,118.7,30.039999
-27.5275,30.858056,16-10-2014,152.90001,110.80000000000001,28.359999
-29.744167,29.905833,16-10-2014,157.2,45.800000000000004,28.699999
-26.619444,27.980833,16-10-2014,167.2,48.5,29.26
-27.38972222,26.46388889,16-10-2014,195.40001,41.6,32.04
-27.398611,26.614722,16-10-2014,193.1,41.800000000000004,31.89
-31.000833,26.353056,16-10-2014,194.1,26.0,31.179998
-30.679722,26.7125,16-10-2014,194.3,28.0,32.66
-27.4,26.624722,16-10-2014,193.1,41.800000000000004,31.89
-24.99328,30.81444,20-10-2014,135.40001,78.30000000000001,25.029999
-33.818056,19.694722,20-10-2014,212.5,14.700000000000001,31.57
-32.502778,19.535833,20-10-2014,232.90001,2.5,34.37
-25.127778,27.628889,21-10-2014,184.3,47.2,32.53
-25.20639,27.558,21-10-2014,182.8,47.6,32.28
-24.69514,27.40906,21-10-2014,187.0,48.1,32.64
-26.006389,29.253889,21-10-2014,153.7,60.900000000000006,27.789999
-25.513889,31.224444,21-10-2014,149.3,67.5,29.66
-25.398889,31.610556,21-10-2014,147.0,55.0,31.24
-26.970278,27.211111,21-10-2014,176.1,45.800000000000004,30.15
-26.45,28.085833,21-10-2014,164.5,50.6,28.849998
-34.075556,20.145556,21-10-2014,199.2,15.200000000000001,31.279999
-32.595833,19.009444,21-10-2014,231.40001,3.7,34.079998
-28.338333,31.373611,21-10-2014,157.40001,117.2,30.349998
-28.068333,31.55,21-10-2014,164.40001,103.9,32.21
-27.01011111,26.69808333,22-10-2014,185.5,46.1,31.179998
-29.641944,30.6875,22-10-2014,155.40001,48.5,29.63
-24.39619444,27.08983333,22-10-2014,187.90001,44.0,33.04
-28.44555556,32.325,16-12-2014,157.2,88.7,30.529999
-26.861111,28.884722,22-10-2014,158.3,50.7,28.16
-26.648056,27.089444,22-10-2014,174.8,48.1,29.929998
-26.880278,26.965,22-10-2014,177.5,46.800000000000004,30.529999
-26.98472222,26.63227778,22-10-2014,184.7,47.6,31.34
-34.250556,20.9925,22-10-2014,188.3,16.6,30.269999
-25.57877778,29.12747222,22-10-2014,166.40001,55.400000000000006,30.289999
-25.436111,31.982222,23-10-2014,145.0,60.300000000000004,32.03
-25.681111,31.783333,23-10-2014,150.2,57.900000000000006,31.859999
-25.362222,31.956667,23-10-2014,143.40001,58.900000000000006,31.65
-28.75,30.442778,23-10-2014,168.6,43.400000000000006,31.91
-29.161667,30.629722,23-10-2014,148.40001,50.7,27.5
-27.00222,28.76528,23-10-2014,159.6,49.0,28.49
-26.619444,27.980833,23-10-2014,167.2,48.5,29.26
-27.573056,24.746389,23-10-2014,215.40001,42.900000000000006,34.78
-32.94583,18.33667,23-10-2014,204.3,5.5,29.9
-28.308889,31.9025,23-10-2014,161.7,84.10000000000001,32.04
-23.838611,31.640833,24-10-2014,161.3,39.1,33.94
-24.95861111,29.39527778,24-10-2014,174.2,43.5,32.38
-27.902778,24.615556,24-10-2014,223.7,39.0,35.41
-29.161667,23.696389,27-10-2014,236.0,23.3,36.17
-25.99136,27.84208,27-10-2014,168.0,58.7,29.21
-31.554722,29.245556,27-10-2014,146.7,29.700000000000003,27.599998
-28.7115,24.07288889,28-10-2014,230.2,31.200000000000003,35.96
-34.065833,20.404167,28-10-2014,197.5,13.600000000000001,32.05
-22.91028,29.61111,28-10-2014,165.3,38.6,31.199999
-26.970278,27.211111,28-10-2014,176.1,45.800000000000004,30.15
-26.880278,26.965,28-10-2014,177.5,46.800000000000004,30.529999
-27.802778,28.768333,28-10-2014,158.6,48.2,28.349998
-27.671111,27.236944,28-10-2014,183.40001,40.6,30.98
-29.1825,23.575556,28-10-2014,235.40001,22.1,36.07
-30.568333,29.422778,28-10-2014,153.40001,35.2,27.38
-30.570833,29.150556,28-10-2014,154.1,37.5,27.17
-31.104278,29.399722,28-10-2014,154.5,27.400000000000002,28.49
-33.501667,21.624167,28-10-2014,197.90001,12.8,30.66
-27.01011111,26.69808333,29-10-2014,185.5,46.1,31.179998
-25.81048333,27.90955222,29-10-2014,171.0,57.0,30.13
-22.935,28.004167,29-10-2014,185.5,27.400000000000002,33.03
-24.282222,28.090278,29-10-2014,171.90001,55.6,30.609999
-24.670833,28.560833,29-10-2014,172.2,45.7,30.71
-25.73411,27.21422,29-10-2014,172.5,58.5,30.179998
-26.905,32.324722,29-10-2014,161.2,74.0,33.88
-28.735556,29.820556,29-10-2014,164.8,51.1,30.92
-26.861111,28.884722,29-10-2014,158.3,50.7,28.16
-26.648056,27.089444,29-10-2014,174.8,48.1,29.929998
-27.273889,28.49,29-10-2014,162.40001,48.1,28.82
-27.3,28.586944,29-10-2014,162.1,48.300000000000004,28.769999
-26.98472222,26.63227778,29-10-2014,184.7,47.6,31.34
-28.768056,20.720556,29-10-2014,254.1,11.3,36.969997
-31.031389,28.883333,29-10-2014,154.40001,31.700000000000003,28.349998
-30.86013889,29.07125,29-10-2014,158.0,30.5,28.81
-30.77586667,29.03221667,29-10-2014,158.7,32.0,28.74
-34.405833,19.600556,29-10-2014,173.0,23.6,27.0
-33.13083,18.86278,29-10-2014,209.40001,8.700000000000001,32.739998
-33.7075,18.97444444,29-10-2014,212.0,16.2,31.46
-27.363611,31.783333,30-10-2014,156.90001,64.10000000000001,32.05
-27.602222,29.942778,30-10-2014,162.3,57.2,29.279999
-27.00222,28.76528,30-10-2014,159.6,49.0,28.49
-26.619444,27.980833,30-10-2014,167.2,48.5,29.26
-26.73806,27.59194,30-10-2014,168.90001,48.900000000000006,29.3
-34.329722,18.990278,30-10-2014,168.3,27.3,25.789999
-33.31388889,19.07472222,30-10-2014,216.6,10.700000000000001,32.23
-33.897778,20.012778,30-10-2014,201.3,13.600000000000001,31.849998
-29.744167,29.905833,31-10-2014,157.2,45.800000000000004,28.699999
-28.404444,30.013056,02-11-2014,165.0,50.5,30.439999
-29.744167,29.905833,03-11-2014,157.2,45.800000000000004,28.699999
-26.73806,27.59194,03-11-2014,168.90001,48.900000000000006,29.3
-26.45,28.085833,03-11-2014,164.5,50.6,28.849998
-27.671111,27.236944,03-11-2014,183.40001,40.6,30.98
-30.733889,29.828333,04-11-2014,151.0,31.5,28.15
-29.380556,30.2775,04-11-2014,149.7,49.400000000000006,27.449999
-27.169444,29.233889,04-11-2014,156.2,50.2,27.8
-26.861111,28.884722,04-11-2014,158.3,50.7,28.16
-26.98472222,26.63227778,04-11-2014,184.7,47.6,31.34
-28.141944,26.417778,04-11-2014,196.0,37.300000000000004,32.079998
-27.398611,26.614722,04-11-2014,193.1,41.800000000000004,31.89
-29.160278,26.573333,04-11-2014,200.8,33.9,32.719997
-28.69485,28.23487,04-11-2014,163.3,49.2,28.25
-28.883333,27.89,04-11-2014,168.90001,47.400000000000006,29.38
-34.039722,22.133333,04-11-2014,166.90001,20.3,27.83
-27.4,26.624722,04-11-2014,193.1,41.800000000000004,31.89
-27.01011111,26.69808333,05-11-2014,185.5,46.1,31.179998
-25.73411,27.21422,05-11-2014,172.5,58.5,30.179998
-30.398056,30.601944,05-11-2014,157.7,32.800000000000004,29.16
-27.00222,28.76528,05-11-2014,159.6,49.0,28.49
-27.02314,28.59389,05-11-2014,161.8,48.6,28.84
-26.648056,27.089444,05-11-2014,174.8,48.1,29.929998
-26.970278,27.211111,05-11-2014,176.1,45.800000000000004,30.15
-26.880278,26.965,05-11-2014,177.5,46.800000000000004,30.529999
-27.273889,28.49,05-11-2014,162.40001,48.1,28.82
-27.4275,28.525833,05-11-2014,162.0,47.7,28.779999
-27.3,28.586944,05-11-2014,162.1,48.300000000000004,28.769999
-28.116667,26.725278,05-11-2014,191.5,38.0,31.88
-30.160091,27.40124,05-11-2014,182.6,36.6,30.88
-30.336111,27.359444,05-11-2014,183.3,35.9,30.83
-29.615556,27.065278,05-11-2014,188.8,36.9,31.38
-34.02861,22.22222,05-11-2014,164.3,21.0,27.23
-30.830556,26.921389,06-11-2014,189.40001,28.5,31.5
-26.619444,27.980833,06-11-2014,167.2,48.5,29.26
-28.376944,24.303056,06-11-2014,225.6,35.7,35.7
-31.000833,26.353056,06-11-2014,194.1,26.0,31.179998
-30.679722,26.7125,06-11-2014,194.3,28.0,32.66
-23.838611,31.640833,07-11-2014,161.3,39.1,33.94
-27.902778,24.615556,07-11-2014,223.7,39.0,35.41
-29.658056,25.973333,07-11-2014,204.0,27.1,32.77
-25.99136,27.84208,10-11-2014,168.0,58.7,29.21
-28.1175,26.719444,10-11-2014,191.5,38.0,31.88
-27.671111,27.236944,10-11-2014,183.40001,40.6,30.98
-29.140556,31.391944,11-11-2014,158.3,113.7,30.42
-24.183889,30.823889,11-11-2014,159.90001,46.800000000000004,32.469997
-25.73411,27.21422,11-11-2014,172.5,58.5,30.179998
-28.801278,31.955389,11-11-2014,161.1,71.3,30.96
-26.73806,27.59194,11-11-2014,168.90001,48.900000000000006,29.3
-26.45,28.085833,11-11-2014,164.5,50.6,28.849998
-26.98472222,26.63227778,11-11-2014,184.7,47.6,31.34
-27.935,26.126667,11-11-2014,197.0,37.5,32.11
-28.141944,26.417778,11-11-2014,196.0,37.300000000000004,32.079998
-27.398611,26.614722,11-11-2014,193.1,41.800000000000004,31.89
-34.092222,21.295278,11-11-2014,183.90001,16.3,30.49
-25.45963889,28.26430556,11-11-2014,172.3,51.6,30.96
-27.4,26.624722,11-11-2014,193.1,41.800000000000004,31.89
-27.01011111,26.69808333,12-11-2014,185.5,46.1,31.179998
-25.81048333,27.90955222,12-11-2014,171.0,57.0,30.13
-24.670833,28.560833,12-11-2014,172.2,45.7,30.71
-22.769722,30.886944,12-11-2014,165.8,45.400000000000006,32.45
-24.058889,31.237222,12-11-2014,157.6,45.0,32.63
-28.747778,31.745833,12-11-2014,161.6,73.10000000000001,31.31
-27.937778,31.209444,12-11-2014,159.7,118.7,30.039999
-29.744167,29.905833,12-11-2014,157.2,45.800000000000004,28.699999
-27.169444,29.233889,12-11-2014,156.2,50.2,27.8
-26.861111,28.884722,12-11-2014,158.3,50.7,28.16
-26.648056,27.089444,12-11-2014,174.8,48.1,29.929998
-26.970278,27.211111,12-11-2014,176.1,45.800000000000004,30.15
-26.880278,26.965,12-11-2014,177.5,46.800000000000004,30.529999
-27.802778,28.768333,12-11-2014,158.6,48.2,28.349998
-25.127778,27.628889,13-11-2014,184.3,47.2,32.53
-25.20639,27.558,13-11-2014,182.8,47.6,32.28
-23.658056,31.05,13-11-2014,160.1,37.800000000000004,32.88
-23.281,30.54305556,13-11-2014,160.7,55.2,31.84
-27.5275,30.858056,13-11-2014,152.90001,110.80000000000001,28.359999
-27.00222,28.76528,13-11-2014,159.6,49.0,28.49
-27.273889,28.49,13-11-2014,162.40001,48.1,28.82
-27.4275,28.525833,13-11-2014,162.0,47.7,28.779999
-27.3,28.586944,13-11-2014,162.1,48.300000000000004,28.769999
-24.679167,30.8025,14-11-2014,144.8,80.7,26.789999
-26.98472222,26.63227778,14-11-2014,184.7,47.6,31.34
-25.49037,30.6986,17-11-2014,149.8,67.0,28.58
-27.671111,27.236944,17-11-2014,183.40001,40.6,30.98
-29.042222,24.6,17-11-2014,226.5,29.8,35.29
-29.033333,23.983333,17-11-2014,229.8,26.700000000000003,35.67
-25.447222,30.711667,17-11-2014,152.5,65.10000000000001,29.14
-25.127778,27.628889,18-11-2014,184.3,47.2,32.53
-25.20639,27.558,18-11-2014,182.8,47.6,32.28
-24.69514,27.40906,18-11-2014,187.0,48.1,32.64
-26.006389,29.253889,18-11-2014,153.7,60.900000000000006,27.789999
-25.513889,31.224444,18-11-2014,149.3,67.5,29.66
-25.398889,31.610556,18-11-2014,147.0,55.0,31.24
-28.141944,26.417778,18-11-2014,196.0,37.300000000000004,32.079998
-28.1175,26.719444,18-11-2014,191.5,38.0,31.88
-29.028629,24.638389,18-11-2014,225.2,30.8,35.2
-28.338333,31.373611,18-11-2014,157.40001,117.2,30.349998
-28.068333,31.55,18-11-2014,164.40001,103.9,32.21
-29.641944,30.6875,19-11-2014,155.40001,48.5,29.63
-24.39619444,27.08983333,19-11-2014,187.90001,44.0,33.04
-25.681111,31.783333,19-11-2014,150.2,57.900000000000006,31.859999
-28.44555556,32.325,14-01-2015,162.3,13.5,31.01
-29.161667,30.629722,19-11-2014,148.40001,50.7,27.5
-26.45,28.085833,19-11-2014,164.5,50.6,28.849998
-27.38972222,26.46388889,19-11-2014,195.40001,41.6,32.04
-27.398611,26.614722,19-11-2014,193.1,41.800000000000004,31.89
-25.57877778,29.12747222,19-11-2014,166.40001,55.400000000000006,30.289999
-26.03611,30.99778,20-11-2014,157.1,87.5,29.3
-28.75,30.442778,20-11-2014,168.6,43.400000000000006,31.91
-26.861111,28.884722,20-11-2014,158.3,50.7,28.16
-27.671111,27.236944,20-11-2014,183.40001,40.6,30.98
-28.376944,24.303056,20-11-2014,225.6,35.7,35.7
-29.160278,26.573333,20-11-2014,200.8,33.9,32.719997
-28.308889,31.9025,20-11-2014,161.7,84.10000000000001,32.04
-24.9675,31.516667,21-11-2014,150.2,53.5,32.079998
-28.058889,30.373611,22-11-2014,159.1,58.7,28.82
-23.23572222,27.717,24-11-2014,186.90001,31.700000000000003,33.42
-25.99136,27.84208,24-11-2014,168.0,58.7,29.21
-27.671111,27.236944,24-11-2014,183.40001,40.6,30.98
-31.554722,29.245556,24-11-2014,146.7,29.700000000000003,27.599998
-33.818056,19.694722,24-11-2014,212.5,14.700000000000001,31.57
-32.502778,19.535833,24-11-2014,232.90001,2.5,34.37
-27.01011111,26.69808333,25-11-2014,185.5,46.1,31.179998
-31.860278,18.6875,25-11-2014,229.40001,1.8,32.899998
-22.91028,29.61111,25-11-2014,165.3,38.6,31.199999
-26.970278,27.211111,25-11-2014,176.1,45.800000000000004,30.15
-26.880278,26.965,25-11-2014,177.5,46.800000000000004,30.529999
-28.1175,26.719444,25-11-2014,191.5,38.0,31.88
-30.568333,29.422778,25-11-2014,153.40001,35.2,27.38
-30.570833,29.150556,25-11-2014,154.1,37.5,27.17
-31.104278,29.399722,25-11-2014,154.5,27.400000000000002,28.49
-33.501667,21.624167,25-11-2014,197.90001,12.8,30.66
-34.075556,20.145556,25-11-2014,199.2,15.200000000000001,31.279999
-32.595833,19.009444,25-11-2014,231.40001,3.7,34.079998
-25.45963889,28.26430556,25-11-2014,172.3,51.6,30.96
-25.81048333,27.90955222,26-11-2014,171.0,57.0,30.13
-24.282222,28.090278,26-11-2014,171.90001,55.6,30.609999
-23.763056,27.908611,26-11-2014,179.0,42.7,31.98
-26.905,32.324722,26-11-2014,161.2,74.0,33.88
-27.602222,29.942778,26-11-2014,162.3,57.2,29.279999
-27.00222,28.76528,26-11-2014,159.6,49.0,28.49
-26.73806,27.59194,26-11-2014,168.90001,48.900000000000006,29.3
-26.45,28.085833,26-11-2014,164.5,50.6,28.849998
-29.042222,24.6,26-11-2014,226.5,29.8,35.29
-29.033333,23.983333,26-11-2014,229.8,26.700000000000003,35.67
-31.031389,28.883333,26-11-2014,154.40001,31.700000000000003,28.349998
-30.86013889,29.07125,26-11-2014,158.0,30.5,28.81
-30.77586667,29.03221667,26-11-2014,158.7,32.0,28.74
-34.250556,20.9925,26-11-2014,188.3,16.6,30.269999
-33.38056,19.30167,26-11-2014,206.90001,12.9,29.96
-27.169444,29.233889,27-11-2014,156.2,50.2,27.8
-26.861111,28.884722,27-11-2014,158.3,50.7,28.16
-29.028629,24.638389,27-11-2014,225.2,30.8,35.2
-32.94583,18.33667,27-11-2014,204.3,5.5,29.9
-23.838611,31.640833,28-11-2014,161.3,39.1,33.94
-29.744167,29.905833,28-11-2014,157.2,45.800000000000004,28.699999
-26.648056,27.089444,28-11-2014,174.8,48.1,29.929998
-28.116667,26.725278,28-11-2014,191.5,38.0,31.88
-27.573056,24.746389,28-11-2014,215.40001,42.900000000000006,34.78
-29.744167,29.905833,01-12-2014,157.2,45.800000000000004,28.699999
-29.380556,30.2775,01-12-2014,149.7,49.400000000000006,27.449999
-26.970278,27.211111,01-12-2014,176.1,45.800000000000004,30.15
-29.160278,26.573333,01-12-2014,200.8,33.9,32.719997
-27.01011111,26.69808333,02-12-2014,185.5,46.1,31.179998
-34.065833,20.404167,02-12-2014,197.5,13.600000000000001,32.05
-25.127778,27.628889,02-12-2014,184.3,47.2,32.53
-24.69514,27.40906,02-12-2014,187.0,48.1,32.64
-25.49037,30.6986,02-12-2014,149.8,67.0,28.58
-26.861111,28.884722,02-12-2014,158.3,50.7,28.16
-26.648056,27.089444,02-12-2014,174.8,48.1,29.929998
-26.880278,26.965,02-12-2014,177.5,46.800000000000004,30.529999
-26.98472222,26.63227778,02-12-2014,184.7,47.6,31.34
-27.671111,27.236944,02-12-2014,183.40001,40.6,30.98
-28.69485,28.23487,02-12-2014,163.3,49.2,28.25
-29.615556,27.065278,02-12-2014,188.8,36.9,31.38
-28.883333,27.89,02-12-2014,168.90001,47.400000000000006,29.38
-34.092222,21.295278,02-12-2014,183.90001,16.3,30.49
-33.31388889,19.07472222,02-12-2014,216.6,10.700000000000001,32.23
-33.7075,18.97444444,02-12-2014,212.0,16.2,31.46
-25.20639,27.558,03-12-2014,182.8,47.6,32.28
-25.73411,27.21422,03-12-2014,172.5,58.5,30.179998
-26.45,28.085833,03-12-2014,164.5,50.6,28.849998
-27.273889,28.49,03-12-2014,162.40001,48.1,28.82
-27.4275,28.525833,03-12-2014,162.0,47.7,28.779999
-27.3,28.586944,03-12-2014,162.1,48.300000000000004,28.769999
-30.160091,27.40124,03-12-2014,182.6,36.6,30.88
-30.336111,27.359444,03-12-2014,183.3,35.9,30.83
-34.039722,22.133333,03-12-2014,166.90001,20.3,27.83
-34.02861,22.22222,03-12-2014,164.3,21.0,27.23
-34.405833,19.600556,03-12-2014,173.0,23.6,27.0
-33.13083,18.86278,03-12-2014,209.40001,8.700000000000001,32.739998
-33.464444,18.740556,03-12-2014,210.7,12.9,30.96
-30.830556,26.921389,04-12-2014,189.40001,28.5,31.5
-25.362222,31.956667,04-12-2014,143.40001,58.900000000000006,31.65
-27.902778,24.615556,04-12-2014,223.7,39.0,35.41
-28.376944,24.303056,04-12-2014,225.6,35.7,35.7
-29.160278,26.573333,04-12-2014,200.8,33.9,32.719997
-30.679722,26.7125,04-12-2014,194.3,28.0,32.66
-34.329722,18.990278,04-12-2014,168.3,27.3,25.789999
-29.803611,30.516111,04-12-2014,151.7,45.2,28.59
-33.897778,20.012778,04-12-2014,201.3,13.600000000000001,31.849998
-26.98472222,26.63227778,05-12-2014,184.7,47.6,31.34
-25.99136,27.84208,08-12-2014,168.0,58.7,29.21
-26.45,28.085833,08-12-2014,164.5,50.6,28.849998
-28.141944,26.417778,08-12-2014,196.0,37.300000000000004,32.079998
-29.042222,24.6,08-12-2014,226.5,29.8,35.29
-29.028629,24.638389,08-12-2014,225.2,30.8,35.2
-29.033333,23.983333,08-12-2014,229.8,26.700000000000003,35.67
-28.460833,21.248889,08-12-2014,241.2,16.2,36.899998
-30.86013889,29.07125,08-12-2014,158.0,30.5,28.81
-30.77586667,29.03221667,08-12-2014,158.7,32.0,28.74
-29.140556,31.391944,09-12-2014,158.3,113.7,30.42
-24.183889,30.823889,09-12-2014,159.90001,46.800000000000004,32.469997
-24.69514,27.40906,09-12-2014,187.0,48.1,32.64
-25.73411,27.21422,09-12-2014,172.5,58.5,30.179998
-28.747778,31.745833,09-12-2014,161.6,73.10000000000001,31.31
-28.801278,31.955389,09-12-2014,161.1,71.3,30.96
-26.861111,28.884722,09-12-2014,158.3,50.7,28.16
-28.1175,26.719444,09-12-2014,191.5,38.0,31.88
-27.398611,26.614722,09-12-2014,193.1,41.800000000000004,31.89
-30.568333,29.422778,09-12-2014,153.40001,35.2,27.38
-30.570833,29.150556,09-12-2014,154.1,37.5,27.17
-31.554722,29.245556,09-12-2014,146.7,29.700000000000003,27.599998
-25.45963889,28.26430556,09-12-2014,172.3,51.6,30.96
-27.4,26.624722,09-12-2014,193.1,41.800000000000004,31.89
-27.01011111,26.69808333,10-12-2014,185.5,46.1,31.179998
-25.81048333,27.90955222,10-12-2014,171.0,57.0,30.13
-29.641944,30.6875,10-12-2014,155.40001,48.5,29.63
-24.670833,28.560833,10-12-2014,172.2,45.7,30.71
-28.404444,30.013056,10-12-2014,165.0,50.5,30.439999
-26.648056,27.089444,10-12-2014,174.8,48.1,29.929998
-26.970278,27.211111,10-12-2014,176.1,45.800000000000004,30.15
-26.880278,26.965,10-12-2014,177.5,46.800000000000004,30.529999
-26.98472222,26.63227778,10-12-2014,184.7,47.6,31.34
-27.671111,27.236944,10-12-2014,183.40001,40.6,30.98
-28.058889,30.373611,10-12-2014,159.1,58.7,28.82
-23.658056,31.05,11-12-2014,160.1,37.800000000000004,32.88
-23.281,30.54305556,11-12-2014,160.7,55.2,31.84
-27.5275,30.858056,11-12-2014,152.90001,110.80000000000001,28.359999
-27.38972222,26.46388889,11-12-2014,195.40001,41.6,32.04
-27.398611,26.614722,11-12-2014,193.1,41.800000000000004,31.89
-27.4,26.624722,11-12-2014,193.1,41.800000000000004,31.89
-24.679167,30.8025,12-12-2014,144.8,80.7,26.789999
-29.744167,29.905833,12-12-2014,157.2,45.800000000000004,28.699999
-26.73806,27.59194,15-12-2014,168.90001,48.900000000000006,29.3
-27.671111,27.236944,15-12-2014,183.40001,40.6,30.98
-25.127778,27.628889,16-12-2014,184.3,47.2,32.53
-28.44555556,32.325,18-02-2015,162.3,13.5,31.01
-26.970278,27.211111,16-12-2014,176.1,45.800000000000004,30.15
-27.01011111,26.69808333,17-12-2014,185.5,46.1,31.179998
-27.602222,29.942778,17-12-2014,162.3,57.2,29.279999
-28.75,30.442778,17-12-2014,168.6,43.400000000000006,31.91
-29.161667,30.629722,17-12-2014,148.40001,50.7,27.5
-26.648056,27.089444,17-12-2014,174.8,48.1,29.929998
-26.880278,26.965,17-12-2014,177.5,46.800000000000004,30.529999
-26.45,28.085833,17-12-2014,164.5,50.6,28.849998
-26.98472222,26.63227778,17-12-2014,184.7,47.6,31.34
-33.501667,21.624167,17-12-2014,197.90001,12.8,30.66
-29.641944,30.6875,18-12-2014,155.40001,48.5,29.63
-26.905,32.324722,18-12-2014,161.2,74.0,33.88
-27.169444,29.233889,18-12-2014,156.2,50.2,27.8
-26.861111,28.884722,18-12-2014,158.3,50.7,28.16
-27.00222,28.76528,18-12-2014,159.6,49.0,28.49
-28.376944,24.303056,18-12-2014,225.6,35.7,35.7
-34.250556,20.9925,18-12-2014,188.3,16.6,30.269999
-27.902778,24.615556,19-12-2014,223.7,39.0,35.41
-22.43772222,31.07805556,21-12-2014,176.1,33.9,34.7
-24.282222,28.090278,22-12-2014,171.90001,55.6,30.609999
-30.733889,29.828333,22-12-2014,151.0,31.5,28.15
-26.970278,27.211111,22-12-2014,176.1,45.800000000000004,30.15
-26.880278,26.965,22-12-2014,177.5,46.800000000000004,30.529999
-26.45,28.085833,22-12-2014,164.5,50.6,28.849998
-27.01011111,26.69808333,23-12-2014,185.5,46.1,31.179998
-25.81048333,27.90955222,23-12-2014,171.0,57.0,30.13
-22.225556,29.990556,23-12-2014,179.5,25.5,34.27
-22.91028,29.61111,23-12-2014,165.3,38.6,31.199999
-26.861111,28.884722,23-12-2014,158.3,50.7,28.16
-27.00222,28.76528,23-12-2014,159.6,49.0,28.49
-26.98472222,26.63227778,23-12-2014,184.7,47.6,31.34
-29.744167,29.905833,24-12-2014,157.2,45.800000000000004,28.699999
-29.161667,23.696389,31-12-2014,236.0,23.3,36.17
-28.376944,24.303056,01-01-2015,225.6,35.7,35.7
-27.902778,24.615556,02-01-2015,191.1,60.800000000000004,33.899998
-25.99136,27.84208,05-01-2015,92.3,0.9,24.96
-29.987778,29.851667,05-01-2015,74.3,9.5,24.8
-29.744167,29.905833,05-01-2015,76.9,7.5,25.16
-26.970278,27.211111,05-01-2015,91.200005,1.9000000000000001,25.5
-28.1175,26.719444,05-01-2015,89.5,4.3,25.42
-27.671111,27.236944,05-01-2015,90.200005,3.6,25.5
-29.140556,31.391944,06-01-2015,64.8,31.8,23.769999
-25.73411,27.21422,06-01-2015,81.8,19.1,20.76
-30.733889,29.828333,06-01-2015,65.200005,64.5,20.07
-27.935,26.126667,06-01-2015,71.5,26.1,18.71
-28.141944,26.417778,06-01-2015,70.0,30.1,18.109999
-27.398611,26.614722,06-01-2015,76.4,36.7,19.859999
-29.160278,26.573333,06-01-2015,65.8,35.6,17.51
-28.69485,28.23487,06-01-2015,61.5,42.6,16.15
-28.883333,27.89,06-01-2015,58.3,41.7,15.78
-27.01011111,26.69808333,07-01-2015,82.0,7.7,20.0
-25.81048333,27.90955222,07-01-2015,84.1,6.300000000000001,21.869999
-28.747778,31.745833,07-01-2015,73.0,118.5,24.119999
-28.801278,31.955389,07-01-2015,72.4,147.1,24.109999
-28.404444,30.013056,07-01-2015,70.200005,15.0,21.369999
-26.648056,27.089444,07-01-2015,80.6,8.200000000000001,20.0
-26.880278,26.965,07-01-2015,80.3,9.9,20.119999
-26.98472222,26.63227778,07-01-2015,82.1,7.9,19.84
-28.116667,26.725278,07-01-2015,75.8,12.100000000000001,18.58
-30.160091,27.40124,07-01-2015,59.4,20.0,15.089999
-30.336111,27.359444,07-01-2015,58.2,22.700000000000003,14.7
-29.615556,27.065278,07-01-2015,66.700005,19.900000000000002,16.63
-30.830556,26.921389,08-01-2015,89.5,27.5,18.33
-31.000833,26.353056,08-01-2015,87.200005,31.8,17.75
-30.679722,26.7125,08-01-2015,90.9,27.0,18.99
-23.838611,31.640833,09-01-2015,121.3,16.0,29.75
-27.5275,30.858056,09-01-2015,108.200005,40.7,25.08
-29.744167,29.905833,09-01-2015,104.3,33.7,24.97
-30.398056,30.601944,09-01-2015,99.700005,59.6,24.31
-26.98472222,26.63227778,09-01-2015,148.40001,36.6,26.72
-27.573056,24.746389,09-01-2015,153.3,17.5,28.5
-29.658056,25.973333,09-01-2015,134.2,12.700000000000001,24.85
-29.803611,30.516111,09-01-2015,101.700005,42.800000000000004,24.72
-28.735556,29.820556,12-01-2015,180.3,15.8,32.219997
-26.970278,27.211111,12-01-2015,199.8,28.6,32.09
-26.73806,27.59194,12-01-2015,193.3,33.9,31.109999
-25.127778,27.628889,13-01-2015,203.40001,48.400000000000006,34.579998
-25.20639,27.558,13-01-2015,204.40001,48.2,34.52
-24.69514,27.40906,13-01-2015,210.1,47.6,35.25
-28.141944,26.417778,13-01-2015,220.40001,13.3,33.989998
-28.1175,26.719444,13-01-2015,216.3,13.9,33.579998
-28.116667,26.725278,13-01-2015,216.3,13.9,33.579998
-30.568333,29.422778,13-01-2015,157.8,25.400000000000002,28.07
-30.570833,29.150556,13-01-2015,159.7,25.5,27.92
-28.338333,31.373611,13-01-2015,164.90001,37.0,31.349998
-28.068333,31.55,13-01-2015,176.1,14.0,33.53
-27.01011111,26.69808333,14-01-2015,210.0,25.5,32.84
-29.641944,30.6875,14-01-2015,158.7,16.8,30.349998
-24.39619444,27.08983333,14-01-2015,208.8,43.300000000000004,35.61
-25.73411,27.21422,14-01-2015,194.2,47.300000000000004,32.07
-28.44555556,32.325,09-04-2015,162.3,13.5,31.01
-27.602222,29.942778,14-01-2015,185.90001,35.0,31.789999
-28.75,30.442778,14-01-2015,181.40001,15.600000000000001,33.11
-29.161667,30.629722,14-01-2015,155.0,17.6,28.789999
-26.648056,27.089444,14-01-2015,197.3,32.9,31.9
-26.45,28.085833,14-01-2015,186.7,38.7,30.5
-27.38972222,26.46388889,14-01-2015,219.6,19.5,33.79
-26.98472222,26.63227778,14-01-2015,207.8,26.200000000000003,32.93
-27.398611,26.614722,14-01-2015,218.2,19.8,33.59
-31.104278,29.399722,14-01-2015,154.2,28.0,29.029999
-31.396,29.2651,14-01-2015,155.7,27.8,29.199999
-31.554722,29.245556,14-01-2015,145.2,29.700000000000003,27.93
-27.169444,29.233889,15-01-2015,177.0,34.4,29.41
-27.02314,28.59389,15-01-2015,185.5,33.800000000000004,30.33
-27.398611,26.614722,15-01-2015,218.2,19.8,33.59
-27.573056,24.746389,15-01-2015,235.0,14.0,36.17
-28.376944,24.303056,15-01-2015,230.7,8.9,36.45
-31.031389,28.883333,15-01-2015,161.1,26.6,29.039999
-30.86013889,29.07125,15-01-2015,161.8,25.700000000000003,29.439999
-30.77586667,29.03221667,15-01-2015,162.90001,25.700000000000003,29.39
-26.619444,27.980833,16-01-2015,190.0,36.6,30.92
-27.671111,27.236944,16-01-2015,209.5,19.0,32.93
-27.902778,24.615556,16-01-2015,230.90001,11.600000000000001,36.51
-28.747778,31.745833,17-01-2015,171.40001,104.7,32.66
-25.99136,27.84208,19-01-2015,187.6,46.0,31.01
-26.970278,27.211111,19-01-2015,199.8,28.6,32.09
-29.028629,24.638389,19-01-2015,235.6,7.2,36.37
-29.033333,23.983333,19-01-2015,230.7,5.5,36.78
-33.818056,19.694722,19-01-2015,202.7,13.100000000000001,31.279999
-27.01011111,26.69808333,20-01-2015,210.0,25.5,32.84
-22.225556,29.990556,20-01-2015,192.8,29.700000000000003,35.86
-26.98472222,26.63227778,20-01-2015,207.8,26.200000000000003,32.93
-27.935,26.126667,20-01-2015,222.8,12.9,34.219997
-28.1175,26.719444,20-01-2015,216.3,13.9,33.579998
-34.075556,20.145556,20-01-2015,182.5,12.700000000000001,30.89
-32.502778,19.535833,20-01-2015,234.0,5.0,34.0
-29.161667,23.696389,21-01-2015,232.1,4.3,37.1
-25.81048333,27.90955222,21-01-2015,191.90001,46.800000000000004,31.99
-29.641944,30.6875,21-01-2015,158.7,16.8,30.349998
-25.73411,27.21422,21-01-2015,194.2,47.300000000000004,32.07
-26.648056,27.089444,21-01-2015,197.3,32.9,31.9
-29.160278,26.573333,21-01-2015,220.1,10.0,33.69
-29.033333,23.983333,21-01-2015,230.7,5.5,36.78
-26.03611,30.99778,22-01-2015,173.3,51.1,31.39
-27.363611,31.783333,22-01-2015,170.5,16.8,33.2
-26.905,32.324722,22-01-2015,175.0,18.400000000000002,34.71
-28.116667,26.725278,22-01-2015,216.3,13.9,33.579998
-23.838611,31.640833,23-01-2015,181.2,38.400000000000006,35.579998
-29.744167,29.905833,23-01-2015,161.0,26.900000000000002,29.539999
-28.96362,19.15486,24-01-2015,253.7,0.2,38.5
-26.73806,27.59194,26-01-2015,193.3,33.9,31.109999
-26.45,28.085833,26-01-2015,186.7,38.7,30.5
-34.065833,20.404167,27-01-2015,177.6,11.8,31.42
-25.127778,27.628889,27-01-2015,203.40001,48.400000000000006,34.579998
-25.20639,27.558,27-01-2015,204.40001,48.2,34.52
-24.39619444,27.08983333,27-01-2015,208.8,43.300000000000004,35.61
-24.69514,27.40906,27-01-2015,210.1,47.6,35.25
-27.169444,29.233889,27-01-2015,177.0,34.4,29.41
-26.861111,28.884722,27-01-2015,182.40001,35.800000000000004,29.83
-26.970278,27.211111,27-01-2015,199.8,28.6,32.09
-26.880278,26.965,27-01-2015,201.8,28.6,32.53
-33.501667,21.624167,27-01-2015,189.6,9.0,29.73
-32.595833,19.009444,27-01-2015,221.2,6.6000000000000005,33.96
-29.161667,23.696389,28-01-2015,232.1,4.3,37.1
-28.7115,24.07288889,28-01-2015,231.5,6.7,36.8
-27.01011111,26.69808333,28-01-2015,210.0,25.5,32.84
-24.282222,28.090278,28-01-2015,187.3,51.400000000000006,32.87
-23.763056,27.908611,28-01-2015,190.7,43.300000000000004,34.28
-23.658056,31.05,28-01-2015,177.1,36.1,34.719997
-23.281,30.54305556,28-01-2015,177.2,36.7,33.7
-27.937778,31.209444,28-01-2015,170.90001,15.4,31.42
-28.404444,30.013056,28-01-2015,181.5,15.8,31.949999
-26.648056,27.089444,28-01-2015,197.3,32.9,31.9
-27.273889,28.49,28-01-2015,186.7,31.1,30.269999
-27.4275,28.525833,28-01-2015,186.1,29.900000000000002,30.179998
-27.3,28.586944,28-01-2015,185.6,31.1,30.24
-26.98472222,26.63227778,28-01-2015,207.8,26.200000000000003,32.93
-34.405833,19.600556,28-01-2015,163.0,17.0,26.47
-28.068333,31.55,28-01-2015,176.1,14.0,33.53
-28.058889,30.373611,28-01-2015,176.40001,22.8,30.81
-22.935,28.004167,29-01-2015,199.5,32.2,35.76
-22.225556,29.990556,29-01-2015,192.8,29.700000000000003,35.86
-24.670833,28.560833,29-01-2015,187.5,59.1,32.86
-27.5275,30.858056,29-01-2015,166.3,29.900000000000002,29.97
-28.376944,24.303056,29-01-2015,230.7,8.9,36.45
-34.329722,18.990278,29-01-2015,166.40001,18.900000000000002,25.51
-33.38056,19.30167,29-01-2015,196.40001,13.3,29.369999
-27.573056,24.746389,30-01-2015,235.0,14.0,36.17
-27.902778,24.615556,30-01-2015,230.90001,11.600000000000001,36.51
-25.99136,27.84208,02-02-2015,187.6,46.0,31.01
-29.7775,29.470833,02-02-2015,157.8,30.400000000000002,27.56
-29.744167,29.905833,02-02-2015,161.0,26.900000000000002,29.539999
-26.970278,27.211111,02-02-2015,199.8,28.6,32.09
-28.116667,26.725278,02-02-2015,216.3,13.9,33.579998
-27.671111,27.236944,02-02-2015,209.5,19.0,32.93
-33.818056,19.694722,02-02-2015,202.7,13.100000000000001,31.279999
-29.140556,31.391944,03-02-2015,161.8,112.30000000000001,31.13
-25.73411,27.21422,03-02-2015,194.2,47.300000000000004,32.07
-28.801278,31.955389,03-02-2015,169.6,67.5,31.99
-29.987778,29.851667,03-02-2015,155.3,28.3,28.689999
-26.98472222,26.63227778,03-02-2015,207.8,26.200000000000003,32.93
-27.398611,26.614722,03-02-2015,218.2,19.8,33.59
-33.31388889,19.07472222,03-02-2015,207.5,12.9,31.99
-25.45963889,28.26430556,03-02-2015,192.90001,49.300000000000004,32.93
-27.4,26.624722,03-02-2015,218.2,19.8,33.59
-27.01011111,26.69808333,04-02-2015,210.0,25.5,32.84
-25.81048333,27.90955222,04-02-2015,191.90001,46.800000000000004,31.99
-29.641944,30.6875,04-02-2015,158.7,16.8,30.349998
-28.747778,31.745833,04-02-2015,171.40001,104.7,32.66
-26.648056,27.089444,04-02-2015,197.3,32.9,31.9
-27.671111,27.236944,04-02-2015,209.5,19.0,32.93
-28.768056,20.720556,04-02-2015,253.7,0.8,38.129997
-32.94583,18.33667,04-02-2015,198.90001,7.2,29.56
-30.13573889,30.67422222,05-02-2015,156.6,25.700000000000003,29.98
-29.160278,26.573333,05-02-2015,220.1,10.0,33.69
-33.13083,18.86278,05-02-2015,209.90001,10.700000000000001,32.559998
-29.744167,29.905833,06-02-2015,161.0,26.900000000000002,29.539999
-29.380556,30.2775,06-02-2015,152.7,20.1,28.42
-29.803611,30.516111,06-02-2015,152.7,22.400000000000002,29.349998
-23.838611,31.640833,09-02-2015,181.2,38.400000000000006,35.579998
-25.49037,30.6986,09-02-2015,165.0,50.1,30.279999
-25.513889,31.224444,09-02-2015,166.3,43.7,31.21
-28.735556,29.820556,09-02-2015,180.3,15.8,32.219997
-26.970278,27.211111,09-02-2015,199.8,28.6,32.09
-26.45,28.085833,09-02-2015,186.7,38.7,30.5
-25.447222,30.711667,09-02-2015,167.0,48.800000000000004,30.82
-28.760833,17.730278,10-02-2015,248.2,0.1,37.53
-27.01011111,26.69808333,10-02-2015,210.0,25.5,32.84
-25.436111,31.982222,10-02-2015,164.6,29.3,33.91
-25.20639,27.558,10-02-2015,204.40001,48.2,34.52
-24.69514,27.40906,10-02-2015,210.1,47.6,35.25
-23.281,30.54305556,10-02-2015,177.2,36.7,33.7
-25.681111,31.783333,10-02-2015,165.1,31.700000000000003,32.89
-25.398889,31.610556,10-02-2015,162.90001,34.300000000000004,32.63
-24.99328,30.81444,10-02-2015,149.90001,64.60000000000001,27.31
-27.602222,29.942778,10-02-2015,185.90001,35.0,31.789999
-26.861111,28.884722,10-02-2015,182.40001,35.800000000000004,29.83
-26.648056,27.089444,10-02-2015,197.3,32.9,31.9
-26.98472222,26.63227778,10-02-2015,207.8,26.200000000000003,32.93
-28.141944,26.417778,10-02-2015,220.40001,13.3,33.989998
-28.1175,26.719444,10-02-2015,216.3,13.9,33.579998
-28.116667,26.725278,10-02-2015,216.3,13.9,33.579998
-29.1825,23.575556,10-02-2015,236.40001,3.9000000000000004,37.02
-31.396,29.2651,10-02-2015,155.7,27.8,29.199999
-31.554722,29.245556,10-02-2015,145.2,29.700000000000003,27.93
-34.039722,22.133333,10-02-2015,161.8,12.4,27.189999
-29.161667,23.696389,11-02-2015,232.1,4.3,37.1
-24.670833,28.560833,11-02-2015,187.5,59.1,32.86
-24.39619444,27.08983333,11-02-2015,208.8,43.300000000000004,35.61
-24.058889,31.237222,11-02-2015,174.1,42.0,34.55
-25.362222,31.956667,11-02-2015,162.1,29.6,33.3
-25.14944444,31.94055556,11-02-2015,162.40001,30.700000000000003,33.19
-28.75,30.442778,11-02-2015,181.40001,15.600000000000001,33.11
-29.161667,30.629722,11-02-2015,155.0,17.6,28.789999
-27.38972222,26.46388889,11-02-2015,219.6,19.5,33.79
-27.398611,26.614722,11-02-2015,218.2,19.8,33.59
-31.104278,29.399722,11-02-2015,154.2,28.0,29.029999
-30.77586667,29.03221667,11-02-2015,162.90001,25.700000000000003,29.39
-34.005833,22.351111,11-02-2015,156.5,14.4,26.23
-23.658056,31.05,12-02-2015,177.1,36.1,34.719997
-27.671111,27.236944,12-02-2015,209.5,19.0,32.93
-28.376944,24.303056,12-02-2015,230.7,8.9,36.45
-30.568333,29.422778,12-02-2015,157.8,25.400000000000002,28.07
-31.031389,28.883333,12-02-2015,161.1,26.6,29.039999
-30.86013889,29.07125,12-02-2015,161.8,25.700000000000003,29.439999
-30.570833,29.150556,12-02-2015,159.7,25.5,27.92
-28.338333,31.373611,12-02-2015,164.90001,37.0,31.349998
-24.679167,30.8025,13-02-2015,162.7,68.60000000000001,29.26
-22.769722,30.886944,13-02-2015,183.1,46.6,34.85
-24.768889,31.39,13-02-2015,166.0,44.400000000000006,32.989998
-24.9675,31.516667,13-02-2015,167.90001,39.0,33.34
-27.573056,24.746389,13-02-2015,235.0,14.0,36.17
-27.902778,24.615556,13-02-2015,230.90001,11.600000000000001,36.51
-28.96362,19.15486,14-02-2015,253.7,0.2,38.5
-25.99136,27.84208,16-02-2015,187.6,46.0,31.01
-26.970278,27.211111,16-02-2015,199.8,28.6,32.09
-26.73806,27.59194,16-02-2015,193.3,33.9,31.109999
-26.45,28.085833,16-02-2015,186.7,38.7,30.5
-27.671111,27.236944,16-02-2015,209.5,19.0,32.93
-32.502778,19.535833,16-02-2015,234.0,5.0,34.0
-27.01011111,26.69808333,17-02-2015,210.0,25.5,32.84
-27.169444,29.233889,17-02-2015,177.0,34.4,29.41
-26.861111,28.884722,17-02-2015,182.40001,35.800000000000004,29.83
-27.02314,28.59389,17-02-2015,185.5,33.800000000000004,30.33
-26.98472222,26.63227778,17-02-2015,207.8,26.200000000000003,32.93
-29.160278,26.573333,17-02-2015,220.1,10.0,33.69
-28.69485,28.23487,17-02-2015,186.40001,18.1,29.46
-28.883333,27.89,17-02-2015,190.6,16.7,30.16
-31.436944,20.474722,17-02-2015,235.8,5.1000000000000005,33.149998
-34.075556,20.145556,17-02-2015,182.5,12.700000000000001,30.89
-32.595833,19.009444,17-02-2015,221.2,6.6000000000000005,33.96
-25.45963889,28.26430556,17-02-2015,192.90001,49.300000000000004,32.93
-28.068333,31.55,17-02-2015,176.1,14.0,33.53
-29.161667,23.696389,18-02-2015,232.1,4.3,37.1
-25.81048333,27.90955222,18-02-2015,191.90001,46.800000000000004,31.99
-22.225556,29.990556,18-02-2015,192.8,29.700000000000003,35.86
-29.641944,30.6875,18-02-2015,158.7,16.8,30.349998
-25.73411,27.21422,18-02-2015,194.2,47.300000000000004,32.07
-28.44555556,32.325,07-05-2015,162.3,13.5,31.01
-26.648056,27.089444,18-02-2015,197.3,32.9,31.9
-26.880278,26.965,18-02-2015,201.8,28.6,32.53
-28.116667,26.725278,18-02-2015,216.3,13.9,33.579998
-29.033333,23.983333,18-02-2015,230.7,5.5,36.78
-30.160091,27.40124,18-02-2015,201.2,13.200000000000001,31.57
-30.336111,27.359444,18-02-2015,201.5,13.4,31.58
-29.615556,27.065278,18-02-2015,208.7,11.700000000000001,32.219997
-25.57877778,29.12747222,18-02-2015,186.90001,50.2,32.3
-30.830556,26.921389,19-02-2015,205.40001,11.100000000000001,32.04
-28.141944,26.417778,19-02-2015,220.40001,13.3,33.989998
-31.000833,26.353056,19-02-2015,208.7,7.9,31.769999
-30.679722,26.7125,19-02-2015,211.40001,9.9,32.93
-34.250556,20.9925,19-02-2015,180.8,14.0,29.32
-33.31388889,19.07472222,19-02-2015,207.5,12.9,31.99
-28.308889,31.9025,19-02-2015,171.8,21.6,33.18
-22.43772222,31.07805556,20-02-2015,196.40001,43.0,36.73
-29.744167,29.905833,20-02-2015,161.0,26.900000000000002,29.539999
-29.658056,25.973333,20-02-2015,217.1,6.9,33.42
-29.7775,29.470833,23-02-2015,157.8,30.400000000000002,27.56
-29.987778,29.851667,23-02-2015,155.3,28.3,28.689999
-29.744167,29.905833,23-02-2015,161.0,26.900000000000002,29.539999
-26.45,28.085833,23-02-2015,186.7,38.7,30.5
-29.042222,24.6,23-02-2015,236.1,6.9,36.43
-29.033333,23.983333,23-02-2015,230.7,5.5,36.78
-34.031944,22.053333,23-02-2015,162.7,12.200000000000001,27.359999
-33.38056,19.30167,23-02-2015,196.40001,13.3,29.369999
-30.733889,29.828333,24-02-2015,151.7,29.6,28.769999
-26.861111,28.884722,24-02-2015,182.40001,35.800000000000004,29.83
-27.00222,28.76528,24-02-2015,183.40001,34.300000000000004,30.07
-26.970278,27.211111,24-02-2015,199.8,28.6,32.09
-26.619444,27.980833,24-02-2015,190.0,36.6,30.92
-29.028629,24.638389,24-02-2015,235.6,7.2,36.37
-33.13083,18.86278,24-02-2015,209.90001,10.700000000000001,32.559998
-29.161667,23.696389,25-02-2015,232.1,4.3,37.1
-27.01011111,26.69808333,25-02-2015,210.0,25.5,32.84
-23.23572222,27.717,25-02-2015,201.2,32.4,35.829998
-22.548889,28.898056,25-02-2015,195.0,33.0,35.2
-22.91028,29.61111,25-02-2015,179.1,44.0,33.36
-27.937778,31.209444,25-02-2015,170.90001,15.4,31.42
-26.905,32.324722,25-02-2015,175.0,18.400000000000002,34.71
-28.404444,30.013056,25-02-2015,181.5,15.8,31.949999
-30.398056,30.601944,25-02-2015,155.2,30.8,29.64
-26.648056,27.089444,25-02-2015,197.3,32.9,31.9
-26.98472222,26.63227778,25-02-2015,207.8,26.200000000000003,32.93
-34.405833,19.600556,25-02-2015,163.0,17.0,26.47
-32.94583,18.33667,25-02-2015,198.90001,7.2,29.56
-24.282222,28.090278,26-02-2015,187.3,51.400000000000006,32.87
-23.763056,27.908611,26-02-2015,190.7,43.300000000000004,34.28
-25.127778,27.628889,26-02-2015,203.40001,48.400000000000006,34.579998
-25.20639,27.558,26-02-2015,204.40001,48.2,34.52
-25.73411,27.21422,26-02-2015,194.2,47.300000000000004,32.07
-27.5275,30.858056,26-02-2015,166.3,29.900000000000002,29.97
-27.363611,31.783333,26-02-2015,170.5,16.8,33.2
-30.13573889,30.67422222,26-02-2015,156.6,25.700000000000003,29.98
-28.376944,24.303056,26-02-2015,230.7,8.9,36.45
-34.329722,18.990278,26-02-2015,166.40001,18.900000000000002,25.51
-24.69514,27.40906,27-02-2015,210.1,47.6,35.25
-27.573056,24.746389,27-02-2015,235.0,14.0,36.17
-27.902778,24.615556,27-02-2015,230.90001,11.600000000000001,36.51
-28.058889,30.373611,27-02-2015,176.40001,22.8,30.81
-29.803611,30.516111,27-02-2015,152.7,22.400000000000002,29.349998
-29.140556,31.391944,03-03-2015,161.8,112.30000000000001,31.13
-26.03611,30.99778,03-03-2015,173.3,51.1,31.39
-28.801278,31.955389,03-03-2015,169.6,67.5,31.99
-26.970278,27.211111,03-03-2015,199.8,28.6,32.09
-27.671111,27.236944,03-03-2015,209.5,19.0,32.93
-34.031944,22.053333,03-03-2015,162.7,12.200000000000001,27.359999
-34.039722,22.133333,03-03-2015,161.8,12.4,27.189999
-25.45963889,28.26430556,03-03-2015,192.90001,49.300000000000004,32.93
-27.01011111,26.69808333,04-03-2015,210.0,25.5,32.84
-25.81048333,27.90955222,04-03-2015,191.90001,46.800000000000004,31.99
-29.641944,30.6875,04-03-2015,158.7,16.8,30.349998
-28.747778,31.745833,04-03-2015,171.40001,104.7,32.66
-26.648056,27.089444,04-03-2015,197.3,32.9,31.9
-26.880278,26.965,04-03-2015,201.8,28.6,32.53
-26.98472222,26.63227778,04-03-2015,207.8,26.200000000000003,32.93
-27.398611,26.614722,04-03-2015,218.2,19.8,33.59
-27.671111,27.236944,04-03-2015,209.5,19.0,32.93
-34.02861,22.22222,04-03-2015,159.2,13.3,26.75
-27.4,26.624722,04-03-2015,218.2,19.8,33.59
-29.380556,30.2775,05-03-2015,152.7,20.1,28.42
-26.73806,27.59194,05-03-2015,193.3,33.9,31.109999
-26.45,28.085833,05-03-2015,186.7,38.7,30.5
-34.005833,22.351111,05-03-2015,156.5,14.4,26.23
-29.744167,29.905833,06-03-2015,161.0,26.900000000000002,29.539999
-27.00222,28.76528,06-03-2015,183.40001,34.300000000000004,30.07
-27.02314,28.59389,06-03-2015,185.5,33.800000000000004,30.33
-34.250556,20.9925,17-02-2011,179.40001,17.6,27.33
-22.43772222,31.07805556,09-03-2015,196.40001,43.0,36.73
-24.99328,30.81444,09-03-2015,149.90001,64.60000000000001,27.31
-28.735556,29.820556,09-03-2015,180.3,15.8,32.219997
-26.970278,27.211111,09-03-2015,199.8,28.6,32.09
-26.880278,26.965,09-03-2015,201.8,28.6,32.53
-26.510278,28.351389,09-03-2015,183.8,39.2,30.359999
-26.73806,27.59194,09-03-2015,193.3,33.9,31.109999
-26.45,28.085833,09-03-2015,186.7,38.7,30.5
-26.98472222,26.63227778,09-03-2015,207.8,26.200000000000003,32.93
-29.160278,26.573333,09-03-2015,220.1,10.0,33.69
-27.01011111,26.69808333,10-03-2015,210.0,25.5,32.84
-25.20639,27.558,10-03-2015,204.40001,48.2,34.52
-26.861111,28.884722,10-03-2015,182.40001,35.800000000000004,29.83
-26.648056,27.089444,10-03-2015,197.3,32.9,31.9
-27.802778,28.768333,10-03-2015,181.8,27.900000000000002,29.769999
-26.98472222,26.63227778,10-03-2015,207.8,26.200000000000003,32.93
-28.141944,26.417778,10-03-2015,220.40001,13.3,33.989998
-34.250556,20.9925,21-08-2013,168.1,51.7,29.67
-28.1175,26.719444,10-03-2015,216.3,13.9,33.579998
-28.69485,28.23487,10-03-2015,186.40001,18.1,29.46
-29.615556,27.065278,10-03-2015,208.7,11.700000000000001,32.219997
-28.883333,27.89,10-03-2015,190.6,16.7,30.16
-34.250556,20.9925,15-04-2014,174.6,9.0,28.07
-34.250556,20.9925,20-05-2014,174.6,9.0,28.07
-34.250556,20.9925,19-06-2014,174.6,9.0,28.07
-34.250556,20.9925,15-07-2014,188.3,16.6,30.269999
-34.250556,20.9925,25-09-2014,188.3,16.6,30.269999
-31.396,29.2651,10-03-2015,155.7,27.8,29.199999
-31.554722,29.245556,10-03-2015,145.2,29.700000000000003,27.93
-28.338333,31.373611,10-03-2015,164.90001,37.0,31.349998
-28.068333,31.55,10-03-2015,176.1,14.0,33.53
-29.161667,23.696389,11-03-2015,232.1,4.3,37.1
-24.282222,28.090278,11-03-2015,187.3,51.400000000000006,32.87
-22.769722,30.886944,11-03-2015,183.1,46.6,34.85
-28.44555556,32.325,11-03-2015,162.3,13.5,31.01
-27.00222,28.76528,11-03-2015,183.40001,34.300000000000004,30.07
-27.02314,28.59389,11-03-2015,185.5,33.800000000000004,30.33
-27.273889,28.49,11-03-2015,186.7,31.1,30.269999
-27.4275,28.525833,11-03-2015,186.1,29.900000000000002,30.179998
-27.3,28.586944,11-03-2015,185.6,31.1,30.24
-28.141944,26.417778,11-03-2015,220.40001,13.3,33.989998
-28.1175,26.719444,11-03-2015,216.3,13.9,33.579998
-28.116667,26.725278,11-03-2015,216.3,13.9,33.579998
-27.671111,27.236944,11-03-2015,209.5,19.0,32.93
-34.092222,21.295278,29-11-2011,181.40001,12.600000000000001,30.72
-34.092222,21.295278,18-04-2012,167.0,14.3,28.38
-30.160091,27.40124,11-03-2015,201.2,13.200000000000001,31.57
-34.092222,21.295278,12-06-2012,167.0,14.3,28.38
-30.336111,27.359444,11-03-2015,201.5,13.4,31.58
-30.568333,29.422778,11-03-2015,157.8,25.400000000000002,28.07
-30.570833,29.150556,11-03-2015,159.7,25.5,27.92
-31.104278,29.399722,11-03-2015,154.2,28.0,29.029999
-30.830556,26.921389,12-03-2015,205.40001,11.100000000000001,32.04
-24.670833,28.560833,12-03-2015,187.5,59.1,32.86
-28.75,30.442778,12-03-2015,181.40001,15.600000000000001,33.11
-29.161667,30.629722,12-03-2015,155.0,17.6,28.789999
-26.619444,27.980833,12-03-2015,190.0,36.6,30.92
-34.092222,21.295278,05-11-2013,163.8,55.7,29.89
-27.38972222,26.46388889,12-03-2015,219.6,19.5,33.79
-34.092222,21.295278,07-01-2014,55.600002,19.1,20.13
-28.1175,26.719444,12-03-2015,216.3,13.9,33.579998
-27.398611,26.614722,12-03-2015,218.2,19.8,33.59
-29.160278,26.573333,12-03-2015,220.1,10.0,33.69
-31.000833,26.353056,12-03-2015,208.7,7.9,31.769999
-30.679722,26.7125,12-03-2015,211.40001,9.9,32.93
-31.031389,28.883333,12-03-2015,161.1,26.6,29.039999
-30.86013889,29.07125,12-03-2015,161.8,25.700000000000003,29.439999
-30.77586667,29.03221667,12-03-2015,162.90001,25.700000000000003,29.39
-34.250556,20.9925,12-03-2015,180.8,14.0,29.32
-28.308889,31.9025,12-03-2015,171.8,21.6,33.18
-27.4,26.624722,12-03-2015,218.2,19.8,33.59
-28.116667,26.725278,13-03-2015,216.3,13.9,33.579998
-27.573056,24.746389,13-03-2015,235.0,14.0,36.17
-27.902778,24.615556,13-03-2015,230.90001,11.600000000000001,36.51
-29.987778,29.851667,14-03-2015,155.3,28.3,28.689999
-25.99136,27.84208,16-03-2015,187.6,46.0,31.01
-26.45,28.085833,16-03-2015,186.7,38.7,30.5
-32.502778,19.535833,16-03-2015,234.0,5.0,34.0
-22.225556,29.990556,17-03-2015,192.8,29.700000000000003,35.86
-24.183889,30.823889,17-03-2015,173.7,45.5,34.07
-26.861111,28.884722,17-03-2015,182.40001,35.800000000000004,29.83
-27.802778,28.768333,17-03-2015,181.8,27.900000000000002,29.769999
-34.075556,20.145556,17-03-2015,182.5,12.700000000000001,30.89
-32.595833,19.009444,17-03-2015,221.2,6.6000000000000005,33.96
-25.45963889,28.26430556,17-03-2015,192.90001,49.300000000000004,32.93
-25.81048333,27.90955222,18-03-2015,191.90001,46.800000000000004,31.99
-29.641944,30.6875,18-03-2015,158.7,16.8,30.349998
-26.905,32.324722,18-03-2015,175.0,18.400000000000002,34.71
-29.758889,30.935278,18-03-2015,153.6,47.300000000000004,29.89
-27.00222,28.76528,18-03-2015,183.40001,34.300000000000004,30.07
-26.619444,27.980833,18-03-2015,190.0,36.6,30.92
-33.13083,18.86278,18-03-2015,209.90001,10.700000000000001,32.559998
-27.01011111,26.69808333,19-03-2015,210.0,25.5,32.84
-23.658056,31.05,19-03-2015,177.1,36.1,34.719997
-24.058889,31.237222,19-03-2015,174.1,42.0,34.55
-27.363611,31.783333,19-03-2015,170.5,16.8,33.2
-26.648056,27.089444,19-03-2015,197.3,32.9,31.9
-26.970278,27.211111,19-03-2015,199.8,28.6,32.09
-26.880278,26.965,19-03-2015,201.8,28.6,32.53
-27.4275,28.525833,19-03-2015,186.1,29.900000000000002,30.179998
-26.98472222,26.63227778,19-03-2015,207.8,26.200000000000003,32.93
-24.679167,30.8025,20-03-2015,162.7,68.60000000000001,29.26
-29.744167,29.905833,20-03-2015,161.0,26.900000000000002,29.539999
-28.96362,19.15486,21-03-2015,253.7,0.2,38.5
-25.49037,30.6986,23-03-2015,165.0,50.1,30.279999
-29.744167,29.905833,23-03-2015,161.0,26.900000000000002,29.539999
-26.970278,27.211111,23-03-2015,199.8,28.6,32.09
-29.042222,24.6,23-03-2015,236.1,6.9,36.43
-29.033333,23.983333,23-03-2015,230.7,5.5,36.78
-33.501667,21.624167,23-03-2015,189.6,9.0,29.73
-33.38056,19.30167,23-03-2015,196.40001,13.3,29.369999
-27.01011111,26.69808333,24-03-2015,210.0,25.5,32.84
-22.935,28.004167,24-03-2015,199.5,32.2,35.76
-34.065833,20.404167,24-03-2015,177.6,11.8,31.42
-23.763056,27.908611,24-03-2015,190.7,43.300000000000004,34.28
-23.23572222,27.717,24-03-2015,201.2,32.4,35.829998
-25.127778,27.628889,24-03-2015,203.40001,48.400000000000006,34.579998
-25.20639,27.558,24-03-2015,204.40001,48.2,34.52
-24.69514,27.40906,24-03-2015,210.1,47.6,35.25
-25.681111,31.783333,24-03-2015,165.1,31.700000000000003,32.89
-25.67386,31.57527,24-03-2015,171.40001,33.800000000000004,33.559998
-30.733889,29.828333,24-03-2015,151.7,29.6,28.769999
-29.987778,29.851667,24-03-2015,155.3,28.3,28.689999
-26.648056,27.089444,24-03-2015,197.3,32.9,31.9
-26.880278,26.965,24-03-2015,201.8,28.6,32.53
-26.73806,27.59194,24-03-2015,193.3,33.9,31.109999
-26.45,28.085833,24-03-2015,186.7,38.7,30.5
-27.273889,28.49,24-03-2015,186.7,31.1,30.269999
-27.3,28.586944,24-03-2015,185.6,31.1,30.24
-26.98472222,26.63227778,24-03-2015,207.8,26.200000000000003,32.93
-29.028629,24.638389,24-03-2015,235.6,7.2,36.37
-33.31388889,19.07472222,24-03-2015,207.5,12.9,31.99
-22.225556,29.990556,25-03-2015,192.8,29.700000000000003,35.86
-25.436111,31.982222,25-03-2015,164.6,29.3,33.91
-22.548889,28.898056,25-03-2015,195.0,33.0,35.2
-22.91028,29.61111,25-03-2015,179.1,44.0,33.36
-25.362222,31.956667,25-03-2015,162.1,29.6,33.3
-25.14944444,31.94055556,25-03-2015,162.40001,30.700000000000003,33.19
-28.404444,30.013056,25-03-2015,181.5,15.8,31.949999
-30.398056,30.601944,25-03-2015,155.2,30.8,29.64
-27.169444,29.233889,25-03-2015,177.0,34.4,29.41
-26.861111,28.884722,25-03-2015,182.40001,35.800000000000004,29.83
-27.00222,28.76528,25-03-2015,183.40001,34.300000000000004,30.07
-27.4275,28.525833,25-03-2015,186.1,29.900000000000002,30.179998
-34.405833,19.600556,25-03-2015,163.0,17.0,26.47
-32.94583,18.33667,25-03-2015,198.90001,7.2,29.56
-25.57877778,29.12747222,25-03-2015,186.90001,50.2,32.3
-26.03611,30.99778,26-03-2015,173.3,51.1,31.39
-27.937778,31.209444,26-03-2015,170.90001,15.4,31.42
-30.13573889,30.67422222,26-03-2015,156.6,25.700000000000003,29.98
-26.619444,27.980833,26-03-2015,190.0,36.6,30.92
-28.376944,24.303056,26-03-2015,230.7,8.9,36.45
-34.329722,18.990278,26-03-2015,166.40001,18.900000000000002,25.51
-33.897778,20.012778,26-03-2015,195.6,11.4,31.66
-27.573056,24.746389,27-03-2015,235.0,14.0,36.17
-27.902778,24.615556,27-03-2015,230.90001,11.600000000000001,36.51
-29.803611,30.516111,27-03-2015,152.7,22.400000000000002,29.349998
-25.99136,27.84208,30-03-2015,187.6,46.0,31.01
-29.380556,30.2775,30-03-2015,152.7,20.1,28.42
-29.140556,31.391944,31-03-2015,161.8,112.30000000000001,31.13
-28.801278,31.955389,31-03-2015,169.6,67.5,31.99
-26.45,28.085833,31-03-2015,186.7,38.7,30.5
-25.45963889,28.26430556,31-03-2015,192.90001,49.300000000000004,32.93
-34.031944,22.053333,04-12-2014,168.5,19.700000000000003,28.019999
-29.161667,23.696389,01-04-2015,232.1,4.3,37.1
-25.81048333,27.90955222,01-04-2015,191.90001,46.800000000000004,31.99
-28.747778,31.745833,01-04-2015,171.40001,104.7,32.66
-26.861111,28.884722,01-04-2015,182.40001,35.800000000000004,29.83
-27.00222,28.76528,01-04-2015,183.40001,34.300000000000004,30.07
-29.033333,23.983333,01-04-2015,230.7,5.5,36.78
-29.744167,29.905833,02-04-2015,161.0,26.900000000000002,29.539999
-28.96362,19.15486,04-04-2015,253.7,0.2,38.5
-34.039722,22.133333,19-01-2011,156.0,21.1,25.16
-25.127778,27.628889,07-04-2015,203.40001,48.400000000000006,34.579998
-25.20639,27.558,07-04-2015,204.40001,48.2,34.52
-24.69514,27.40906,07-04-2015,210.1,47.6,35.25
-24.99328,30.81444,07-04-2015,149.90001,64.60000000000001,27.31
-28.735556,29.820556,07-04-2015,180.3,15.8,32.219997
-26.73806,27.59194,07-04-2015,193.3,33.9,31.109999
-27.398611,26.614722,07-04-2015,218.2,19.8,33.59
-27.671111,27.236944,07-04-2015,209.5,19.0,32.93
-31.396,29.2651,07-04-2015,155.7,27.8,29.199999
-31.554722,29.245556,07-04-2015,145.2,29.700000000000003,27.93
-28.338333,31.373611,07-04-2015,164.90001,37.0,31.349998
-28.068333,31.55,07-04-2015,176.1,14.0,33.53
-25.73411,27.21422,08-04-2015,194.2,47.300000000000004,32.07
-27.169444,29.233889,08-04-2015,177.0,34.4,29.41
-26.861111,28.884722,08-04-2015,182.40001,35.800000000000004,29.83
-26.98472222,26.63227778,08-04-2015,207.8,26.200000000000003,32.93
-27.398611,26.614722,08-04-2015,218.2,19.8,33.59
-30.568333,29.422778,08-04-2015,157.8,25.400000000000002,28.07
-30.570833,29.150556,08-04-2015,159.7,25.5,27.92
-31.104278,29.399722,08-04-2015,154.2,28.0,29.029999
-34.031944,22.053333,08-04-2015,162.7,12.200000000000001,27.359999
-27.4,26.624722,08-04-2015,218.2,19.8,33.59
-27.01011111,26.69808333,09-04-2015,210.0,25.5,32.84
-24.768889,31.39,09-04-2015,166.0,44.400000000000006,32.989998
-28.44555556,32.325,04-06-2015,162.3,13.5,31.01
-27.602222,29.942778,09-04-2015,185.90001,35.0,31.789999
-28.75,30.442778,09-04-2015,181.40001,15.600000000000001,33.11
-29.161667,30.629722,09-04-2015,155.0,17.6,28.789999
-26.648056,27.089444,09-04-2015,197.3,32.9,31.9
-26.970278,27.211111,09-04-2015,199.8,28.6,32.09
-26.880278,26.965,09-04-2015,201.8,28.6,32.53
-28.376944,24.303056,09-04-2015,230.7,8.9,36.45
-29.1825,23.575556,09-04-2015,236.40001,3.9000000000000004,37.02
-31.031389,28.883333,09-04-2015,161.1,26.6,29.039999
-30.86013889,29.07125,09-04-2015,161.8,25.700000000000003,29.439999
-30.77586667,29.03221667,09-04-2015,162.90001,25.700000000000003,29.39
-28.308889,31.9025,09-04-2015,171.8,21.6,33.18
-27.671111,27.236944,10-04-2015,209.5,19.0,32.93
-27.573056,24.746389,10-04-2015,235.0,14.0,36.17
-34.039722,22.133333,08-04-2015,161.8,12.4,27.189999
-27.902778,24.615556,10-04-2015,230.90001,11.600000000000001,36.51
-34.02861,22.22222,10-04-2015,159.2,13.3,26.75
-24.679167,30.8025,13-04-2015,162.7,68.60000000000001,29.26
-25.99136,27.84208,13-04-2015,187.6,46.0,31.01
-34.02861,22.22222,20-01-2011,152.8,23.3,24.699999
-34.02861,22.22222,17-03-2011,152.8,23.3,24.699999
-34.02861,22.22222,19-04-2011,152.8,23.3,24.699999
-34.02861,22.22222,19-05-2011,152.8,23.3,24.699999
-34.02861,22.22222,14-06-2011,152.8,23.3,24.699999
-26.970278,27.211111,13-04-2015,199.8,28.6,32.09
-26.45,28.085833,13-04-2015,186.7,38.7,30.5
-34.02861,22.22222,12-10-2011,162.2,18.8,27.289999
-28.1175,26.719444,13-04-2015,216.3,13.9,33.579998
-28.116667,26.725278,13-04-2015,216.3,13.9,33.579998
-33.818056,19.694722,13-04-2015,202.7,13.100000000000001,31.279999
-27.01011111,26.69808333,14-04-2015,210.0,25.5,32.84
-34.02861,22.22222,24-04-2012,143.1,14.200000000000001,25.66
-34.02861,22.22222,26-06-2012,143.1,14.200000000000001,25.66
-24.058889,31.237222,14-04-2015,174.1,42.0,34.55
-25.681111,31.783333,14-04-2015,165.1,31.700000000000003,32.89
-34.02861,22.22222,11-10-2012,156.6,31.8,26.23
-25.362222,31.956667,14-04-2015,162.1,29.6,33.3
-34.02861,22.22222,06-12-2012,156.6,31.8,26.23
-34.02861,22.22222,07-01-2013,70.5,24.200000000000003,21.4
-25.398889,31.610556,14-04-2015,162.90001,34.300000000000004,32.63
-34.02861,22.22222,06-02-2013,150.40001,12.4,25.3
-34.02861,22.22222,07-03-2013,150.40001,12.4,25.3
-26.861111,28.884722,14-04-2015,182.40001,35.800000000000004,29.83
-26.648056,27.089444,14-04-2015,197.3,32.9,31.9
-34.02861,22.22222,05-06-2013,150.40001,12.4,25.3
-34.02861,22.22222,03-07-2013,150.40001,12.4,25.3
-26.98472222,26.63227778,14-04-2015,207.8,26.200000000000003,32.93
-27.935,26.126667,14-04-2015,222.8,12.9,34.219997
-28.141944,26.417778,14-04-2015,220.40001,13.3,33.989998
-28.1175,26.719444,14-04-2015,216.3,13.9,33.579998
-34.02861,22.22222,13-12-2013,147.90001,75.60000000000001,26.63
-29.160278,26.573333,14-04-2015,220.1,10.0,33.69
-28.69485,28.23487,14-04-2015,186.40001,18.1,29.46
-28.883333,27.89,14-04-2015,190.6,16.7,30.16
-34.02861,22.22222,03-04-2014,149.2,24.8,25.449999
-34.02861,22.22222,08-05-2014,149.2,24.8,25.449999
-34.02861,22.22222,04-06-2014,149.2,24.8,25.449999
-34.075556,20.145556,14-04-2015,182.5,12.700000000000001,30.89
-32.595833,19.009444,14-04-2015,221.2,6.6000000000000005,33.96
-25.45963889,28.26430556,14-04-2015,192.90001,49.300000000000004,32.93
-34.02861,22.22222,12-01-2015,159.2,13.3,26.75
-34.02861,22.22222,29-01-2015,159.2,13.3,26.75
-25.81048333,27.90955222,15-04-2015,191.90001,46.800000000000004,31.99
-22.935,28.004167,15-04-2015,199.5,32.2,35.76
-29.641944,30.6875,15-04-2015,158.7,16.8,30.349998
-23.23572222,27.717,15-04-2015,201.2,32.4,35.829998
-22.548889,28.898056,15-04-2015,195.0,33.0,35.2
-22.91028,29.61111,15-04-2015,179.1,44.0,33.36
-22.769722,30.886944,15-04-2015,183.1,46.6,34.85
-34.02861,22.22222,04-11-2015,159.2,13.3,26.75
-25.49037,30.6986,15-04-2015,165.0,50.1,30.279999
-25.513889,31.224444,15-04-2015,166.3,43.7,31.21
-27.00222,28.76528,15-04-2015,183.40001,34.300000000000004,30.07
-27.38972222,26.46388889,15-04-2015,219.6,19.5,33.79
-27.398611,26.614722,15-04-2015,218.2,19.8,33.59
-30.160091,27.40124,15-04-2015,201.2,13.200000000000001,31.57
-30.336111,27.359444,15-04-2015,201.5,13.4,31.58
-29.615556,27.065278,15-04-2015,208.7,11.700000000000001,32.219997
-34.092222,21.295278,15-04-2015,173.5,13.100000000000001,29.34
-25.447222,30.711667,15-04-2015,167.0,48.800000000000004,30.82
-29.641944,30.6875,16-04-2015,158.7,16.8,30.349998
-30.830556,26.921389,16-04-2015,205.40001,11.100000000000001,32.04
-24.282222,28.090278,16-04-2015,187.3,51.400000000000006,32.87
-23.763056,27.908611,16-04-2015,190.7,43.300000000000004,34.28
-27.671111,27.236944,16-04-2015,209.5,19.0,32.93
-31.000833,26.353056,16-04-2015,208.7,7.9,31.769999
-30.679722,26.7125,16-04-2015,211.40001,9.9,32.93
-34.405833,19.600556,13-02-2013,162.8,8.9,25.57
-34.405833,19.600556,13-03-2013,162.8,8.9,25.57
-34.405833,19.600556,10-04-2013,162.8,8.9,25.57
-34.405833,19.600556,08-05-2013,162.8,8.9,25.57
-34.250556,20.9925,16-04-2015,180.8,14.0,29.32
-33.13083,18.86278,16-04-2015,209.90001,10.700000000000001,32.559998
-29.744167,29.905833,17-04-2015,161.0,26.900000000000002,29.539999
-29.658056,25.973333,17-04-2015,217.1,6.9,33.42
-34.405833,19.600556,25-09-2013,156.6,53.800000000000004,26.449999
-29.7775,29.470833,20-04-2015,157.8,30.400000000000002,27.56
-29.987778,29.851667,20-04-2015,155.3,28.3,28.689999
-29.744167,29.905833,20-04-2015,161.0,26.900000000000002,29.539999
-34.405833,19.600556,12-02-2014,158.3,3.2,25.16
-34.405833,19.600556,12-03-2014,158.3,3.2,25.16
-33.38056,19.30167,20-04-2015,196.40001,13.3,29.369999
-28.760833,17.730278,21-04-2015,248.2,0.1,37.53
-34.065833,20.404167,21-04-2015,177.6,11.8,31.42
-25.127778,27.628889,21-04-2015,203.40001,48.400000000000006,34.579998
-25.20639,27.558,21-04-2015,204.40001,48.2,34.52
-24.39619444,27.08983333,21-04-2015,208.8,43.300000000000004,35.61
-24.69514,27.40906,21-04-2015,210.1,47.6,35.25
-26.03611,30.99778,21-04-2015,173.3,51.1,31.39
-27.937778,31.209444,21-04-2015,170.90001,15.4,31.42
-30.733889,29.828333,21-04-2015,151.7,29.6,28.769999
-26.98472222,26.63227778,21-04-2015,207.8,26.200000000000003,32.93
-33.31388889,19.07472222,21-04-2015,207.5,12.9,31.99
-27.01011111,26.69808333,22-04-2015,210.0,25.5,32.84
-28.404444,30.013056,22-04-2015,181.5,15.8,31.949999
-30.398056,30.601944,22-04-2015,155.2,30.8,29.64
-34.329722,18.990278,06-07-2011,158.2,23.5,23.05
-26.648056,27.089444,22-04-2015,197.3,32.9,31.9
-34.329722,18.990278,28-09-2011,170.40001,8.200000000000001,26.39
-34.329722,18.990278,25-10-2011,170.40001,8.200000000000001,26.39
-34.329722,18.990278,24-11-2011,170.40001,8.200000000000001,26.39
-34.329722,18.990278,22-12-2011,170.40001,8.200000000000001,26.39
-26.970278,27.211111,22-04-2015,199.8,28.6,32.09
-26.880278,26.965,22-04-2015,201.8,28.6,32.53
-34.329722,18.990278,04-04-2012,163.0,7.2,25.1
-34.329722,18.990278,03-05-2012,163.0,7.2,25.1
-34.329722,18.990278,24-05-2012,163.0,7.2,25.1
-34.329722,18.990278,19-07-2012,164.0,27.1,25.0
-34.329722,18.990278,16-08-2012,164.0,27.1,25.0
-34.405833,19.600556,22-04-2015,163.0,17.0,26.47
-34.329722,18.990278,11-10-2012,164.0,27.1,25.0
-33.7075,18.97444444,22-04-2015,203.1,17.5,31.14
-28.058889,30.373611,22-04-2015,176.40001,22.8,30.81
-25.57877778,29.12747222,22-04-2015,186.90001,50.2,32.3
-27.5275,30.858056,23-04-2015,166.3,29.900000000000002,29.97
-30.13573889,30.67422222,23-04-2015,156.6,25.700000000000003,29.98
-34.329722,18.990278,11-04-2013,164.2,8.700000000000001,24.8
-34.329722,18.990278,09-05-2013,164.2,8.700000000000001,24.8
-34.329722,18.990278,06-06-2013,164.2,8.700000000000001,24.8
-28.376944,24.303056,23-04-2015,230.7,8.9,36.45
-34.329722,18.990278,01-08-2013,154.90001,55.0,25.34
-34.329722,18.990278,29-08-2013,154.90001,55.0,25.34
-34.329722,18.990278,26-09-2013,154.90001,55.0,25.34
-34.329722,18.990278,23-04-2015,166.40001,18.900000000000002,25.51
-34.329722,18.990278,23-01-2014,157.6,3.4000000000000004,24.109999
-32.94583,18.33667,23-04-2015,198.90001,7.2,29.56
-33.897778,20.012778,23-04-2015,195.6,11.4,31.66
-27.573056,24.746389,24-04-2015,235.0,14.0,36.17
-27.902778,24.615556,24-04-2015,230.90001,11.600000000000001,36.51
-33.870833,20.003333,27-04-2015,192.6,12.0,31.99
-29.140556,31.391944,28-04-2015,161.8,112.30000000000001,31.13
-25.99136,27.84208,28-04-2015,187.6,46.0,31.01
-28.801278,31.955389,28-04-2015,169.6,67.5,31.99
-26.970278,27.211111,28-04-2015,199.8,28.6,32.09
-26.73806,27.59194,28-04-2015,193.3,33.9,31.109999
-26.45,28.085833,28-04-2015,186.7,38.7,30.5
-33.501667,21.624167,28-04-2015,189.6,9.0,29.73
-28.760833,17.730278,29-04-2015,248.2,0.1,37.53
-34.329722,18.990278,25-06-2015,166.40001,18.900000000000002,25.51
-34.329722,18.990278,23-07-2015,166.40001,18.900000000000002,25.51
-34.329722,18.990278,27-08-2015,166.40001,18.900000000000002,25.51
-34.329722,18.990278,01-10-2015,166.40001,18.900000000000002,25.51
-28.7115,24.07288889,29-04-2015,231.5,6.7,36.8
-27.01011111,26.69808333,29-04-2015,210.0,25.5,32.84
-25.73411,27.21422,29-04-2015,194.2,47.300000000000004,32.07
-28.747778,31.745833,29-04-2015,171.40001,104.7,32.66
-26.861111,28.884722,29-04-2015,182.40001,35.800000000000004,29.83
-27.00222,28.76528,29-04-2015,183.40001,34.300000000000004,30.07
-26.648056,27.089444,29-04-2015,197.3,32.9,31.9
-26.880278,26.965,29-04-2015,201.8,28.6,32.53
-26.98472222,26.63227778,29-04-2015,207.8,26.200000000000003,32.93
-27.935,26.126667,29-04-2015,222.8,12.9,34.219997
-28.141944,26.417778,29-04-2015,220.40001,13.3,33.989998
-28.1175,26.719444,29-04-2015,216.3,13.9,33.579998
-29.1825,23.575556,29-04-2015,236.40001,3.9000000000000004,37.02
-25.45963889,28.26430556,29-04-2015,192.90001,49.300000000000004,32.93
-25.81048333,27.90955222,30-04-2015,191.90001,46.800000000000004,31.99
-29.744167,29.905833,30-04-2015,161.0,26.900000000000002,29.539999
-29.380556,30.2775,30-04-2015,152.7,20.1,28.42
-27.602222,29.942778,01-05-2015,185.90001,35.0,31.789999
-28.735556,29.820556,04-05-2015,180.3,15.8,32.219997
-26.510278,28.351389,04-05-2015,183.8,39.2,30.359999
-26.73806,27.59194,04-05-2015,193.3,33.9,31.109999
-27.671111,27.236944,04-05-2015,209.5,19.0,32.93
-25.127778,27.628889,05-05-2015,203.40001,48.400000000000006,34.579998
-25.20639,27.558,05-05-2015,204.40001,48.2,34.52
-24.69514,27.40906,05-05-2015,210.1,47.6,35.25
-27.169444,29.233889,05-05-2015,177.0,34.4,29.41
-27.802778,28.768333,05-05-2015,181.8,27.900000000000002,29.769999
-27.398611,26.614722,05-05-2015,218.2,19.8,33.59
-34.031944,22.053333,05-05-2015,162.7,12.200000000000001,27.359999
-34.039722,22.133333,05-05-2015,161.8,12.4,27.189999
-28.338333,31.373611,05-05-2015,164.90001,37.0,31.349998
-28.068333,31.55,05-05-2015,176.1,14.0,33.53
-27.4,26.624722,05-05-2015,218.2,19.8,33.59
-27.01011111,26.69808333,06-05-2015,210.0,25.5,32.84
-29.641944,30.6875,06-05-2015,158.7,16.8,30.349998
-24.39619444,27.08983333,06-05-2015,208.8,43.300000000000004,35.61
-28.75,30.442778,06-05-2015,181.40001,15.600000000000001,33.11
-27.02314,28.59389,06-05-2015,185.5,33.800000000000004,30.33
-26.648056,27.089444,06-05-2015,197.3,32.9,31.9
-26.970278,27.211111,06-05-2015,199.8,28.6,32.09
-26.880278,26.965,06-05-2015,201.8,28.6,32.53
-27.4275,28.525833,06-05-2015,186.1,29.900000000000002,30.179998
-27.3,28.586944,06-05-2015,185.6,31.1,30.24
-26.98472222,26.63227778,06-05-2015,207.8,26.200000000000003,32.93
-33.870833,20.003333,31-03-2011,193.5,11.3,29.58
-33.870833,20.003333,23-08-2011,199.5,6.4,32.68
-33.870833,20.003333,20-09-2011,199.5,6.4,32.68
-33.870833,20.003333,26-10-2011,199.5,6.4,32.68
-33.870833,20.003333,16-11-2011,199.5,6.4,32.68
-33.870833,20.003333,02-04-2012,190.90001,11.9,31.099998
-33.870833,20.003333,01-05-2012,190.90001,11.9,31.099998
-33.870833,20.003333,22-05-2012,190.90001,11.9,31.099998
-33.870833,20.003333,19-06-2012,190.90001,11.9,31.099998
-34.005833,22.351111,06-05-2015,156.5,14.4,26.23
-33.870833,20.003333,10-09-2012,198.6,14.8,31.429998
-33.870833,20.003333,08-10-2012,198.6,14.8,31.429998
-33.870833,20.003333,05-11-2012,198.6,14.8,31.429998
-33.870833,20.003333,06-02-2013,195.0,8.8,30.9
-33.870833,20.003333,12-02-2013,195.0,8.8,30.9
-33.870833,20.003333,11-03-2013,195.0,8.8,30.9
-33.870833,20.003333,08-04-2013,195.0,8.8,30.9
-33.870833,20.003333,03-06-2013,195.0,8.8,30.9
-33.870833,20.003333,29-07-2013,180.40001,36.2,31.73
-33.870833,20.003333,29-08-2013,180.40001,36.2,31.73
-33.870833,20.003333,23-09-2013,180.40001,36.2,31.73
-33.870833,20.003333,21-10-2013,180.40001,36.2,31.73
-28.44555556,32.325,30-06-2015,162.3,13.5,31.01
-33.870833,20.003333,20-01-2014,191.2,2.1,30.64
-33.870833,20.003333,10-02-2014,191.2,2.1,30.64
-33.870833,20.003333,10-03-2014,191.2,2.1,30.64
-33.870833,20.003333,07-04-2014,191.2,2.1,30.64
-33.870833,20.003333,19-05-2014,191.2,2.1,30.64
-33.870833,20.003333,26-06-2014,191.2,2.1,30.64
-33.870833,20.003333,31-07-2014,201.1,12.700000000000001,32.19
-33.870833,20.003333,04-09-2014,201.1,12.700000000000001,32.19
-33.870833,20.003333,02-10-2014,201.1,12.700000000000001,32.19
-33.870833,20.003333,26-02-2015,192.6,12.0,31.99
-29.161667,30.629722,07-05-2015,155.0,17.6,28.789999
-33.870833,20.003333,25-06-2015,192.6,12.0,31.99
-33.870833,20.003333,23-07-2015,192.6,12.0,31.99
-33.870833,20.003333,27-08-2015,192.6,12.0,31.99
-33.870833,20.003333,29-10-2015,192.6,12.0,31.99
-33.870833,20.003333,03-12-2015,192.6,12.0,31.99
-26.619444,27.980833,07-05-2015,190.0,36.6,30.92
-27.573056,24.746389,07-05-2015,235.0,14.0,36.17
-28.376944,24.303056,07-05-2015,230.7,8.9,36.45
-34.02861,22.22222,07-05-2015,159.2,13.3,26.75
-28.308889,31.9025,07-05-2015,171.8,21.6,33.18
-27.902778,24.615556,08-05-2015,230.90001,11.600000000000001,36.51
-28.058889,30.373611,10-05-2015,176.40001,22.8,30.81
-29.161667,23.696389,11-05-2015,232.1,4.3,37.1
-24.058889,31.237222,11-05-2015,174.1,42.0,34.55
-25.49037,30.6986,11-05-2015,165.0,50.1,30.279999
-24.99328,30.81444,11-05-2015,149.90001,64.60000000000001,27.31
-26.648056,27.089444,11-05-2015,197.3,32.9,31.9
-26.970278,27.211111,11-05-2015,199.8,28.6,32.09
-26.880278,26.965,11-05-2015,201.8,28.6,32.53
-29.160278,26.573333,11-05-2015,220.1,10.0,33.69
-31.396,29.2651,11-05-2015,155.7,27.8,29.199999
-31.554722,29.245556,11-05-2015,145.2,29.700000000000003,27.93
-33.818056,19.694722,11-05-2015,202.7,13.100000000000001,31.279999
-32.502778,19.535833,11-05-2015,234.0,5.0,34.0
-25.447222,30.711667,11-05-2015,167.0,48.800000000000004,30.82
-33.818056,19.694722,03-06-2013,203.90001,9.1,30.23
-33.818056,19.694722,29-07-2013,193.40001,38.1,31.07
-28.7115,24.07288889,12-05-2015,231.5,6.7,36.8
-27.01011111,26.69808333,12-05-2015,210.0,25.5,32.84
-25.81048333,27.90955222,12-05-2015,191.90001,46.800000000000004,31.99
-25.99136,27.84208,12-05-2015,187.6,46.0,31.01
-25.681111,31.783333,12-05-2015,165.1,31.700000000000003,32.89
-25.67386,31.57527,12-05-2015,171.40001,33.800000000000004,33.559998
-25.513889,31.224444,12-05-2015,166.3,43.7,31.21
-24.768889,31.39,12-05-2015,166.0,44.400000000000006,32.989998
-24.9675,31.516667,12-05-2015,167.90001,39.0,33.34
-27.363611,31.783333,12-05-2015,170.5,16.8,33.2
-26.73806,27.59194,12-05-2015,193.3,33.9,31.109999
-26.45,28.085833,12-05-2015,186.7,38.7,30.5
-26.98472222,26.63227778,12-05-2015,207.8,26.200000000000003,32.93
-28.69485,28.23487,12-05-2015,186.40001,18.1,29.46
-29.615556,27.065278,12-05-2015,208.7,11.700000000000001,32.219997
-28.883333,27.89,12-05-2015,190.6,16.7,30.16
-29.1825,23.575556,12-05-2015,236.40001,3.9000000000000004,37.02
-30.570833,29.150556,12-05-2015,159.7,25.5,27.92
-31.104278,29.399722,12-05-2015,154.2,28.0,29.029999
-34.075556,20.145556,12-05-2015,182.5,12.700000000000001,30.89
-32.595833,19.009444,12-05-2015,221.2,6.6000000000000005,33.96
-34.075556,20.145556,26-01-2011,183.2,13.3,28.57
-34.075556,20.145556,23-02-2011,183.2,13.3,28.57
-25.436111,31.982222,13-05-2015,164.6,29.3,33.91
-25.362222,31.956667,13-05-2015,162.1,29.6,33.3
-34.075556,20.145556,28-06-2011,183.2,13.3,28.57
-25.398889,31.610556,13-05-2015,162.90001,34.300000000000004,32.63
-25.14944444,31.94055556,13-05-2015,162.40001,30.700000000000003,33.19
-26.861111,28.884722,13-05-2015,182.40001,35.800000000000004,29.83
-27.273889,28.49,13-05-2015,186.7,31.1,30.269999
-27.802778,28.768333,13-05-2015,181.8,27.900000000000002,29.769999
-27.935,26.126667,13-05-2015,222.8,12.9,34.219997
-30.160091,27.40124,13-05-2015,201.2,13.200000000000001,31.57
-30.336111,27.359444,13-05-2015,201.5,13.4,31.58
-30.568333,29.422778,13-05-2015,157.8,25.400000000000002,28.07
-31.031389,28.883333,13-05-2015,161.1,26.6,29.039999
-30.86013889,29.07125,13-05-2015,161.8,25.700000000000003,29.439999
-30.77586667,29.03221667,13-05-2015,162.90001,25.700000000000003,29.39
-33.38056,19.30167,13-05-2015,196.40001,13.3,29.369999
-33.08883333,19.21878333,13-05-2015,200.1,11.0,28.91
-25.45963889,28.26430556,13-05-2015,192.90001,49.300000000000004,32.93
-29.641944,30.6875,14-05-2015,158.7,16.8,30.349998
-30.830556,26.921389,14-05-2015,205.40001,11.100000000000001,32.04
-24.282222,28.090278,14-05-2015,187.3,51.400000000000006,32.87
-23.658056,31.05,14-05-2015,177.1,36.1,34.719997
-27.273889,28.49,14-05-2015,186.7,31.1,30.269999
-31.000833,26.353056,14-05-2015,208.7,7.9,31.769999
-30.534167,24.961944,14-05-2015,229.2,3.0,34.48
-33.7075,18.97444444,14-05-2015,203.1,17.5,31.14
-29.744167,29.905833,15-05-2015,161.0,26.900000000000002,29.539999
-29.7775,29.470833,18-05-2015,157.8,30.400000000000002,27.56
-29.744167,29.905833,18-05-2015,161.0,26.900000000000002,29.539999
-34.065833,20.404167,19-05-2015,177.6,11.8,31.42
-34.075556,20.145556,23-09-2013,178.0,43.1,30.789999
-24.679167,30.8025,19-05-2015,162.7,68.60000000000001,29.26
-25.127778,27.628889,19-05-2015,203.40001,48.400000000000006,34.579998
-25.20639,27.558,19-05-2015,204.40001,48.2,34.52
-24.39619444,27.08983333,19-05-2015,208.8,43.300000000000004,35.61
-24.69514,27.40906,19-05-2015,210.1,47.6,35.25
-30.733889,29.828333,19-05-2015,151.7,29.6,28.769999
-29.987778,29.851667,19-05-2015,155.3,28.3,28.689999
-27.02314,28.59389,19-05-2015,185.5,33.800000000000004,30.33
-28.141944,26.417778,19-05-2015,220.40001,13.3,33.989998
-28.1175,26.719444,19-05-2015,216.3,13.9,33.579998
-34.092222,21.295278,19-05-2015,173.5,13.100000000000001,29.34
-33.31388889,19.07472222,19-05-2015,207.5,12.9,31.99
-29.161667,23.696389,20-05-2015,232.1,4.3,37.1
-22.225556,29.990556,20-05-2015,192.8,29.700000000000003,35.86
-24.183889,30.823889,20-05-2015,173.7,45.5,34.07
-24.058889,31.237222,20-05-2015,174.1,42.0,34.55
-26.03611,30.99778,20-05-2015,173.3,51.1,31.39
-34.075556,20.145556,09-06-2015,182.5,12.700000000000001,30.89
-27.937778,31.209444,20-05-2015,170.90001,15.4,31.42
-28.404444,30.013056,20-05-2015,181.5,15.8,31.949999
-32.595833,19.009444,17-03-2011,218.5,7.300000000000001,30.83
-32.595833,19.009444,13-04-2011,218.5,7.300000000000001,30.83
-26.880278,26.965,20-05-2015,201.8,28.6,32.53
-32.595833,19.009444,14-06-2011,218.5,7.300000000000001,30.83
-32.595833,19.009444,15-07-2011,231.3,2.3000000000000003,34.62
-32.595833,19.009444,11-08-2011,231.3,2.3000000000000003,34.62
-32.595833,19.009444,05-10-2011,231.3,2.3000000000000003,34.62
-28.96362,19.15486,20-05-2015,253.7,0.2,38.5
-34.405833,19.600556,20-05-2015,163.0,17.0,26.47
-33.13083,18.86278,20-05-2015,209.90001,10.700000000000001,32.559998
-27.5275,30.858056,21-05-2015,166.3,29.900000000000002,29.97
-30.13573889,30.67422222,21-05-2015,156.6,25.700000000000003,29.98
-32.595833,19.009444,10-04-2012,213.8,19.700000000000003,33.0
-32.595833,19.009444,08-05-2012,213.8,19.700000000000003,33.0
-27.38972222,26.46388889,21-05-2015,219.6,19.5,33.79
-32.595833,19.009444,24-07-2012,237.40001,3.4000000000000004,33.48
-32.595833,19.009444,22-08-2012,237.40001,3.4000000000000004,33.48
-27.398611,26.614722,21-05-2015,218.2,19.8,33.59
-28.376944,24.303056,21-05-2015,230.7,8.9,36.45
-34.250556,20.9925,21-05-2015,180.8,14.0,29.32
-34.329722,18.990278,21-05-2015,166.40001,18.900000000000002,25.51
-32.94583,18.33667,21-05-2015,198.90001,7.2,29.56
-27.4,26.624722,21-05-2015,218.2,19.8,33.59
-27.902778,24.615556,22-05-2015,230.90001,11.600000000000001,36.51
-29.803611,30.516111,22-05-2015,152.7,22.400000000000002,29.349998
-33.501667,21.624167,23-05-2015,189.6,9.0,29.73
-25.99136,27.84208,25-05-2015,187.6,46.0,31.01
-26.970278,27.211111,25-05-2015,199.8,28.6,32.09
-32.595833,19.009444,20-08-2013,215.3,18.400000000000002,33.63
-26.880278,26.965,25-05-2015,201.8,28.6,32.53
-32.595833,19.009444,08-10-2013,215.3,18.400000000000002,33.63
-26.73806,27.59194,25-05-2015,193.3,33.9,31.109999
-26.45,28.085833,25-05-2015,186.7,38.7,30.5
-27.01011111,26.69808333,26-05-2015,210.0,25.5,32.84
-29.380556,30.2775,26-05-2015,152.7,20.1,28.42
-26.861111,28.884722,26-05-2015,182.40001,35.800000000000004,29.83
-26.648056,27.089444,26-05-2015,197.3,32.9,31.9
-32.595833,19.009444,24-06-2014,223.1,0.9,32.48
-32.595833,19.009444,23-09-2014,231.40001,3.7,34.079998
-26.98472222,26.63227778,26-05-2015,207.8,26.200000000000003,32.93
-28.141944,26.417778,26-05-2015,220.40001,13.3,33.989998
-25.45963889,28.26430556,26-05-2015,192.90001,49.300000000000004,32.93
-25.81048333,27.90955222,27-05-2015,191.90001,46.800000000000004,31.99
-32.595833,19.009444,09-06-2015,221.2,6.6000000000000005,33.96
-32.595833,19.009444,21-07-2015,221.2,6.6000000000000005,33.96
-32.595833,19.009444,18-08-2015,221.2,6.6000000000000005,33.96
-22.225556,29.990556,27-05-2015,192.8,29.700000000000003,35.86
-24.282222,28.090278,27-05-2015,187.3,51.400000000000006,32.87
-28.747778,31.745833,27-05-2015,171.40001,104.7,32.66
-27.00222,28.76528,27-05-2015,183.40001,34.300000000000004,30.07
-27.273889,28.49,27-05-2015,186.7,31.1,30.269999
-29.033333,23.983333,27-05-2015,230.7,5.5,36.78
-33.08883333,19.21878333,15-10-2013,189.8,31.5,29.019999
-25.57877778,29.12747222,28-05-2015,186.90001,50.2,32.3
-29.744167,29.905833,29-05-2015,161.0,26.900000000000002,29.539999
-28.768056,20.720556,29-05-2015,253.7,0.8,38.129997
-22.225556,29.990556,01-06-2015,192.8,29.700000000000003,35.86
-33.08883333,19.21878333,23-06-2014,198.90001,1.7000000000000002,27.48
-26.510278,28.351389,01-06-2015,183.8,39.2,30.359999
-33.08883333,19.21878333,12-08-2014,205.3,9.3,29.49
-33.08883333,19.21878333,10-09-2014,205.3,9.3,29.49
-33.08883333,19.21878333,22-10-2014,205.3,9.3,29.49
-33.08883333,19.21878333,20-11-2014,205.3,9.3,29.49
-33.08883333,19.21878333,14-01-2015,200.1,11.0,28.91
-33.08883333,19.21878333,18-02-2015,200.1,11.0,28.91
-33.08883333,19.21878333,19-03-2015,200.1,11.0,28.91
-33.08883333,19.21878333,15-04-2015,200.1,11.0,28.91
-27.671111,27.236944,01-06-2015,209.5,19.0,32.93
-33.08883333,19.21878333,19-08-2015,200.1,11.0,28.91
-33.08883333,19.21878333,16-09-2015,200.1,11.0,28.91
-30.568333,29.422778,01-06-2015,157.8,25.400000000000002,28.07
-33.08883333,19.21878333,25-11-2015,200.1,11.0,28.91
-31.396,29.2651,01-06-2015,155.7,27.8,29.199999
-25.127778,27.628889,02-06-2015,203.40001,48.400000000000006,34.579998
-25.20639,27.558,02-06-2015,204.40001,48.2,34.52
-32.502778,19.535833,13-06-2011,233.40001,4.800000000000001,30.92
-24.69514,27.40906,02-06-2015,210.1,47.6,35.25
-27.935,26.126667,02-06-2015,222.8,12.9,34.219997
-28.1175,26.719444,02-06-2015,216.3,13.9,33.579998
-27.398611,26.614722,02-06-2015,218.2,19.8,33.59
-30.160091,27.40124,02-06-2015,201.2,13.200000000000001,31.57
-30.336111,27.359444,02-06-2015,201.5,13.4,31.58
-31.104278,29.399722,02-06-2015,154.2,28.0,29.029999
-32.502778,19.535833,27-07-2012,237.5,2.6,33.739998
-34.031944,22.053333,02-06-2015,162.7,12.200000000000001,27.359999
-34.039722,22.133333,02-06-2015,161.8,12.4,27.189999
-34.02861,22.22222,02-06-2015,159.2,13.3,26.75
-28.338333,31.373611,02-06-2015,164.90001,37.0,31.349998
-28.068333,31.55,02-06-2015,176.1,14.0,33.53
-27.4,26.624722,02-06-2015,218.2,19.8,33.59
-30.830556,26.921389,03-06-2015,205.40001,11.100000000000001,32.04
-24.670833,28.560833,03-06-2015,187.5,59.1,32.86
-24.39619444,27.08983333,03-06-2015,208.8,43.300000000000004,35.61
-28.75,30.442778,03-06-2015,181.40001,15.600000000000001,33.11
-29.161667,30.629722,03-06-2015,155.0,17.6,28.789999
-27.802778,28.768333,03-06-2015,181.8,27.900000000000002,29.769999
-31.000833,26.353056,03-06-2015,208.7,7.9,31.769999
-30.679722,26.7125,03-06-2015,211.40001,9.9,32.93
-30.570833,29.150556,03-06-2015,159.7,25.5,27.92
-28.058889,30.373611,03-06-2015,176.40001,22.8,30.81
-28.760833,17.730278,04-06-2015,248.2,0.1,37.53
-32.502778,19.535833,09-06-2014,233.8,0.6000000000000001,32.55
-28.44555556,32.325,28-07-2015,162.3,13.5,31.01
-27.273889,28.49,04-06-2015,186.7,31.1,30.269999
-27.573056,24.746389,04-06-2015,235.0,14.0,36.17
-28.376944,24.303056,04-06-2015,230.7,8.9,36.45
-31.031389,28.883333,04-06-2015,161.1,26.6,29.039999
-30.86013889,29.07125,04-06-2015,161.8,25.700000000000003,29.439999
-32.502778,19.535833,13-04-2015,234.0,5.0,34.0
-30.77586667,29.03221667,04-06-2015,162.90001,25.700000000000003,29.39
-32.502778,19.535833,08-06-2015,234.0,5.0,34.0
-27.902778,24.615556,05-06-2015,230.90001,11.600000000000001,36.51
-32.502778,19.535833,17-08-2015,234.0,5.0,34.0
-31.554722,29.245556,05-06-2015,145.2,29.700000000000003,27.93
-32.502778,19.535833,19-10-2015,234.0,5.0,34.0
-25.99136,27.84208,08-06-2015,187.6,46.0,31.01
-31.5653,18.3306,05-01-2011,90.5,19.6,25.689999
-31.5653,18.3306,09-02-2011,208.7,2.9000000000000004,28.32
-31.5653,18.3306,16-03-2011,208.7,2.9000000000000004,28.32
-31.5653,18.3306,12-04-2011,208.7,2.9000000000000004,28.32
-26.970278,27.211111,08-06-2015,199.8,28.6,32.09
-26.880278,26.965,08-06-2015,201.8,28.6,32.53
-26.73806,27.59194,08-06-2015,193.3,33.9,31.109999
-26.45,28.085833,08-06-2015,186.7,38.7,30.5
-33.818056,19.694722,08-06-2015,202.7,13.100000000000001,31.279999
-31.5653,18.3306,09-11-2011,222.7,0.7000000000000001,31.98
-31.5653,18.3306,21-12-2011,222.7,0.7000000000000001,31.98
-31.5653,18.3306,17-01-2012,203.2,13.100000000000001,29.98
-31.5653,18.3306,15-02-2012,203.2,13.100000000000001,29.98
-31.5653,18.3306,13-03-2012,203.2,13.100000000000001,29.98
-31.5653,18.3306,17-04-2012,203.2,13.100000000000001,29.98
-31.5653,18.3306,17-05-2012,203.2,13.100000000000001,29.98
-31.5653,18.3306,29-05-2012,203.2,13.100000000000001,29.98
-27.01011111,26.69808333,09-06-2015,210.0,25.5,32.84
-25.73411,27.21422,09-06-2015,194.2,47.300000000000004,32.07
-27.363611,31.783333,09-06-2015,170.5,16.8,33.2
-26.861111,28.884722,09-06-2015,182.40001,35.800000000000004,29.83
-31.5653,18.3306,23-10-2012,226.8,0.5,31.15
-31.5653,18.3306,13-11-2012,226.8,0.5,31.15
-31.5653,18.3306,04-12-2012,226.8,0.5,31.15
-31.5653,18.3306,26-03-2013,211.6,4.7,30.029999
-31.5653,18.3306,23-04-2013,211.6,4.7,30.029999
-31.5653,18.3306,21-05-2013,211.6,4.7,30.029999
-27.00222,28.76528,09-06-2015,183.40001,34.300000000000004,30.07
-27.02314,28.59389,09-06-2015,185.5,33.800000000000004,30.33
-31.5653,18.3306,28-01-2014,213.1,0.6000000000000001,29.73
-31.5653,18.3306,12-02-2014,213.1,0.6000000000000001,29.73
-31.5653,18.3306,04-03-2014,213.1,0.6000000000000001,29.73
-31.5653,18.3306,01-04-2014,213.1,0.6000000000000001,29.73
-31.5653,18.3306,13-05-2014,213.1,0.6000000000000001,29.73
-26.648056,27.089444,09-06-2015,197.3,32.9,31.9
-26.98472222,26.63227778,09-06-2015,207.8,26.200000000000003,32.93
-27.935,26.126667,09-06-2015,222.8,12.9,34.219997
-28.141944,26.417778,09-06-2015,220.40001,13.3,33.989998
-31.5653,18.3306,21-10-2014,219.2,1.2000000000000002,31.42
-31.5653,18.3306,25-11-2014,219.2,1.2000000000000002,31.42
-31.5653,18.3306,27-01-2015,214.3,2.1,31.24
-31.5653,18.3306,17-02-2015,214.3,2.1,31.24
-31.5653,18.3306,17-03-2015,214.3,2.1,31.24
-31.5653,18.3306,14-04-2015,214.3,2.1,31.24
-31.5653,18.3306,12-05-2015,214.3,2.1,31.24
-31.5653,18.3306,09-06-2015,214.3,2.1,31.24
-28.1175,26.719444,09-06-2015,216.3,13.9,33.579998
-29.160278,26.573333,09-06-2015,220.1,10.0,33.69
-31.5653,18.3306,15-09-2015,214.3,2.1,31.24
-31.5653,18.3306,20-10-2015,214.3,2.1,31.24
-31.5653,18.3306,24-11-2015,214.3,2.1,31.24
-32.601389,18.750556,10-05-2011,216.40001,7.9,30.01
-32.601389,18.750556,13-06-2011,216.40001,7.9,30.01
-32.601389,18.750556,12-07-2011,230.90001,2.3000000000000003,33.89
-32.601389,18.750556,10-08-2011,230.90001,2.3000000000000003,33.89
-32.601389,18.750556,06-09-2011,230.90001,2.3000000000000003,33.89
-32.601389,18.750556,03-11-2011,230.90001,2.3000000000000003,33.89
-32.601389,18.750556,29-05-2012,215.8,18.900000000000002,32.29
-32.601389,18.750556,03-07-2012,215.8,18.900000000000002,32.29
-32.601389,18.750556,31-07-2012,235.6,3.6,32.76
-32.601389,18.750556,28-08-2012,235.6,3.6,32.76
-32.601389,18.750556,26-09-2012,235.6,3.6,32.76
-32.601389,18.750556,23-10-2012,235.6,3.6,32.76
-28.69485,28.23487,09-06-2015,186.40001,18.1,29.46
-32.601389,18.750556,16-07-2013,214.90001,18.3,32.899998
-32.601389,18.750556,13-08-2013,214.90001,18.3,32.899998
-32.601389,18.750556,10-09-2013,214.90001,18.3,32.899998
-32.601389,18.750556,09-10-2013,214.90001,18.3,32.899998
-32.601389,18.750556,05-11-2013,214.90001,18.3,32.899998
-32.601389,18.750556,26-11-2013,214.90001,18.3,32.899998
-32.601389,18.750556,12-06-2014,223.40001,1.0,31.679998
-32.601389,18.750556,17-07-2014,229.7,4.0,33.36
-32.601389,18.750556,28-08-2014,229.7,4.0,33.36
-32.601389,18.750556,25-09-2014,229.7,4.0,33.36
-32.601389,18.750556,23-10-2014,229.7,4.0,33.36
-32.601389,18.750556,27-11-2014,229.7,4.0,33.36
-32.601389,18.750556,25-02-2015,222.5,6.6000000000000005,33.149998
-32.601389,18.750556,21-05-2015,222.5,6.6000000000000005,33.149998
-32.601389,18.750556,26-06-2015,222.5,6.6000000000000005,33.149998
-32.601389,18.750556,30-07-2015,222.5,6.6000000000000005,33.149998
-32.601389,18.750556,27-08-2015,222.5,6.6000000000000005,33.149998
-32.601389,18.750556,29-10-2015,222.5,6.6000000000000005,33.149998
-28.883333,27.89,09-06-2015,190.6,16.7,30.16
-25.45963889,28.26430556,09-06-2015,192.90001,49.300000000000004,32.93
-25.81048333,27.90955222,10-06-2015,191.90001,46.800000000000004,31.99
-29.641944,30.6875,10-06-2015,158.7,16.8,30.349998
-24.282222,28.090278,10-06-2015,187.3,51.400000000000006,32.87
-23.763056,27.908611,10-06-2015,190.7,43.300000000000004,34.28
-23.23572222,27.717,10-06-2015,201.2,32.4,35.829998
-24.058889,31.237222,10-06-2015,174.1,42.0,34.55
-27.802778,28.768333,10-06-2015,181.8,27.900000000000002,29.769999
-27.671111,27.236944,10-06-2015,209.5,19.0,32.93
-30.160091,27.40124,10-06-2015,201.2,13.200000000000001,31.57
-30.336111,27.359444,10-06-2015,201.5,13.4,31.58
-29.615556,27.065278,10-06-2015,208.7,11.700000000000001,32.219997
-33.38056,19.30167,10-06-2015,196.40001,13.3,29.369999
-33.08883333,19.21878333,10-06-2015,200.1,11.0,28.91
-25.57877778,29.12747222,10-06-2015,186.90001,50.2,32.3
-22.225556,29.990556,11-06-2015,192.8,29.700000000000003,35.86
-30.830556,26.921389,11-06-2015,205.40001,11.100000000000001,32.04
-24.95861111,29.39527778,11-06-2015,191.2,50.2,33.96
-27.02314,28.59389,11-06-2015,185.5,33.800000000000004,30.33
-27.4275,28.525833,11-06-2015,186.1,29.900000000000002,30.179998
-27.3,28.586944,11-06-2015,185.6,31.1,30.24
-27.38972222,26.46388889,11-06-2015,219.6,19.5,33.79
-27.398611,26.614722,11-06-2015,218.2,19.8,33.59
-31.000833,26.353056,11-06-2015,208.7,7.9,31.769999
-30.679722,26.7125,11-06-2015,211.40001,9.9,32.93
-30.534167,24.961944,11-06-2015,229.2,3.0,34.48
-33.7075,18.97444444,11-06-2015,203.1,17.5,31.14
-33.72266667,18.61691667,11-06-2015,195.0,14.5,29.06
-27.356667,27.286389,11-06-2015,208.3,22.900000000000002,32.5
-29.641944,30.6875,12-06-2015,158.7,16.8,30.349998
-29.744167,29.905833,12-06-2015,161.0,26.900000000000002,29.539999
-26.619444,27.980833,12-06-2015,190.0,36.6,30.92
-27.573056,24.746389,12-06-2015,235.0,14.0,36.17
-29.658056,25.973333,12-06-2015,217.1,6.9,33.42
-23.658056,31.05,15-06-2015,177.1,36.1,34.719997
-29.7775,29.470833,15-06-2015,157.8,30.400000000000002,27.56
-29.987778,29.851667,15-06-2015,155.3,28.3,28.689999
-29.744167,29.905833,15-06-2015,161.0,26.900000000000002,29.539999
-24.679167,30.8025,16-06-2015,162.7,68.60000000000001,29.26
-25.127778,27.628889,16-06-2015,203.40001,48.400000000000006,34.579998
-25.20639,27.558,16-06-2015,204.40001,48.2,34.52
-24.39619444,27.08983333,16-06-2015,208.8,43.300000000000004,35.61
-24.69514,27.40906,16-06-2015,210.1,47.6,35.25
-22.769722,30.886944,17-06-2015,183.1,46.6,34.85
-24.058889,31.237222,17-06-2015,174.1,42.0,34.55
-28.404444,30.013056,17-06-2015,181.5,15.8,31.949999
-30.733889,29.828333,17-06-2015,151.7,29.6,28.769999
-30.398056,30.601944,17-06-2015,155.2,30.8,29.64
-27.273889,28.49,17-06-2015,186.7,31.1,30.269999
-34.092222,21.295278,17-06-2015,173.5,13.100000000000001,29.34
-28.058889,30.373611,17-06-2015,176.40001,22.8,30.81
-27.5275,30.858056,18-06-2015,166.3,29.900000000000002,29.97
-30.13573889,30.67422222,18-06-2015,156.6,25.700000000000003,29.98
-26.880278,26.965,18-06-2015,201.8,28.6,32.53
-28.1175,26.719444,18-06-2015,216.3,13.9,33.579998
-28.376944,24.303056,18-06-2015,230.7,8.9,36.45
-31.394444,20.947222,18-06-2015,238.6,5.300000000000001,33.77
-29.651389,22.746389,18-06-2015,248.3,2.1,37.05
-34.250556,20.9925,18-06-2015,180.8,14.0,29.32
-33.13083,18.86278,04-07-2012,209.40001,17.5,31.89
-24.183889,30.823889,19-06-2015,173.7,45.5,34.07
-27.902778,24.615556,19-06-2015,230.90001,11.600000000000001,36.51
-29.803611,30.516111,19-06-2015,152.7,22.400000000000002,29.349998
-25.99136,27.84208,22-06-2015,187.6,46.0,31.01
-25.49037,30.6986,22-06-2015,165.0,50.1,30.279999
-24.99328,30.81444,22-06-2015,149.90001,64.60000000000001,27.31
-26.970278,27.211111,22-06-2015,199.8,28.6,32.09
-26.880278,26.965,22-06-2015,201.8,28.6,32.53
-26.73806,27.59194,22-06-2015,193.3,33.9,31.109999
-26.45,28.085833,22-06-2015,186.7,38.7,30.5
-27.273889,28.49,22-06-2015,186.7,31.1,30.269999
-27.01011111,26.69808333,23-06-2015,210.0,25.5,32.84
-25.436111,31.982222,23-06-2015,164.6,29.3,33.91
-29.140556,31.391944,23-06-2015,161.8,112.30000000000001,31.13
-34.065833,20.404167,23-06-2015,177.6,11.8,31.42
-22.43772222,31.07805556,23-06-2015,196.40001,43.0,36.73
-25.681111,31.783333,23-06-2015,165.1,31.700000000000003,32.89
-25.67386,31.57527,23-06-2015,171.40001,33.800000000000004,33.559998
-25.398889,31.610556,23-06-2015,162.90001,34.300000000000004,32.63
-28.801278,31.955389,23-06-2015,169.6,67.5,31.99
-27.00222,28.76528,23-06-2015,183.40001,34.300000000000004,30.07
-26.98472222,26.63227778,23-06-2015,207.8,26.200000000000003,32.93
-28.1175,26.719444,23-06-2015,216.3,13.9,33.579998
-25.45963889,28.26430556,23-06-2015,192.90001,49.300000000000004,32.93
-29.161667,23.696389,24-06-2015,232.1,4.3,37.1
-31.860278,18.6875,24-06-2015,221.2,3.5,32.75
-25.362222,31.956667,24-06-2015,162.1,29.6,33.3
-24.768889,31.39,24-06-2015,166.0,44.400000000000006,32.989998
-24.9675,31.516667,24-06-2015,167.90001,39.0,33.34
-28.747778,31.745833,24-06-2015,171.40001,104.7,32.66
-27.273889,28.49,24-06-2015,186.7,31.1,30.269999
-29.033333,23.983333,24-06-2015,230.7,5.5,36.78
-26.03611,30.99778,25-06-2015,173.3,51.1,31.39
-33.7075,18.97444444,17-02-2011,200.3,19.6,28.39
-26.648056,27.089444,25-06-2015,197.3,32.9,31.9
-28.460833,21.248889,25-06-2015,246.8,0.7000000000000001,37.76
-32.94583,18.33667,25-06-2015,198.90001,7.2,29.56
-33.897778,20.012778,25-06-2015,195.6,11.4,31.66
-33.7075,18.97444444,25-01-2012,204.7,13.5,30.619999
-33.7075,18.97444444,22-02-2012,204.7,13.5,30.619999
-33.7075,18.97444444,21-03-2012,204.7,13.5,30.619999
-29.744167,29.905833,26-06-2015,161.0,26.900000000000002,29.539999
-25.81048333,27.90955222,29-06-2015,191.90001,46.800000000000004,31.99
-26.510278,28.351389,29-06-2015,183.8,39.2,30.359999
-26.45,28.085833,29-06-2015,186.7,38.7,30.5
-27.671111,27.236944,29-06-2015,209.5,19.0,32.93
-25.127778,27.628889,30-06-2015,203.40001,48.400000000000006,34.579998
-25.20639,27.558,30-06-2015,204.40001,48.2,34.52
-24.69514,27.40906,30-06-2015,210.1,47.6,35.25
-28.735556,29.820556,30-06-2015,180.3,15.8,32.219997
-26.861111,28.884722,30-06-2015,182.40001,35.800000000000004,29.83
-27.00222,28.76528,30-06-2015,183.40001,34.300000000000004,30.07
-27.02314,28.59389,30-06-2015,185.5,33.800000000000004,30.33
-27.398611,26.614722,30-06-2015,218.2,19.8,33.59
-31.436944,20.474722,30-06-2015,235.8,5.1000000000000005,33.149998
-29.651389,22.746389,30-06-2015,248.3,2.1,37.05
-28.338333,31.373611,30-06-2015,164.90001,37.0,31.349998
-28.068333,31.55,30-06-2015,176.1,14.0,33.53
-28.308889,31.9025,30-06-2015,171.8,21.6,33.18
-27.4,26.624722,30-06-2015,218.2,19.8,33.59
-29.161667,23.696389,01-07-2015,232.1,4.3,37.1
-27.602222,29.942778,01-07-2015,185.90001,35.0,31.789999
-27.169444,29.233889,01-07-2015,177.0,34.4,29.41
-27.273889,28.49,01-07-2015,186.7,31.1,30.269999
-27.4275,28.525833,01-07-2015,186.1,29.900000000000002,30.179998
-27.3,28.586944,01-07-2015,185.6,31.1,30.24
-27.802778,28.768333,01-07-2015,181.8,27.900000000000002,29.769999
-33.7075,18.97444444,28-01-2015,203.1,17.5,31.14
-33.7075,18.97444444,19-02-2015,203.1,17.5,31.14
-33.7075,18.97444444,25-03-2015,203.1,17.5,31.14
-27.935,26.126667,01-07-2015,222.8,12.9,34.219997
-28.141944,26.417778,01-07-2015,220.40001,13.3,33.989998
-27.671111,27.236944,01-07-2015,209.5,19.0,32.93
-28.75,30.442778,02-07-2015,181.40001,15.600000000000001,33.11
-29.161667,30.629722,02-07-2015,155.0,17.6,28.789999
-27.4275,28.525833,02-07-2015,186.1,29.900000000000002,30.179998
-27.802778,28.768333,02-07-2015,181.8,27.900000000000002,29.769999
-28.376944,24.303056,02-07-2015,230.7,8.9,36.45
-29.744167,29.905833,03-07-2015,161.0,26.900000000000002,29.539999
-27.573056,24.746389,03-07-2015,235.0,14.0,36.17
-27.902778,24.615556,03-07-2015,230.90001,11.600000000000001,36.51
-25.99136,27.84208,06-07-2015,187.6,46.0,31.01
-26.45,28.085833,06-07-2015,186.7,38.7,30.5
-22.225556,29.990556,07-07-2015,192.8,29.700000000000003,35.86
-23.658056,31.05,07-07-2015,177.1,36.1,34.719997
-27.363611,31.783333,07-07-2015,170.5,16.8,33.2
-26.861111,28.884722,07-07-2015,182.40001,35.800000000000004,29.83
-27.00222,28.76528,07-07-2015,183.40001,34.300000000000004,30.07
-27.3,28.586944,07-07-2015,185.6,31.1,30.24
-31.396,29.2651,07-07-2015,155.7,27.8,29.199999
-31.554722,29.245556,07-07-2015,145.2,29.700000000000003,27.93
-34.031944,22.053333,07-07-2015,162.7,12.200000000000001,27.359999
-25.45963889,28.26430556,07-07-2015,192.90001,49.300000000000004,32.93
-25.81048333,27.90955222,08-07-2015,191.90001,46.800000000000004,31.99
-29.641944,30.6875,08-07-2015,158.7,16.8,30.349998
-23.23572222,27.717,08-07-2015,201.2,32.4,35.829998
-24.670833,28.560833,08-07-2015,187.5,59.1,32.86
-22.91028,29.61111,08-07-2015,179.1,44.0,33.36
-26.970278,27.211111,08-07-2015,199.8,28.6,32.09
-27.38972222,26.46388889,08-07-2015,219.6,19.5,33.79
-30.534167,24.961944,08-07-2015,229.2,3.0,34.48
-30.570833,29.150556,08-07-2015,159.7,25.5,27.92
-31.104278,29.399722,08-07-2015,154.2,28.0,29.029999
-30.77586667,29.03221667,08-07-2015,162.90001,25.700000000000003,29.39
-34.039722,22.133333,08-07-2015,161.8,12.4,27.189999
-34.02861,22.22222,08-07-2015,159.2,13.3,26.75
-32.94583,18.33667,03-12-2015,198.90001,7.2,29.56
-33.464444,18.740556,20-07-2011,212.1,4.1000000000000005,31.57
-33.464444,18.740556,17-08-2011,212.1,4.1000000000000005,31.57
-33.464444,18.740556,14-09-2011,212.1,4.1000000000000005,31.57
-33.464444,18.740556,12-10-2011,212.1,4.1000000000000005,31.57
-33.464444,18.740556,09-11-2011,212.1,4.1000000000000005,31.57
-33.464444,18.740556,26-06-2012,205.40001,14.200000000000001,30.07
-33.464444,18.740556,24-07-2012,214.3,12.100000000000001,30.269999
-27.01011111,26.69808333,09-07-2015,210.0,25.5,32.84
-33.464444,18.740556,18-09-2012,214.3,12.100000000000001,30.269999
-33.464444,18.740556,16-10-2012,214.3,12.100000000000001,30.269999
-33.464444,18.740556,15-11-2012,214.3,12.100000000000001,30.269999
-24.282222,28.090278,09-07-2015,187.3,51.400000000000006,32.87
-33.464444,18.740556,24-07-2013,195.7,30.900000000000002,30.51
-33.464444,18.740556,21-08-2013,195.7,30.900000000000002,30.51
-33.464444,18.740556,11-09-2013,195.7,30.900000000000002,30.51
-33.464444,18.740556,09-10-2013,195.7,30.900000000000002,30.51
-33.464444,18.740556,06-11-2013,195.7,30.900000000000002,30.51
-33.464444,18.740556,27-11-2013,195.7,30.900000000000002,30.51
-33.464444,18.740556,16-07-2014,210.7,12.9,30.96
-33.464444,18.740556,27-08-2014,210.7,12.9,30.96
-33.464444,18.740556,01-10-2014,210.7,12.9,30.96
-33.464444,18.740556,29-10-2014,210.7,12.9,30.96
-23.23572222,27.717,09-07-2015,201.2,32.4,35.829998
-33.464444,18.740556,23-07-2015,204.3,14.100000000000001,30.58
-33.464444,18.740556,20-08-2015,204.3,14.100000000000001,30.58
-33.464444,18.740556,17-09-2015,204.3,14.100000000000001,30.58
-26.648056,27.089444,09-07-2015,197.3,32.9,31.9
-26.880278,26.965,09-07-2015,201.8,28.6,32.53
-26.98472222,26.63227778,09-07-2015,207.8,26.200000000000003,32.93
-31.031389,28.883333,09-07-2015,161.1,26.6,29.039999
-33.72266667,18.61691667,11-06-2014,192.6,2.6,27.73
-30.86013889,29.07125,09-07-2015,161.8,25.700000000000003,29.439999
-33.970833,22.548333,20-01-2011,146.0,36.5,23.75
-33.970833,22.548333,28-02-2011,146.0,36.5,23.75
-33.970833,22.548333,04-04-2011,146.0,36.5,23.75
-33.970833,22.548333,03-05-2011,146.0,36.5,23.75
-33.970833,22.548333,05-07-2011,146.0,36.5,23.75
-33.970833,22.548333,31-08-2011,154.2,24.0,26.32
-33.970833,22.548333,14-09-2011,154.2,24.0,26.32
-33.970833,22.548333,11-10-2011,154.2,24.0,26.32
-33.970833,22.548333,25-11-2011,154.2,24.0,26.32
-33.970833,22.548333,20-01-2012,136.1,17.900000000000002,24.779999
-33.970833,22.548333,20-03-2012,136.1,17.900000000000002,24.779999
-34.005833,22.351111,09-07-2015,156.5,14.4,26.23
-33.970833,22.548333,09-07-2012,149.3,39.300000000000004,25.3
-33.970833,22.548333,17-08-2012,149.3,39.300000000000004,25.3
-33.970833,22.548333,19-09-2012,149.3,39.300000000000004,25.3
-33.970833,22.548333,17-10-2012,149.3,39.300000000000004,25.3
-33.970833,22.548333,23-11-2012,149.3,39.300000000000004,25.3
-33.970833,22.548333,13-12-2012,149.3,39.300000000000004,25.3
-33.970833,22.548333,30-01-2013,144.0,16.8,24.41
-33.970833,22.548333,13-02-2013,144.0,16.8,24.41
-22.43772222,31.07805556,10-07-2015,196.40001,43.0,36.73
-33.970833,22.548333,19-06-2013,144.0,16.8,24.41
-33.970833,22.548333,19-07-2013,141.2,92.2,25.699999
-33.970833,22.548333,21-08-2013,141.2,92.2,25.699999
-33.970833,22.548333,20-09-2013,141.2,92.2,25.699999
-33.970833,22.548333,17-10-2013,141.2,92.2,25.699999
-33.970833,22.548333,05-11-2013,141.2,92.2,25.699999
-33.970833,22.548333,08-11-2013,141.2,92.2,25.699999
-33.970833,22.548333,15-01-2014,143.0,37.6,24.59
-33.970833,22.548333,05-03-2014,143.0,37.6,24.59
-33.970833,22.548333,02-04-2014,143.0,37.6,24.59
-33.970833,22.548333,08-05-2014,143.0,37.6,24.59
-28.7115,24.07288889,13-07-2015,231.5,6.7,36.8
-33.970833,22.548333,09-07-2014,155.6,27.200000000000003,26.17
-33.970833,22.548333,06-08-2014,155.6,27.200000000000003,26.17
-33.970833,22.548333,03-09-2014,155.6,27.200000000000003,26.17
-33.970833,22.548333,08-10-2014,155.6,27.200000000000003,26.17
-33.970833,22.548333,07-01-2015,57.600002,73.0,18.41
-33.970833,22.548333,04-02-2015,154.6,16.1,25.99
-33.970833,22.548333,05-03-2015,154.6,16.1,25.99
-33.970833,22.548333,08-04-2015,154.6,16.1,25.99
-33.970833,22.548333,07-05-2015,154.6,16.1,25.99
-33.970833,22.548333,02-06-2015,154.6,16.1,25.99
-33.970833,22.548333,08-07-2015,154.6,16.1,25.99
-33.970833,22.548333,05-08-2015,154.6,16.1,25.99
-33.970833,22.548333,02-09-2015,154.6,16.1,25.99
-33.970833,22.548333,06-10-2015,154.6,16.1,25.99
-33.970833,22.548333,04-11-2015,154.6,16.1,25.99
-33.970833,22.548333,03-12-2015,154.6,16.1,25.99
-34.005833,22.351111,21-01-2011,149.3,27.6,24.119999
-34.005833,22.351111,11-02-2011,149.3,27.6,24.119999
-34.005833,22.351111,17-03-2011,149.3,27.6,24.119999
-34.005833,22.351111,19-04-2011,149.3,27.6,24.119999
-34.005833,22.351111,17-05-2011,149.3,27.6,24.119999
-34.005833,22.351111,21-06-2011,149.3,27.6,24.119999
-24.679167,30.8025,13-07-2015,162.7,68.60000000000001,29.26
-34.005833,22.351111,12-10-2011,158.6,21.6,26.74
-29.7775,29.470833,13-07-2015,157.8,30.400000000000002,27.56
-29.744167,29.905833,13-07-2015,161.0,26.900000000000002,29.539999
-29.160278,26.573333,13-07-2015,220.1,10.0,33.69
-34.005833,22.351111,26-06-2012,139.6,15.4,25.1
-34.005833,22.351111,18-07-2012,153.1,36.2,25.699999
-29.1825,23.575556,13-07-2015,236.40001,3.9000000000000004,37.02
-25.127778,27.628889,14-07-2015,203.40001,48.400000000000006,34.579998
-24.39619444,27.08983333,14-07-2015,208.8,43.300000000000004,35.61
-24.69514,27.40906,14-07-2015,210.1,47.6,35.25
-28.69485,28.23487,14-07-2015,186.40001,18.1,29.46
-34.005833,22.351111,05-04-2013,147.1,13.9,24.74
-28.883333,27.89,14-07-2015,190.6,16.7,30.16
-34.005833,22.351111,04-07-2013,147.1,13.9,24.74
-34.005833,22.351111,06-08-2013,144.8,85.5,26.099998
-24.183889,30.823889,15-07-2015,173.7,45.5,34.07
-25.20639,27.558,15-07-2015,204.40001,48.2,34.52
-34.005833,22.351111,04-12-2013,144.8,85.5,26.099998
-34.005833,22.351111,22-01-2014,146.0,29.3,24.9
-34.005833,22.351111,20-02-2014,146.0,29.3,24.9
-22.769722,30.886944,15-07-2015,183.1,46.6,34.85
-34.005833,22.351111,03-04-2014,146.0,29.3,24.9
-28.404444,30.013056,15-07-2015,181.5,15.8,31.949999
-30.733889,29.828333,15-07-2015,151.7,29.6,28.769999
-30.160091,27.40124,15-07-2015,201.2,13.200000000000001,31.57
-30.336111,27.359444,15-07-2015,201.5,13.4,31.58
-29.615556,27.065278,15-07-2015,208.7,11.700000000000001,32.219997
-34.005833,22.351111,04-11-2014,160.40001,24.3,26.66
-34.005833,22.351111,03-12-2014,160.40001,24.3,26.66
-28.058889,30.373611,15-07-2015,176.40001,22.8,30.81
-30.830556,26.921389,16-07-2015,205.40001,11.100000000000001,32.04
-34.005833,22.351111,10-04-2015,156.5,14.4,26.23
-27.937778,31.209444,16-07-2015,170.90001,15.4,31.42
-34.005833,22.351111,04-06-2015,156.5,14.4,26.23
-27.5275,30.858056,16-07-2015,166.3,29.900000000000002,29.97
-30.13573889,30.67422222,16-07-2015,156.6,25.700000000000003,29.98
-30.398056,30.601944,16-07-2015,155.2,30.8,29.64
-27.02314,28.59389,16-07-2015,185.5,33.800000000000004,30.33
-27.273889,28.49,16-07-2015,186.7,31.1,30.269999
-27.935,26.126667,16-07-2015,222.8,12.9,34.219997
-28.141944,26.417778,16-07-2015,220.40001,13.3,33.989998
-28.1175,26.719444,16-07-2015,216.3,13.9,33.579998
-31.000833,26.353056,16-07-2015,208.7,7.9,31.769999
-30.679722,26.7125,16-07-2015,211.40001,9.9,32.93
-30.534167,24.961944,16-07-2015,229.2,3.0,34.48
-29.744167,29.905833,17-07-2015,161.0,26.900000000000002,29.539999
-27.902778,24.615556,17-07-2015,230.90001,11.600000000000001,36.51
-29.803611,30.516111,17-07-2015,152.7,22.400000000000002,29.349998
-27.01011111,26.69808333,20-07-2015,210.0,25.5,32.84
-29.140556,31.391944,20-07-2015,161.8,112.30000000000001,31.13
-25.99136,27.84208,20-07-2015,187.6,46.0,31.01
-26.648056,27.089444,20-07-2015,197.3,32.9,31.9
-26.880278,26.965,20-07-2015,201.8,28.6,32.53
-26.73806,27.59194,20-07-2015,193.3,33.9,31.109999
-26.45,28.085833,20-07-2015,186.7,38.7,30.5
-26.98472222,26.63227778,20-07-2015,207.8,26.200000000000003,32.93
-32.502778,19.535833,20-07-2015,234.0,5.0,34.0
-34.065833,20.404167,21-07-2015,177.6,11.8,31.42
-31.860278,18.6875,21-07-2015,221.2,3.5,32.75
-33.980556,21.653333,21-07-2015,166.7,11.100000000000001,28.8
-26.006389,29.253889,21-07-2015,173.40001,49.400000000000006,29.65
-28.801278,31.955389,21-07-2015,169.6,67.5,31.99
-27.00222,28.76528,21-07-2015,183.40001,34.300000000000004,30.07
-27.38972222,26.46388889,21-07-2015,219.6,19.5,33.79
-27.398611,26.614722,21-07-2015,218.2,19.8,33.59
-34.092222,21.295278,21-07-2015,173.5,13.100000000000001,29.34
-31.5653,18.3306,21-07-2015,214.3,2.1,31.24
-27.4,26.624722,21-07-2015,218.2,19.8,33.59
-25.81048333,27.90955222,22-07-2015,191.90001,46.800000000000004,31.99
-28.747778,31.745833,22-07-2015,171.40001,104.7,32.66
-26.970278,27.211111,22-07-2015,199.8,28.6,32.09
-26.880278,26.965,22-07-2015,201.8,28.6,32.53
-27.273889,28.49,22-07-2015,186.7,31.1,30.269999
-28.141944,26.417778,22-07-2015,220.40001,13.3,33.989998
-28.1175,26.719444,22-07-2015,216.3,13.9,33.579998
-34.250556,20.9925,22-07-2015,180.8,14.0,29.32
-34.405833,19.600556,22-07-2015,163.0,17.0,26.47
-33.38056,19.30167,22-07-2015,196.40001,13.3,29.369999
-33.08883333,19.21878333,22-07-2015,200.1,11.0,28.91
-24.95861111,29.39527778,23-07-2015,191.2,50.2,33.96
-33.7075,18.97444444,23-07-2015,203.1,17.5,31.14
-25.57877778,29.12747222,23-07-2015,186.90001,50.2,32.3
-33.897778,20.012778,23-07-2015,195.6,11.4,31.66
-26.619444,27.980833,27-07-2015,190.0,36.6,30.92
-25.127778,27.628889,28-07-2015,203.40001,48.400000000000006,34.579998
-25.20639,27.558,28-07-2015,204.40001,48.2,34.52
-24.69514,27.40906,28-07-2015,210.1,47.6,35.25
-28.44555556,32.325,25-08-2015,162.3,13.5,31.01
-27.169444,29.233889,28-07-2015,177.0,34.4,29.41
-27.935,26.126667,28-07-2015,222.8,12.9,34.219997
-28.141944,26.417778,28-07-2015,220.40001,13.3,33.989998
-28.1175,26.719444,28-07-2015,216.3,13.9,33.579998
-27.398611,26.614722,28-07-2015,218.2,19.8,33.59
-27.671111,27.236944,28-07-2015,209.5,19.0,32.93
-28.69485,28.23487,28-07-2015,186.40001,18.1,29.46
-33.501667,21.624167,28-07-2015,189.6,9.0,29.73
-33.31388889,19.07472222,28-07-2015,207.5,12.9,31.99
-28.338333,31.373611,28-07-2015,164.90001,37.0,31.349998
-28.068333,31.55,28-07-2015,176.1,14.0,33.53
-28.308889,31.9025,28-07-2015,171.8,21.6,33.18
-27.4,26.624722,28-07-2015,218.2,19.8,33.59
-29.161667,23.696389,29-07-2015,232.1,4.3,37.1
-27.602222,29.942778,29-07-2015,185.90001,35.0,31.789999
-27.802778,28.768333,29-07-2015,181.8,27.900000000000002,29.769999
-33.13083,18.86278,29-07-2015,209.90001,10.700000000000001,32.559998
-26.03611,30.99778,30-07-2015,173.3,51.1,31.39
-28.75,30.442778,30-07-2015,181.40001,15.600000000000001,33.11
-29.161667,30.629722,30-07-2015,155.0,17.6,28.789999
-27.02314,28.59389,30-07-2015,185.5,33.800000000000004,30.33
-27.273889,28.49,30-07-2015,186.7,31.1,30.269999
-27.4275,28.525833,30-07-2015,186.1,29.900000000000002,30.179998
-27.3,28.586944,30-07-2015,185.6,31.1,30.24
-27.573056,24.746389,30-07-2015,235.0,14.0,36.17
-28.460833,21.248889,30-07-2015,246.8,0.7000000000000001,37.76
-32.94583,18.33667,30-07-2015,198.90001,7.2,29.56
-29.641944,30.6875,31-07-2015,158.7,16.8,30.349998
-24.95861111,29.39527778,31-07-2015,191.2,50.2,33.96
-28.141944,26.417778,31-07-2015,220.40001,13.3,33.989998
-28.1175,26.719444,31-07-2015,216.3,13.9,33.579998
-27.902778,24.615556,31-07-2015,230.90001,11.600000000000001,36.51
-25.99136,27.84208,03-08-2015,187.6,46.0,31.01
-26.73806,27.59194,03-08-2015,193.3,33.9,31.109999
-26.45,28.085833,03-08-2015,186.7,38.7,30.5
-29.160278,26.573333,03-08-2015,220.1,10.0,33.69
-31.396,29.2651,03-08-2015,155.7,27.8,29.199999
-31.554722,29.245556,03-08-2015,145.2,29.700000000000003,27.93
-26.861111,28.884722,04-08-2015,182.40001,35.800000000000004,29.83
-27.00222,28.76528,04-08-2015,183.40001,34.300000000000004,30.07
-26.970278,27.211111,04-08-2015,199.8,28.6,32.09
-26.880278,26.965,04-08-2015,201.8,28.6,32.53
-28.69485,28.23487,04-08-2015,186.40001,18.1,29.46
-29.615556,27.065278,04-08-2015,208.7,11.700000000000001,32.219997
-28.883333,27.89,04-08-2015,190.6,16.7,30.16
-30.568333,29.422778,04-08-2015,157.8,25.400000000000002,28.07
-30.570833,29.150556,04-08-2015,159.7,25.5,27.92
-31.104278,29.399722,04-08-2015,154.2,28.0,29.029999
-34.031944,22.053333,04-08-2015,162.7,12.200000000000001,27.359999
-34.039722,22.133333,04-08-2015,161.8,12.4,27.189999
-25.45963889,28.26430556,04-08-2015,192.90001,49.300000000000004,32.93
-27.01011111,26.69808333,05-08-2015,210.0,25.5,32.84
-25.81048333,27.90955222,05-08-2015,191.90001,46.800000000000004,31.99
-24.670833,28.560833,05-08-2015,187.5,59.1,32.86
-25.73411,27.21422,05-08-2015,194.2,47.300000000000004,32.07
-26.648056,27.089444,05-08-2015,197.3,32.9,31.9
-26.98472222,26.63227778,05-08-2015,207.8,26.200000000000003,32.93
-27.935,26.126667,05-08-2015,222.8,12.9,34.219997
-30.160091,27.40124,05-08-2015,201.2,13.200000000000001,31.57
-30.336111,27.359444,05-08-2015,201.5,13.4,31.58
-28.768056,20.720556,05-08-2015,253.7,0.8,38.129997
-31.031389,28.883333,05-08-2015,161.1,26.6,29.039999
-30.86013889,29.07125,05-08-2015,161.8,25.700000000000003,29.439999
-30.77586667,29.03221667,05-08-2015,162.90001,25.700000000000003,29.39
-34.02861,22.22222,05-08-2015,159.2,13.3,26.75
-30.830556,26.921389,06-08-2015,205.40001,11.100000000000001,32.04
-22.769722,30.886944,06-08-2015,183.1,46.6,34.85
-26.905,32.324722,06-08-2015,175.0,18.400000000000002,34.71
-28.141944,26.417778,06-08-2015,220.40001,13.3,33.989998
-31.000833,26.353056,06-08-2015,208.7,7.9,31.769999
-30.679722,26.7125,06-08-2015,211.40001,9.9,32.93
-30.534167,24.961944,06-08-2015,229.2,3.0,34.48
-23.658056,31.05,07-08-2015,177.1,36.1,34.719997
-23.838611,31.640833,07-08-2015,181.2,38.400000000000006,35.579998
-24.058889,31.237222,07-08-2015,174.1,42.0,34.55
-29.7775,29.470833,10-08-2015,157.8,30.400000000000002,27.56
-29.987778,29.851667,10-08-2015,155.3,28.3,28.689999
-24.69514,27.40906,11-08-2015,210.1,47.6,35.25
-24.99328,30.81444,11-08-2015,149.90001,64.60000000000001,27.31
-30.733889,29.828333,11-08-2015,151.7,29.6,28.769999
-25.127778,27.628889,12-08-2015,203.40001,48.400000000000006,34.579998
-25.20639,27.558,12-08-2015,204.40001,48.2,34.52
-24.768889,31.39,12-08-2015,166.0,44.400000000000006,32.989998
-24.9675,31.516667,12-08-2015,167.90001,39.0,33.34
-27.937778,31.209444,12-08-2015,170.90001,15.4,31.42
-28.404444,30.013056,12-08-2015,181.5,15.8,31.949999
-30.398056,30.601944,12-08-2015,155.2,30.8,29.64
-28.141944,26.417778,12-08-2015,220.40001,13.3,33.989998
-28.1175,26.719444,12-08-2015,216.3,13.9,33.579998
-27.671111,27.236944,12-08-2015,209.5,19.0,32.93
-28.058889,30.373611,12-08-2015,176.40001,22.8,30.81
-30.13573889,30.67422222,13-08-2015,156.6,25.700000000000003,29.98
-27.38972222,26.46388889,13-08-2015,219.6,19.5,33.79
-27.398611,26.614722,13-08-2015,218.2,19.8,33.59
-27.902778,24.615556,13-08-2015,230.90001,11.600000000000001,36.51
-27.4,26.624722,13-08-2015,218.2,19.8,33.59
-29.744167,29.905833,14-08-2015,161.0,26.900000000000002,29.539999
-29.380556,30.2775,17-08-2015,152.7,20.1,28.42
-26.73806,27.59194,17-08-2015,193.3,33.9,31.109999
-26.45,28.085833,17-08-2015,186.7,38.7,30.5
-28.760833,17.730278,18-08-2015,248.2,0.1,37.53
-29.140556,31.391944,18-08-2015,161.8,112.30000000000001,31.13
-31.860278,18.6875,18-08-2015,221.2,3.5,32.75
-24.679167,30.8025,18-08-2015,162.7,68.60000000000001,29.26
-25.99136,27.84208,18-08-2015,187.6,46.0,31.01
-28.801278,31.955389,18-08-2015,169.6,67.5,31.99
-27.937778,31.209444,18-08-2015,170.90001,15.4,31.42
-26.861111,28.884722,18-08-2015,182.40001,35.800000000000004,29.83
-27.00222,28.76528,18-08-2015,183.40001,34.300000000000004,30.07
-26.970278,27.211111,18-08-2015,199.8,28.6,32.09
-26.880278,26.965,18-08-2015,201.8,28.6,32.53
-30.160091,27.40124,18-08-2015,201.2,13.200000000000001,31.57
-34.092222,21.295278,18-08-2015,173.5,13.100000000000001,29.34
-33.818056,19.694722,18-08-2015,202.7,13.100000000000001,31.279999
-31.5653,18.3306,18-08-2015,214.3,2.1,31.24
-22.91028,29.61111,19-08-2015,179.1,44.0,33.36
-25.73411,27.21422,19-08-2015,194.2,47.300000000000004,32.07
-26.006389,29.253889,19-08-2015,173.40001,49.400000000000006,29.65
-24.058889,31.237222,19-08-2015,174.1,42.0,34.55
-28.747778,31.745833,19-08-2015,171.40001,104.7,32.66
-26.648056,27.089444,19-08-2015,197.3,32.9,31.9
-27.273889,28.49,19-08-2015,186.7,31.1,30.269999
-26.98472222,26.63227778,19-08-2015,207.8,26.200000000000003,32.93
-33.38056,19.30167,19-08-2015,196.40001,13.3,29.369999
-25.45963889,28.26430556,19-08-2015,192.90001,49.300000000000004,32.93
-25.81048333,27.90955222,20-08-2015,191.90001,46.800000000000004,31.99
-24.183889,30.823889,20-08-2015,173.7,45.5,34.07
-24.282222,28.090278,20-08-2015,187.3,51.400000000000006,32.87
-27.935,26.126667,20-08-2015,222.8,12.9,34.219997
-28.141944,26.417778,20-08-2015,220.40001,13.3,33.989998
-28.1175,26.719444,20-08-2015,216.3,13.9,33.579998
-33.7075,18.97444444,20-08-2015,203.1,17.5,31.14
-24.95861111,29.39527778,21-08-2015,191.2,50.2,33.96
-27.573056,24.746389,21-08-2015,235.0,14.0,36.17
-29.380556,30.2775,22-08-2015,152.7,20.1,28.42
-28.735556,29.820556,24-08-2015,180.3,15.8,32.219997
-28.308889,31.9025,24-08-2015,171.8,21.6,33.18
-34.065833,20.404167,25-08-2015,177.6,11.8,31.42
-25.127778,27.628889,25-08-2015,203.40001,48.400000000000006,34.579998
-25.20639,27.558,25-08-2015,204.40001,48.2,34.52
-28.44555556,32.325,21-09-2015,162.3,13.5,31.01
-26.619444,27.980833,25-08-2015,190.0,36.6,30.92
-26.510278,28.351389,25-08-2015,183.8,39.2,30.359999
-27.671111,27.236944,25-08-2015,209.5,19.0,32.93
-33.501667,21.624167,25-08-2015,189.6,9.0,29.73
-33.31388889,19.07472222,25-08-2015,207.5,12.9,31.99
-28.068333,31.55,25-08-2015,176.1,14.0,33.53
-29.161667,23.696389,26-08-2015,232.1,4.3,37.1
-28.7115,24.07288889,26-08-2015,231.5,6.7,36.8
-29.641944,30.6875,26-08-2015,158.7,16.8,30.349998
-27.169444,29.233889,26-08-2015,177.0,34.4,29.41
-27.802778,28.768333,26-08-2015,181.8,27.900000000000002,29.769999
-27.398611,26.614722,26-08-2015,218.2,19.8,33.59
-34.405833,19.600556,26-08-2015,163.0,17.0,26.47
-33.13083,18.86278,26-08-2015,209.90001,10.700000000000001,32.559998
-27.4,26.624722,26-08-2015,218.2,19.8,33.59
-27.602222,29.942778,27-08-2015,185.90001,35.0,31.789999
-28.75,30.442778,27-08-2015,181.40001,15.600000000000001,33.11
-29.161667,30.629722,27-08-2015,155.0,17.6,28.789999
-32.94583,18.33667,27-08-2015,198.90001,7.2,29.56
-23.838611,31.640833,28-08-2015,181.2,38.400000000000006,35.579998
-24.058889,31.237222,28-08-2015,174.1,42.0,34.55
-29.744167,29.905833,28-08-2015,161.0,26.900000000000002,29.539999
-29.1825,23.575556,29-08-2015,236.40001,3.9000000000000004,37.02
-25.99136,27.84208,31-08-2015,187.6,46.0,31.01
-26.73806,27.59194,31-08-2015,193.3,33.9,31.109999
-26.45,28.085833,31-08-2015,186.7,38.7,30.5
-27.363611,31.783333,01-09-2015,170.5,16.8,33.2
-26.861111,28.884722,01-09-2015,182.40001,35.800000000000004,29.83
-27.00222,28.76528,01-09-2015,183.40001,34.300000000000004,30.07
-26.970278,27.211111,01-09-2015,199.8,28.6,32.09
-27.273889,28.49,01-09-2015,186.7,31.1,30.269999
-27.4275,28.525833,01-09-2015,186.1,29.900000000000002,30.179998
-27.3,28.586944,01-09-2015,185.6,31.1,30.24
-27.935,26.126667,01-09-2015,222.8,12.9,34.219997
-31.396,29.2651,01-09-2015,155.7,27.8,29.199999
-31.554722,29.245556,01-09-2015,145.2,29.700000000000003,27.93
-34.005833,22.351111,01-09-2015,156.5,14.4,26.23
-25.45963889,28.26430556,01-09-2015,192.90001,49.300000000000004,32.93
-25.447222,30.711667,01-09-2015,167.0,48.800000000000004,30.82
-27.01011111,26.69808333,02-09-2015,210.0,25.5,32.84
-25.81048333,27.90955222,02-09-2015,191.90001,46.800000000000004,31.99
-25.436111,31.982222,02-09-2015,164.6,29.3,33.91
-23.658056,31.05,02-09-2015,177.1,36.1,34.719997
-25.681111,31.783333,02-09-2015,165.1,31.700000000000003,32.89
-25.362222,31.956667,02-09-2015,162.1,29.6,33.3
-27.02314,28.59389,02-09-2015,185.5,33.800000000000004,30.33
-26.648056,27.089444,02-09-2015,197.3,32.9,31.9
-27.273889,28.49,02-09-2015,186.7,31.1,30.269999
-27.4275,28.525833,02-09-2015,186.1,29.900000000000002,30.179998
-27.3,28.586944,02-09-2015,185.6,31.1,30.24
-30.570833,29.150556,02-09-2015,159.7,25.5,27.92
-31.104278,29.399722,02-09-2015,154.2,28.0,29.029999
-30.77586667,29.03221667,02-09-2015,162.90001,25.700000000000003,29.39
-34.031944,22.053333,02-09-2015,162.7,12.200000000000001,27.359999
-29.641944,30.6875,03-09-2015,158.7,16.8,30.349998
-25.398889,31.610556,03-09-2015,162.90001,34.300000000000004,32.63
-27.802778,28.768333,03-09-2015,181.8,27.900000000000002,29.769999
-27.935,26.126667,03-09-2015,222.8,12.9,34.219997
-28.141944,26.417778,03-09-2015,220.40001,13.3,33.989998
-30.679722,26.7125,03-09-2015,211.40001,9.9,32.93
-30.568333,29.422778,03-09-2015,157.8,25.400000000000002,28.07
-31.031389,28.883333,03-09-2015,161.1,26.6,29.039999
-30.86013889,29.07125,03-09-2015,161.8,25.700000000000003,29.439999
-29.987778,29.851667,07-09-2015,155.3,28.3,28.689999
-29.744167,29.905833,07-09-2015,161.0,26.900000000000002,29.539999
-29.160278,26.573333,07-09-2015,220.1,10.0,33.69
-25.57877778,29.12747222,07-09-2015,186.90001,50.2,32.3
-22.225556,29.990556,08-09-2015,192.8,29.700000000000003,35.86
-22.91028,29.61111,08-09-2015,179.1,44.0,33.36
-25.127778,27.628889,08-09-2015,203.40001,48.400000000000006,34.579998
-25.20639,27.558,08-09-2015,204.40001,48.2,34.52
-24.69514,27.40906,08-09-2015,210.1,47.6,35.25
-23.838611,31.640833,08-09-2015,181.2,38.400000000000006,35.579998
-26.006389,29.253889,08-09-2015,173.40001,49.400000000000006,29.65
-30.733889,29.828333,08-09-2015,151.7,29.6,28.769999
-29.7775,29.470833,08-09-2015,157.8,30.400000000000002,27.56
-28.141944,26.417778,08-09-2015,220.40001,13.3,33.989998
-27.671111,27.236944,08-09-2015,209.5,19.0,32.93
-28.69485,28.23487,08-09-2015,186.40001,18.1,29.46
-29.615556,27.065278,08-09-2015,208.7,11.700000000000001,32.219997
-28.883333,27.89,08-09-2015,190.6,16.7,30.16
-24.058889,31.237222,09-09-2015,174.1,42.0,34.55
-27.937778,31.209444,09-09-2015,170.90001,15.4,31.42
-28.404444,30.013056,09-09-2015,181.5,15.8,31.949999
-30.398056,30.601944,09-09-2015,155.2,30.8,29.64
-27.398611,26.614722,09-09-2015,218.2,19.8,33.59
-30.160091,27.40124,09-09-2015,201.2,13.200000000000001,31.57
-30.336111,27.359444,09-09-2015,201.5,13.4,31.58
-28.058889,30.373611,09-09-2015,176.40001,22.8,30.81
-27.4,26.624722,09-09-2015,218.2,19.8,33.59
-29.161667,23.696389,10-09-2015,232.1,4.3,37.1
-30.830556,26.921389,10-09-2015,205.40001,11.100000000000001,32.04
-24.282222,28.090278,10-09-2015,187.3,51.400000000000006,32.87
-22.769722,30.886944,10-09-2015,183.1,46.6,34.85
-27.5275,30.858056,10-09-2015,166.3,29.900000000000002,29.97
-30.13573889,30.67422222,10-09-2015,156.6,25.700000000000003,29.98
-31.000833,26.353056,10-09-2015,208.7,7.9,31.769999
-30.679722,26.7125,10-09-2015,211.40001,9.9,32.93
-30.534167,24.961944,10-09-2015,229.2,3.0,34.48
-24.95861111,29.39527778,11-09-2015,191.2,50.2,33.96
-29.744167,29.905833,11-09-2015,161.0,26.900000000000002,29.539999
-27.573056,24.746389,11-09-2015,235.0,14.0,36.17
-29.651389,22.746389,11-09-2015,248.3,2.1,37.05
-29.1825,23.575556,11-09-2015,236.40001,3.9000000000000004,37.02
-29.803611,30.516111,11-09-2015,152.7,22.400000000000002,29.349998
-26.73806,27.59194,14-09-2015,193.3,33.9,31.109999
-26.45,28.085833,14-09-2015,186.7,38.7,30.5
-32.502778,19.535833,14-09-2015,234.0,5.0,34.0
-29.140556,31.391944,15-09-2015,161.8,112.30000000000001,31.13
-31.860278,18.6875,15-09-2015,221.2,3.5,32.75
-24.679167,30.8025,15-09-2015,162.7,68.60000000000001,29.26
-28.801278,31.955389,15-09-2015,169.6,67.5,31.99
-26.861111,28.884722,15-09-2015,182.40001,35.800000000000004,29.83
-27.00222,28.76528,15-09-2015,183.40001,34.300000000000004,30.07
-26.970278,27.211111,15-09-2015,199.8,28.6,32.09
-26.880278,26.965,15-09-2015,201.8,28.6,32.53
-34.092222,21.295278,15-09-2015,173.5,13.100000000000001,29.34
-34.075556,20.145556,15-09-2015,182.5,12.700000000000001,30.89
-32.595833,19.009444,15-09-2015,221.2,6.6000000000000005,33.96
-25.45963889,28.26430556,15-09-2015,192.90001,49.300000000000004,32.93
-27.01011111,26.69808333,16-09-2015,210.0,25.5,32.84
-25.81048333,27.90955222,16-09-2015,191.90001,46.800000000000004,31.99
-29.641944,30.6875,16-09-2015,158.7,16.8,30.349998
-24.670833,28.560833,16-09-2015,187.5,59.1,32.86
-24.058889,31.237222,16-09-2015,174.1,42.0,34.55
-26.648056,27.089444,16-09-2015,197.3,32.9,31.9
-26.98472222,26.63227778,16-09-2015,207.8,26.200000000000003,32.93
-34.250556,20.9925,16-09-2015,180.8,14.0,29.32
-33.38056,19.30167,16-09-2015,196.40001,13.3,29.369999
-24.183889,30.823889,17-09-2015,173.7,45.5,34.07
-26.03611,30.99778,17-09-2015,173.3,51.1,31.39
-28.747778,31.745833,17-09-2015,171.40001,104.7,32.66
-27.935,26.126667,17-09-2015,222.8,12.9,34.219997
-28.141944,26.417778,17-09-2015,220.40001,13.3,33.989998
-33.7075,18.97444444,17-09-2015,203.1,17.5,31.14
-28.44555556,32.325,20-10-2015,162.3,13.5,31.01
-28.735556,29.820556,21-09-2015,180.3,15.8,32.219997
-26.648056,27.089444,21-09-2015,197.3,32.9,31.9
-26.619444,27.980833,21-09-2015,190.0,36.6,30.92
-26.510278,28.351389,21-09-2015,183.8,39.2,30.359999
-33.501667,21.624167,21-09-2015,189.6,9.0,29.73
-28.338333,31.373611,21-09-2015,164.90001,37.0,31.349998
-28.068333,31.55,21-09-2015,176.1,14.0,33.53
-28.308889,31.9025,21-09-2015,171.8,21.6,33.18
-25.127778,27.628889,22-09-2015,203.40001,48.400000000000006,34.579998
-25.20639,27.558,22-09-2015,204.40001,48.2,34.52
-24.69514,27.40906,22-09-2015,210.1,47.6,35.25
-27.169444,29.233889,22-09-2015,177.0,34.4,29.41
-29.161667,23.696389,23-09-2015,232.1,4.3,37.1
-28.7115,24.07288889,23-09-2015,231.5,6.7,36.8
-27.02314,28.59389,23-09-2015,185.5,33.800000000000004,30.33
-27.4275,28.525833,23-09-2015,186.1,29.900000000000002,30.179998
-27.3,28.586944,23-09-2015,185.6,31.1,30.24
-27.398611,26.614722,23-09-2015,218.2,19.8,33.59
-27.4,26.624722,23-09-2015,218.2,19.8,33.59
-27.602222,29.942778,24-09-2015,185.90001,35.0,31.789999
-28.75,30.442778,24-09-2015,181.40001,15.600000000000001,33.11
-29.161667,30.629722,24-09-2015,155.0,17.6,28.789999
-29.744167,29.905833,25-09-2015,161.0,26.900000000000002,29.539999
-27.902778,24.615556,25-09-2015,230.90001,11.600000000000001,36.51
-25.99136,27.84208,28-09-2015,187.6,46.0,31.01
-26.45,28.085833,28-09-2015,186.7,38.7,30.5
-34.065833,20.404167,29-09-2015,177.6,11.8,31.42
-24.99328,30.81444,29-09-2015,149.90001,64.60000000000001,27.31
-27.363611,31.783333,29-09-2015,170.5,16.8,33.2
-26.861111,28.884722,29-09-2015,182.40001,35.800000000000004,29.83
-26.970278,27.211111,29-09-2015,199.8,28.6,32.09
-26.880278,26.965,29-09-2015,201.8,28.6,32.53
-27.38972222,26.46388889,29-09-2015,219.6,19.5,33.79
-33.31388889,19.07472222,29-09-2015,207.5,12.9,31.99
-25.45963889,28.26430556,29-09-2015,192.90001,49.300000000000004,32.93
-27.01011111,26.69808333,30-09-2015,210.0,25.5,32.84
-25.81048333,27.90955222,30-09-2015,191.90001,46.800000000000004,31.99
-29.641944,30.6875,30-09-2015,158.7,16.8,30.349998
-24.768889,31.39,30-09-2015,166.0,44.400000000000006,32.989998
-27.00222,28.76528,30-09-2015,183.40001,34.300000000000004,30.07
-26.648056,27.089444,30-09-2015,197.3,32.9,31.9
-27.273889,28.49,30-09-2015,186.7,31.1,30.269999
-26.98472222,26.63227778,30-09-2015,207.8,26.200000000000003,32.93
-31.031389,28.883333,30-09-2015,161.1,26.6,29.039999
-30.86013889,29.07125,30-09-2015,161.8,25.700000000000003,29.439999
-30.77586667,29.03221667,30-09-2015,162.90001,25.700000000000003,29.39
-34.405833,19.600556,30-09-2015,163.0,17.0,26.47
-32.94583,18.33667,30-09-2015,198.90001,7.2,29.56
-26.73806,27.59194,01-10-2015,193.3,33.9,31.109999
-27.935,26.126667,01-10-2015,222.8,12.9,34.219997
-28.141944,26.417778,01-10-2015,220.40001,13.3,33.989998
-30.160091,27.40124,01-10-2015,201.2,13.200000000000001,31.57
-33.13083,18.86278,01-10-2015,209.90001,10.700000000000001,32.559998
-33.897778,20.012778,01-10-2015,195.6,11.4,31.66
-29.7775,29.470833,05-10-2015,157.8,30.400000000000002,27.56
-29.987778,29.851667,05-10-2015,155.3,28.3,28.689999
-29.744167,29.905833,05-10-2015,161.0,26.900000000000002,29.539999
-31.396,29.2651,05-10-2015,155.7,27.8,29.199999
-31.554722,29.245556,05-10-2015,145.2,29.700000000000003,27.93
-24.679167,30.8025,06-10-2015,162.7,68.60000000000001,29.26
-25.127778,27.628889,06-10-2015,203.40001,48.400000000000006,34.579998
-25.20639,27.558,06-10-2015,204.40001,48.2,34.52
-24.69514,27.40906,06-10-2015,210.1,47.6,35.25
-23.658056,31.05,06-10-2015,177.1,36.1,34.719997
-30.733889,29.828333,06-10-2015,151.7,29.6,28.769999
-30.568333,29.422778,06-10-2015,157.8,25.400000000000002,28.07
-30.570833,29.150556,06-10-2015,159.7,25.5,27.92
-31.104278,29.399722,06-10-2015,154.2,28.0,29.029999
-34.031944,22.053333,06-10-2015,162.7,12.200000000000001,27.359999
-34.039722,22.133333,06-10-2015,161.8,12.4,27.189999
-29.641944,30.6875,07-10-2015,158.7,16.8,30.349998
-24.058889,31.237222,07-10-2015,174.1,42.0,34.55
-27.937778,31.209444,07-10-2015,170.90001,15.4,31.42
-28.404444,30.013056,07-10-2015,181.5,15.8,31.949999
-30.398056,30.601944,07-10-2015,155.2,30.8,29.64
-34.02861,22.22222,07-10-2015,159.2,13.3,26.75
-34.005833,22.351111,07-10-2015,156.5,14.4,26.23
-28.058889,30.373611,07-10-2015,176.40001,22.8,30.81
-24.183889,30.823889,08-10-2015,173.7,45.5,34.07
-27.5275,30.858056,08-10-2015,166.3,29.900000000000002,29.97
-30.13573889,30.67422222,08-10-2015,156.6,25.700000000000003,29.98
-27.273889,28.49,08-10-2015,186.7,31.1,30.269999
-27.4275,28.525833,08-10-2015,186.1,29.900000000000002,30.179998
-31.396,29.2651,08-10-2015,155.7,27.8,29.199999
-29.161667,23.696389,09-10-2015,232.1,4.3,37.1
-29.744167,29.905833,09-10-2015,161.0,26.900000000000002,29.539999
-27.573056,24.746389,09-10-2015,235.0,14.0,36.17
-27.902778,24.615556,09-10-2015,230.90001,11.600000000000001,36.51
-29.803611,30.516111,09-10-2015,152.7,22.400000000000002,29.349998
-25.99136,27.84208,12-10-2015,187.6,46.0,31.01
-26.73806,27.59194,12-10-2015,193.3,33.9,31.109999
-26.45,28.085833,12-10-2015,186.7,38.7,30.5
-29.140556,31.391944,13-10-2015,161.8,112.30000000000001,31.13
-28.801278,31.955389,13-10-2015,169.6,67.5,31.99
-26.861111,28.884722,13-10-2015,182.40001,35.800000000000004,29.83
-26.880278,26.965,13-10-2015,201.8,28.6,32.53
-27.38972222,26.46388889,13-10-2015,219.6,19.5,33.79
-28.141944,26.417778,13-10-2015,220.40001,13.3,33.989998
-28.1175,26.719444,13-10-2015,216.3,13.9,33.579998
-27.398611,26.614722,13-10-2015,218.2,19.8,33.59
-25.45963889,28.26430556,13-10-2015,192.90001,49.300000000000004,32.93
-27.01011111,26.69808333,14-10-2015,210.0,25.5,32.84
-25.81048333,27.90955222,14-10-2015,191.90001,46.800000000000004,31.99
-25.73411,27.21422,14-10-2015,194.2,47.300000000000004,32.07
-22.769722,30.886944,14-10-2015,183.1,46.6,34.85
-28.747778,31.745833,14-10-2015,171.40001,104.7,32.66
-29.380556,30.2775,14-10-2015,152.7,20.1,28.42
-27.00222,28.76528,14-10-2015,183.40001,34.300000000000004,30.07
-26.648056,27.089444,14-10-2015,197.3,32.9,31.9
-27.273889,28.49,14-10-2015,186.7,31.1,30.269999
-26.98472222,26.63227778,14-10-2015,207.8,26.200000000000003,32.93
-27.671111,27.236944,14-10-2015,209.5,19.0,32.93
-26.03611,30.99778,15-10-2015,173.3,51.1,31.39
-28.141944,26.417778,15-10-2015,220.40001,13.3,33.989998
-24.058889,31.237222,16-10-2015,174.1,42.0,34.55
-28.735556,29.820556,19-10-2015,180.3,15.8,32.219997
-26.619444,27.980833,19-10-2015,190.0,36.6,30.92
-29.160278,26.573333,19-10-2015,220.1,10.0,33.69
-33.818056,19.694722,19-10-2015,202.7,13.100000000000001,31.279999
-25.447222,30.711667,19-10-2015,167.0,48.800000000000004,30.82
-28.760833,17.730278,20-10-2015,248.2,0.1,37.53
-31.860278,18.6875,20-10-2015,221.2,3.5,32.75
-25.127778,27.628889,20-10-2015,203.40001,48.400000000000006,34.579998
-25.20639,27.558,20-10-2015,204.40001,48.2,34.52
-24.69514,27.40906,20-10-2015,210.1,47.6,35.25
-25.681111,31.783333,20-10-2015,165.1,31.700000000000003,32.89
-25.67386,31.57527,20-10-2015,171.40001,33.800000000000004,33.559998
-28.44555556,32.325,17-11-2015,162.3,13.5,31.01
-27.802778,28.768333,20-10-2015,181.8,27.900000000000002,29.769999
-27.671111,27.236944,20-10-2015,209.5,19.0,32.93
-28.69485,28.23487,20-10-2015,186.40001,18.1,29.46
-28.883333,27.89,20-10-2015,190.6,16.7,30.16
-34.092222,21.295278,20-10-2015,173.5,13.100000000000001,29.34
-32.595833,19.009444,20-10-2015,221.2,6.6000000000000005,33.96
-28.338333,31.373611,20-10-2015,164.90001,37.0,31.349998
-29.161667,23.696389,21-10-2015,232.1,4.3,37.1
-30.830556,26.921389,21-10-2015,205.40001,11.100000000000001,32.04
-24.670833,28.560833,21-10-2015,187.5,59.1,32.86
-22.91028,29.61111,21-10-2015,179.1,44.0,33.36
-28.058889,30.373611,27-04-2015,176.40001,22.8,30.81
-26.006389,29.253889,21-10-2015,173.40001,49.400000000000006,29.65
-25.362222,31.956667,21-10-2015,162.1,29.6,33.3
-25.398889,31.610556,21-10-2015,162.90001,34.300000000000004,32.63
-27.602222,29.942778,21-10-2015,185.90001,35.0,31.789999
-27.169444,29.233889,21-10-2015,177.0,34.4,29.41
-26.510278,28.351389,21-10-2015,183.8,39.2,30.359999
-27.398611,26.614722,21-10-2015,218.2,19.8,33.59
-30.336111,27.359444,21-10-2015,201.5,13.4,31.58
-29.615556,27.065278,21-10-2015,208.7,11.700000000000001,32.219997
-34.250556,20.9925,21-10-2015,180.8,14.0,29.32
-33.38056,19.30167,21-10-2015,196.40001,13.3,29.369999
-33.08883333,19.21878333,21-10-2015,200.1,11.0,28.91
-27.4,26.624722,21-10-2015,218.2,19.8,33.59
-28.75,30.442778,22-10-2015,181.40001,15.600000000000001,33.11
-29.161667,30.629722,22-10-2015,155.0,17.6,28.789999
-27.02314,28.59389,22-10-2015,185.5,33.800000000000004,30.33
-27.4275,28.525833,22-10-2015,186.1,29.900000000000002,30.179998
-27.3,28.586944,22-10-2015,185.6,31.1,30.24
-31.000833,26.353056,22-10-2015,208.7,7.9,31.769999
-30.679722,26.7125,22-10-2015,211.40001,9.9,32.93
-33.7075,18.97444444,22-10-2015,203.1,17.5,31.14
-29.744167,29.905833,23-10-2015,161.0,26.900000000000002,29.539999
-27.573056,24.746389,23-10-2015,235.0,14.0,36.17
-27.902778,24.615556,23-10-2015,230.90001,11.600000000000001,36.51
-29.658056,25.973333,23-10-2015,217.1,6.9,33.42
-25.99136,27.84208,26-10-2015,187.6,46.0,31.01
-26.45,28.085833,26-10-2015,186.7,38.7,30.5
-31.554722,29.245556,26-10-2015,145.2,29.700000000000003,27.93
-33.501667,21.624167,26-10-2015,189.6,9.0,29.73
-25.73411,27.21422,27-10-2015,194.2,47.300000000000004,32.07
-27.363611,31.783333,27-10-2015,170.5,16.8,33.2
-26.970278,27.211111,27-10-2015,199.8,28.6,32.09
-26.880278,26.965,27-10-2015,201.8,28.6,32.53
-31.104278,29.399722,27-10-2015,154.2,28.0,29.029999
-33.31388889,19.07472222,27-10-2015,207.5,12.9,31.99
-25.45963889,28.26430556,27-10-2015,192.90001,49.300000000000004,32.93
-28.760833,17.730278,28-10-2015,248.2,0.1,37.53
-29.161667,23.696389,28-10-2015,232.1,4.3,37.1
-28.7115,24.07288889,28-10-2015,231.5,6.7,36.8
-27.01011111,26.69808333,28-10-2015,210.0,25.5,32.84
-29.641944,30.6875,28-10-2015,158.7,16.8,30.349998
-27.00222,28.76528,28-10-2015,183.40001,34.300000000000004,30.07
-26.648056,27.089444,28-10-2015,197.3,32.9,31.9
-26.98472222,26.63227778,28-10-2015,207.8,26.200000000000003,32.93
-29.651389,22.746389,28-10-2015,248.3,2.1,37.05
-29.1825,23.575556,28-10-2015,236.40001,3.9000000000000004,37.02
-34.405833,19.600556,28-10-2015,163.0,17.0,26.47
-33.13083,18.86278,28-10-2015,209.90001,10.700000000000001,32.559998
-25.81048333,27.90955222,29-10-2015,191.90001,46.800000000000004,31.99
-30.570833,29.150556,29-10-2015,159.7,25.5,27.92
-30.77586667,29.03221667,29-10-2015,162.90001,25.700000000000003,29.39
-34.329722,18.990278,29-10-2015,166.40001,18.900000000000002,25.51
-32.94583,18.33667,29-10-2015,198.90001,7.2,29.56
-30.568333,29.422778,30-10-2015,157.8,25.400000000000002,28.07
-31.031389,28.883333,30-10-2015,161.1,26.6,29.039999
-30.86013889,29.07125,30-10-2015,161.8,25.700000000000003,29.439999
-29.987778,29.851667,01-11-2015,155.3,28.3,28.689999
-29.7775,29.470833,02-11-2015,157.8,30.400000000000002,27.56
-29.987778,29.851667,02-11-2015,155.3,28.3,28.689999
-25.127778,27.628889,03-11-2015,203.40001,48.400000000000006,34.579998
-25.20639,27.558,03-11-2015,204.40001,48.2,34.52
-30.733889,29.828333,03-11-2015,151.7,29.6,28.769999
-34.031944,22.053333,03-11-2015,162.7,12.200000000000001,27.359999
-27.937778,31.209444,04-11-2015,170.90001,15.4,31.42
-28.404444,30.013056,04-11-2015,181.5,15.8,31.949999
-30.398056,30.601944,04-11-2015,155.2,30.8,29.64
-29.615556,27.065278,04-11-2015,208.7,11.700000000000001,32.219997
-34.005833,22.351111,04-11-2015,156.5,14.4,26.23
-28.058889,30.373611,04-11-2015,176.40001,22.8,30.81
-22.91028,29.61111,05-11-2015,179.1,44.0,33.36
-27.5275,30.858056,05-11-2015,166.3,29.900000000000002,29.97
-30.13573889,30.67422222,05-11-2015,156.6,25.700000000000003,29.98
-29.744167,29.905833,06-11-2015,161.0,26.900000000000002,29.539999
-27.573056,24.746389,06-11-2015,235.0,14.0,36.17
-27.902778,24.615556,06-11-2015,230.90001,11.600000000000001,36.51
-29.803611,30.516111,06-11-2015,152.7,22.400000000000002,29.349998
-25.99136,27.84208,09-11-2015,187.6,46.0,31.01
-29.380556,30.2775,09-11-2015,152.7,20.1,28.42
-26.73806,27.59194,09-11-2015,193.3,33.9,31.109999
-29.160278,26.573333,09-11-2015,220.1,10.0,33.69
-29.651389,22.746389,09-11-2015,248.3,2.1,37.05
-28.747778,31.745833,10-11-2015,171.40001,104.7,32.66
-28.141944,26.417778,10-11-2015,220.40001,13.3,33.989998
-27.671111,27.236944,10-11-2015,209.5,19.0,32.93
-28.69485,28.23487,10-11-2015,186.40001,18.1,29.46
-29.615556,27.065278,10-11-2015,208.7,11.700000000000001,32.219997
-28.883333,27.89,10-11-2015,190.6,16.7,30.16
-31.394444,20.947222,10-11-2015,238.6,5.300000000000001,33.77
-25.45963889,28.26430556,10-11-2015,192.90001,49.300000000000004,32.93
-25.81048333,27.90955222,11-11-2015,191.90001,46.800000000000004,31.99
-29.140556,31.391944,11-11-2015,161.8,112.30000000000001,31.13
-28.801278,31.955389,11-11-2015,169.6,67.5,31.99
-27.00222,28.76528,11-11-2015,183.40001,34.300000000000004,30.07
-26.970278,27.211111,11-11-2015,199.8,28.6,32.09
-26.880278,26.965,11-11-2015,201.8,28.6,32.53
-27.273889,28.49,11-11-2015,186.7,31.1,30.269999
-27.38972222,26.46388889,11-11-2015,219.6,19.5,33.79
-27.398611,26.614722,11-11-2015,218.2,19.8,33.59
-30.336111,27.359444,11-11-2015,201.5,13.4,31.58
-27.4,26.624722,11-11-2015,218.2,19.8,33.59
-27.01011111,26.69808333,12-11-2015,210.0,25.5,32.84
-30.830556,26.921389,12-11-2015,205.40001,11.100000000000001,32.04
-23.658056,31.05,12-11-2015,177.1,36.1,34.719997
-26.648056,27.089444,12-11-2015,197.3,32.9,31.9
-26.98472222,26.63227778,12-11-2015,207.8,26.200000000000003,32.93
-27.935,26.126667,12-11-2015,222.8,12.9,34.219997
-28.1175,26.719444,12-11-2015,216.3,13.9,33.579998
-31.000833,26.353056,12-11-2015,208.7,7.9,31.769999
-30.679722,26.7125,12-11-2015,211.40001,9.9,32.93
-26.619444,27.980833,16-11-2015,190.0,36.6,30.92
-24.679167,30.8025,17-11-2015,162.7,68.60000000000001,29.26
-25.127778,27.628889,17-11-2015,203.40001,48.400000000000006,34.579998
-25.20639,27.558,17-11-2015,204.40001,48.2,34.52
-24.99328,30.81444,17-11-2015,149.90001,64.60000000000001,27.31
-27.169444,29.233889,17-11-2015,177.0,34.4,29.41
-26.510278,28.351389,17-11-2015,183.8,39.2,30.359999
-27.273889,28.49,17-11-2015,186.7,31.1,30.269999
-27.3,28.586944,17-11-2015,185.6,31.1,30.24
-27.671111,27.236944,17-11-2015,209.5,19.0,32.93
-34.092222,21.295278,17-11-2015,173.5,13.100000000000001,29.34
-33.501667,21.624167,17-11-2015,189.6,9.0,29.73
-28.338333,31.373611,17-11-2015,164.90001,37.0,31.349998
-24.670833,28.560833,18-11-2015,187.5,59.1,32.86
-25.73411,27.21422,18-11-2015,194.2,47.300000000000004,32.07
-24.058889,31.237222,18-11-2015,174.1,42.0,34.55
-24.034167,31.123611,18-11-2015,173.90001,44.300000000000004,34.01
-27.602222,29.942778,18-11-2015,185.90001,35.0,31.789999
-27.02314,28.59389,18-11-2015,185.5,33.800000000000004,30.33
-27.4275,28.525833,18-11-2015,186.1,29.900000000000002,30.179998
-27.802778,28.768333,18-11-2015,181.8,27.900000000000002,29.769999
-27.398611,26.614722,18-11-2015,218.2,19.8,33.59
-34.250556,20.9925,18-11-2015,180.8,14.0,29.32
-27.4,26.624722,18-11-2015,218.2,19.8,33.59
-24.183889,30.823889,19-11-2015,173.7,45.5,34.07
-28.75,30.442778,19-11-2015,181.40001,15.600000000000001,33.11
-29.161667,30.629722,19-11-2015,155.0,17.6,28.789999
-27.3,28.586944,19-11-2015,185.6,31.1,30.24
-29.744167,29.905833,20-11-2015,161.0,26.900000000000002,29.539999
-27.573056,24.746389,20-11-2015,235.0,14.0,36.17
-27.902778,24.615556,20-11-2015,230.90001,11.600000000000001,36.51
-25.99136,27.84208,23-11-2015,187.6,46.0,31.01
-26.73806,27.59194,23-11-2015,193.3,33.9,31.109999
-26.45,28.085833,23-11-2015,186.7,38.7,30.5
-31.554722,29.245556,23-11-2015,145.2,29.700000000000003,27.93
-32.502778,19.535833,23-11-2015,234.0,5.0,34.0
-25.447222,30.711667,23-11-2015,167.0,48.800000000000004,30.82
-29.641944,30.6875,24-11-2015,158.7,16.8,30.349998
-25.681111,31.783333,24-11-2015,165.1,31.700000000000003,32.89
-25.67386,31.57527,24-11-2015,171.40001,33.800000000000004,33.559998
-25.513889,31.224444,24-11-2015,166.3,43.7,31.21
-26.861111,28.884722,24-11-2015,182.40001,35.800000000000004,29.83
-26.970278,27.211111,24-11-2015,199.8,28.6,32.09
-26.880278,26.965,24-11-2015,201.8,28.6,32.53
-31.104278,29.399722,24-11-2015,154.2,28.0,29.029999
-31.396,29.2651,24-11-2015,155.7,27.8,29.199999
-33.818056,19.694722,24-11-2015,202.7,13.100000000000001,31.279999
-34.075556,20.145556,24-11-2015,182.5,12.700000000000001,30.89
-32.595833,19.009444,24-11-2015,221.2,6.6000000000000005,33.96
-25.45963889,28.26430556,24-11-2015,192.90001,49.300000000000004,32.93
-27.01011111,26.69808333,25-11-2015,210.0,25.5,32.84
-25.81048333,27.90955222,25-11-2015,191.90001,46.800000000000004,31.99
-25.436111,31.982222,25-11-2015,164.6,29.3,33.91
-25.362222,31.956667,25-11-2015,162.1,29.6,33.3
-25.398889,31.610556,25-11-2015,162.90001,34.300000000000004,32.63
-25.14944444,31.94055556,25-11-2015,162.40001,30.700000000000003,33.19
-27.00222,28.76528,25-11-2015,183.40001,34.300000000000004,30.07
-26.648056,27.089444,25-11-2015,197.3,32.9,31.9
-27.273889,28.49,25-11-2015,186.7,31.1,30.269999
-26.98472222,26.63227778,25-11-2015,207.8,26.200000000000003,32.93
-30.568333,29.422778,25-11-2015,157.8,25.400000000000002,28.07
-30.570833,29.150556,25-11-2015,159.7,25.5,27.92
-33.38056,19.30167,25-11-2015,196.40001,13.3,29.369999
-30.86013889,29.07125,26-11-2015,161.8,25.700000000000003,29.439999
-30.77586667,29.03221667,26-11-2015,162.90001,25.700000000000003,29.39
-33.7075,18.97444444,26-11-2015,203.1,17.5,31.14
-31.031389,28.883333,27-11-2015,161.1,26.6,29.039999
-29.7775,29.470833,30-11-2015,157.8,30.400000000000002,27.56
-34.065833,20.404167,01-12-2015,177.6,11.8,31.42
-25.127778,27.628889,01-12-2015,203.40001,48.400000000000006,34.579998
-25.20639,27.558,01-12-2015,204.40001,48.2,34.52
-28.404444,30.013056,01-12-2015,181.5,15.8,31.949999
-30.733889,29.828333,01-12-2015,151.7,29.6,28.769999
-27.398611,26.614722,01-12-2015,218.2,19.8,33.59
-34.031944,22.053333,01-12-2015,162.7,12.200000000000001,27.359999
-34.039722,22.133333,01-12-2015,161.8,12.4,27.189999
-33.31388889,19.07472222,01-12-2015,207.5,12.9,31.99
-29.161667,23.696389,02-12-2015,232.1,4.3,37.1
-25.73411,27.21422,02-12-2015,194.2,47.300000000000004,32.07
-27.5275,30.858056,02-12-2015,166.3,29.900000000000002,29.97
-30.398056,30.601944,02-12-2015,155.2,30.8,29.64
-27.671111,27.236944,02-12-2015,209.5,19.0,32.93
-31.436944,20.474722,02-12-2015,235.8,5.1000000000000005,33.149998
-34.02861,22.22222,02-12-2015,159.2,13.3,26.75
-34.405833,19.600556,02-12-2015,163.0,17.0,26.47
-33.13083,18.86278,02-12-2015,209.90001,10.700000000000001,32.559998
-34.005833,22.351111,02-12-2015,156.5,14.4,26.23
-28.058889,30.373611,02-12-2015,176.40001,22.8,30.81
-23.658056,31.05,03-12-2015,177.1,36.1,34.719997
-34.329722,18.990278,03-12-2015,166.40001,18.900000000000002,25.51
-29.803611,30.516111,03-12-2015,152.7,22.400000000000002,29.349998
-29.744167,29.905833,04-12-2015,161.0,26.900000000000002,29.539999
-27.935,26.126667,04-12-2015,222.8,12.9,34.219997
-27.902778,24.615556,04-12-2015,230.90001,11.600000000000001,36.51
-28.058889,30.373611,05-12-2015,176.40001,22.8,30.81
-24.058889,31.237222,06-12-2015,174.1,42.0,34.55
-25.99136,27.84208,07-12-2015,187.6,46.0,31.01
-29.380556,30.2775,07-12-2015,152.7,20.1,28.42
-26.73806,27.59194,07-12-2015,193.3,33.9,31.109999
-26.45,28.085833,07-12-2015,186.7,38.7,30.5
-29.160278,26.573333,07-12-2015,220.1,10.0,33.69
-29.140556,31.391944,08-12-2015,161.8,112.30000000000001,31.13
-26.861111,28.884722,08-12-2015,182.40001,35.800000000000004,29.83
-26.970278,27.211111,08-12-2015,199.8,28.6,32.09
-26.880278,26.965,08-12-2015,201.8,28.6,32.53
-28.69485,28.23487,08-12-2015,186.40001,18.1,29.46
-29.615556,27.065278,08-12-2015,208.7,11.700000000000001,32.219997
-28.883333,27.89,08-12-2015,190.6,16.7,30.16
-33.501667,21.624167,08-12-2015,189.6,9.0,29.73
-25.45963889,28.26430556,08-12-2015,192.90001,49.300000000000004,32.93
-27.01011111,26.69808333,09-12-2015,210.0,25.5,32.84
-25.81048333,27.90955222,09-12-2015,191.90001,46.800000000000004,31.99
-24.670833,28.560833,09-12-2015,187.5,59.1,32.86
-22.91028,29.61111,09-12-2015,179.1,44.0,33.36
-28.747778,31.745833,09-12-2015,171.40001,104.7,32.66
-26.98472222,26.63227778,09-12-2015,207.8,26.200000000000003,32.93
-27.671111,27.236944,09-12-2015,209.5,19.0,32.93
-30.336111,27.359444,09-12-2015,201.5,13.4,31.58
-34.092222,21.295278,09-12-2015,173.5,13.100000000000001,29.34
-29.641944,30.6875,10-12-2015,158.7,16.8,30.349998
-22.769722,30.886944,10-12-2015,183.1,46.6,34.85
-28.801278,31.955389,10-12-2015,169.6,67.5,31.99
-27.38972222,26.46388889,10-12-2015,219.6,19.5,33.79
-27.935,26.126667,10-12-2015,222.8,12.9,34.219997
-33.897778,20.012778,12-01-2012,193.5,11.0,30.769999
-33.897778,20.012778,01-03-2012,193.5,11.0,30.769999
-27.398611,26.614722,10-12-2015,218.2,19.8,33.59
-30.679722,26.7125,10-12-2015,211.40001,9.9,32.93
-33.897778,20.012778,19-06-2012,193.5,11.0,30.769999
-27.4,26.624722,10-12-2015,218.2,19.8,33.59
-34.250556,20.9925,11-12-2015,180.8,14.0,29.32
-28.735556,29.820556,14-12-2015,180.3,15.8,32.219997
-33.897778,20.012778,18-01-2013,197.3,8.200000000000001,30.57
-26.619444,27.980833,14-12-2015,190.0,36.6,30.92
-24.679167,30.8025,15-12-2015,162.7,68.60000000000001,29.26
-27.169444,29.233889,15-12-2015,177.0,34.4,29.41
-26.510278,28.351389,15-12-2015,183.8,39.2,30.359999
-27.671111,27.236944,15-12-2015,209.5,19.0,32.93
-29.161667,23.696389,16-12-2015,232.1,4.3,37.1
-25.127778,27.628889,16-12-2015,203.40001,48.400000000000006,34.579998
-25.20639,27.558,16-12-2015,204.40001,48.2,34.52
-27.602222,29.942778,16-12-2015,185.90001,35.0,31.789999
-27.00222,28.76528,16-12-2015,183.40001,34.300000000000004,30.07
-27.02314,28.59389,16-12-2015,185.5,33.800000000000004,30.33
-27.273889,28.49,16-12-2015,186.7,31.1,30.269999
-27.4275,28.525833,16-12-2015,186.1,29.900000000000002,30.179998
-27.3,28.586944,16-12-2015,185.6,31.1,30.24
-33.897778,20.012778,26-02-2015,195.6,11.4,31.66
-27.398611,26.614722,16-12-2015,218.2,19.8,33.59
-29.033333,23.983333,16-12-2015,230.7,5.5,36.78
-33.897778,20.012778,21-05-2015,195.6,11.4,31.66
-33.897778,20.012778,27-08-2015,195.6,11.4,31.66
-33.897778,20.012778,29-10-2015,195.6,11.4,31.66
-33.897778,20.012778,03-12-2015,195.6,11.4,31.66
-27.4,26.624722,16-12-2015,218.2,19.8,33.59
-24.183889,30.823889,17-12-2015,173.7,45.5,34.07
-29.161667,30.629722,17-12-2015,155.0,17.6,28.789999
-27.802778,28.768333,17-12-2015,181.8,27.900000000000002,29.769999
-29.744167,29.905833,18-12-2015,161.0,26.900000000000002,29.539999
-27.902778,24.615556,18-12-2015,230.90001,11.600000000000001,36.51
-25.99136,27.84208,21-12-2015,187.6,46.0,31.01
-26.73806,27.59194,21-12-2015,193.3,33.9,31.109999
-26.45,28.085833,21-12-2015,186.7,38.7,30.5
-28.404444,30.013056,22-12-2015,181.5,15.8,31.949999
-27.00222,28.76528,22-12-2015,183.40001,34.300000000000004,30.07
-26.970278,27.211111,22-12-2015,199.8,28.6,32.09
-26.880278,26.965,22-12-2015,201.8,28.6,32.53
-27.273889,28.49,22-12-2015,186.7,31.1,30.269999
-25.45963889,28.26430556,22-12-2015,192.90001,49.300000000000004,32.93
-27.01011111,26.69808333,23-12-2015,210.0,25.5,32.84
-25.81048333,27.90955222,23-12-2015,191.90001,46.800000000000004,31.99
-27.5275,30.858056,23-12-2015,166.3,29.900000000000002,29.97
-26.861111,28.884722,23-12-2015,182.40001,35.800000000000004,29.83
-26.98472222,26.63227778,23-12-2015,207.8,26.200000000000003,32.93
-27.935,26.126667,23-12-2015,222.8,12.9,34.219997
-29.744167,29.905833,31-12-2015,161.0,26.900000000000002,29.539999
